iso3c,country,year,gdp_pc_current_usd,health_exp_pct_gdp,htn_prevalence_pct,htn_treatment_pct,country_id,year_c,log_gdp,log_gdp_z,health_exp_z,year_z,htn_prev_z,htn_treat_z,post_htn_prevalence_pct,post_htn_treatment_pct,cf_htn_treatment_pct_plus20
ARG,Argentina,2015,10315.86,9.49,45.9,49.9,0,-2.5,9.241437795757538,-0.08214040744418769,0.6608784521785533,-1.212678125181665,1.6758182507131492,0.21900450230486593,46.03908576393111,47.40736545311187,67.40736545311188
ARG,Argentina,2015,10315.86,9.49,45.9,41.8,0,-2.5,9.241437795757538,-0.08214040744418769,0.6608784521785533,-1.212678125181665,1.6758182507131492,-0.2802271492906539,46.04660574689209,41.74655068946312,61.74655068946312
ARG,Argentina,2015,10315.86,9.49,45.9,35.0,0,-2.5,9.241437795757538,-0.08214040744418769,0.6608784521785533,-1.212678125181665,1.6758182507131492,-0.6993352024819542,46.00279173353785,36.96238113022421,56.96238113022421
ARG,Argentina,2015,10315.86,9.49,51.7,49.9,0,-2.5,9.241437795757538,-0.08214040744418769,0.6608784521785533,-1.212678125181665,2.471692413124002,0.21900450230486593,50.10393401454527,47.49008355167472,67.49008355167473
ARG,Argentina,2015,10315.86,9.49,51.7,41.8,0,-2.5,9.241437795757538,-0.08214040744418769,0.6608784521785533,-1.212678125181665,2.471692413124002,-0.2802271492906539,50.08357102437215,41.827473657686575,61.827473657686575
ARG,Argentina,2015,10315.86,9.49,51.7,35.0,0,-2.5,9.241437795757538,-0.08214040744418769,0.6608784521785533,-1.212678125181665,2.471692413124002,-0.6993352024819542,50.0790160542821,37.07589364166907,57.07589364166907
ARG,Argentina,2015,10315.86,9.49,40.4,49.9,0,-2.5,9.241437795757538,-0.08214040744418769,0.6608784521785533,-1.212678125181665,0.9211099932545824,0.21900450230486593,42.182598564944314,47.32571472193166,67.32571472193166
ARG,Argentina,2015,10315.86,9.49,40.4,41.8,0,-2.5,9.241437795757538,-0.08214040744418769,0.6608784521785533,-1.212678125181665,0.9211099932545824,-0.2802271492906539,42.19788171931975,41.62391375288757,61.62391375288757
ARG,Argentina,2015,10315.86,9.49,40.4,35.0,0,-2.5,9.241437795757538,-0.08214040744418769,0.6608784521785533,-1.212678125181665,0.9211099932545824,-0.6993352024819542,42.1825029911006,36.848967965470756,56.848967965470756
ARG,Argentina,2016,10165.88,9.37,40.6,49.5,0,-1.5,9.226792293884454,-0.09464697873891745,0.6242120974216103,-0.7276068751089989,0.9485539298894398,0.19435108741126012,42.282889993115674,47.021763629332256,67.02176362933226
ARG,Argentina,2016,10165.88,9.37,40.6,41.7,0,-1.5,9.226792293884454,-0.09464697873891745,0.6242120974216103,-0.7276068751089989,0.9485539298894398,-0.286390503014055,42.307151207082306,41.611223040135535,61.611223040135535
ARG,Argentina,2016,10165.88,9.37,40.6,35.1,0,-1.5,9.226792293884454,-0.09464697873891745,0.6242120974216103,-0.7276068751089989,0.9485539298894398,-0.6931718487585526,42.279768290298165,36.98681453023906,56.98681453023906
ARG,Argentina,2016,10165.88,9.37,46.3,49.5,0,-1.5,9.226792293884454,-0.09464697873891745,0.6242120974216103,-0.7276068751089989,1.730706123982863,0.19435108741126012,46.265222867271376,47.16561511164775,67.16561511164775
ARG,Argentina,2016,10165.88,9.37,46.3,41.7,0,-1.5,9.226792293884454,-0.09464697873891745,0.6242120974216103,-0.7276068751089989,1.730706123982863,-0.286390503014055,46.25025819779023,41.71284830269725,61.71284830269725
ARG,Argentina,2016,10165.88,9.37,46.3,35.1,0,-1.5,9.226792293884454,-0.09464697873891745,0.6242120974216103,-0.7276068751089989,1.730706123982863,-0.6931718487585526,46.274496576068685,37.09578046363712,57.09578046363712
ARG,Argentina,2016,10165.88,9.37,52.3,49.5,0,-1.5,9.226792293884454,-0.09464697873891745,0.6242120974216103,-0.7276068751089989,2.554024223028572,0.19435108741126012,50.47667699631071,47.26396908031956,67.26396908031955
ARG,Argentina,2016,10165.88,9.37,52.3,41.7,0,-1.5,9.226792293884454,-0.09464697873891745,0.6242120974216103,-0.7276068751089989,2.554024223028572,-0.286390503014055,50.4929443150339,41.78689072597846,61.78689072597846
ARG,Argentina,2016,10165.88,9.37,52.3,35.1,0,-1.5,9.226792293884454,-0.09464697873891745,0.6242120974216103,-0.7276068751089989,2.554024223028572,-0.6931718487585526,50.47275946023916,37.15762303291272,57.15762303291272
ARG,Argentina,2017,11017.14,9.4,46.7,41.5,0,-0.5,9.30720752089298,-0.025976148713460972,0.6333786861108464,-0.24253562503633297,1.7855939972525776,-0.29871721046085814,46.48632752956467,41.876023929900505,61.876023929900505
ARG,Argentina,2017,11017.14,9.4,46.7,35.2,0,-0.5,9.30720752089298,-0.025976148713460972,0.6333786861108464,-0.24253562503633297,1.7855939972525776,-0.6870084950351512,46.46753526558284,37.44142588157009,57.44142588157009
ARG,Argentina,2017,11017.14,9.4,46.7,49.1,0,-0.5,9.30720752089298,-0.025976148713460972,0.6333786861108464,-0.24253562503633297,1.7855939972525776,0.16969767251765427,46.488795757994524,47.16990080548399,67.16990080548399
ARG,Argentina,2017,11017.14,9.4,52.8,41.5,0,-0.5,9.30720752089298,-0.025976148713460972,0.6333786861108464,-0.24253562503633297,2.6226340646157147,-0.29871721046085814,50.758294931193305,41.98977137918164,61.98977137918164
ARG,Argentina,2017,11017.14,9.4,52.8,35.2,0,-0.5,9.30720752089298,-0.025976148713460972,0.6333786861108464,-0.24253562503633297,2.6226340646157147,-0.6870084950351512,50.71610818230178,37.576408111969734,57.576408111969734
ARG,Argentina,2017,11017.14,9.4,52.8,49.1,0,-0.5,9.30720752089298,-0.025976148713460972,0.6333786861108464,-0.24253562503633297,2.6226340646157147,0.16969767251765427,50.77775562614249,47.29146448462134,67.29146448462134
ARG,Argentina,2017,11017.14,9.4,40.8,41.5,0,-0.5,9.30720752089298,-0.025976148713460972,0.6333786861108464,-0.24253562503633297,0.9759978665242962,-0.29871721046085814,42.36669390951737,41.76250955090617,61.76250955090617
ARG,Argentina,2017,11017.14,9.4,40.8,35.2,0,-0.5,9.30720752089298,-0.025976148713460972,0.6333786861108464,-0.24253562503633297,0.9759978665242962,-0.6870084950351512,42.34955932291281,37.37079021698542,57.37079021698542
ARG,Argentina,2017,11017.14,9.4,40.8,49.1,0,-0.5,9.30720752089298,-0.025976148713460972,0.6333786861108464,-0.24253562503633297,0.9759978665242962,0.16969767251765427,42.35344669496993,47.10327539621678,67.10327539621679
ARG,Argentina,2018,10374.68,9.71,53.4,41.3,0,0.5,9.247123501249739,-0.0772850817806991,0.7281001025662819,0.24253562503633297,2.7049658745202856,-0.3110439179076613,51.179811228295144,41.8405259750772,61.8405259750772
ARG,Argentina,2018,10374.68,9.71,53.4,35.2,0,0.5,9.247123501249739,-0.0772850817806991,0.7281001025662819,0.24253562503633297,2.7049658745202856,-0.6870084950351512,51.186540876411044,37.592589967374664,57.592589967374664
ARG,Argentina,2018,10374.68,9.71,53.4,48.6,0,0.5,9.247123501249739,-0.0772850817806991,0.7281001025662819,0.24253562503633297,2.7049658745202856,0.1388809039006469,51.188524683938745,46.96647721514439,66.96647721514438
ARG,Argentina,2018,10374.68,9.71,41.0,41.3,0,0.5,9.247123501249739,-0.0772850817806991,0.7281001025662819,0.24253562503633297,1.0034418031591534,-0.3110439179076613,42.503880310966785,41.64173747332268,61.64173747332268
ARG,Argentina,2018,10374.68,9.71,41.0,35.2,0,0.5,9.247123501249739,-0.0772850817806991,0.7281001025662819,0.24253562503633297,1.0034418031591534,-0.6870084950351512,42.49824823599054,37.38243450302825,57.38243450302825
ARG,Argentina,2018,10374.68,9.71,41.0,48.6,0,0.5,9.247123501249739,-0.0772850817806991,0.7281001025662819,0.24253562503633297,1.0034418031591534,0.1388809039006469,42.50572030179235,46.799093937473906,66.79909393747391
ARG,Argentina,2018,10374.68,9.71,47.1,41.3,0,0.5,9.247123501249739,-0.0772850817806991,0.7281001025662819,0.24253562503633297,1.8404818705222914,-0.3110439179076613,46.75716518049402,41.76042897457079,61.76042897457079
ARG,Argentina,2018,10374.68,9.71,47.1,35.2,0,0.5,9.247123501249739,-0.0772850817806991,0.7281001025662819,0.24253562503633297,1.8404818705222914,-0.6870084950351512,46.7972975740747,37.45689854867711,57.45689854867711
ARG,Argentina,2018,10374.68,9.71,47.1,48.6,0,0.5,9.247123501249739,-0.0772850817806991,0.7281001025662819,0.24253562503633297,1.8404818705222914,0.1388809039006469,46.766045767885124,46.86457010151949,66.86457010151949
ARG,Argentina,2019,11250.06,9.43,54.0,48.1,0,1.5,9.328128740951676,-0.008110408604021664,0.6425452748000818,0.7276068751089989,2.7872976844248565,0.1080641352836395,51.54545565786754,46.86159465218631,66.86159465218631
ARG,Argentina,2019,11250.06,9.43,54.0,41.0,0,1.5,9.328128740951676,-0.008110408604021664,0.6425452748000818,0.7276068751089989,2.7872976844248565,-0.3295339790778655,51.508466625375746,41.874106474762606,61.874106474762606
ARG,Argentina,2019,11250.06,9.43,54.0,35.3,0,1.5,9.328128740951676,-0.008110408604021664,0.6425452748000818,0.7276068751089989,2.7872976844248565,-0.68084514131175,51.492065359358214,37.88470170529544,57.88470170529544
ARG,Argentina,2019,11250.06,9.43,47.5,48.1,0,1.5,9.328128740951676,-0.008110408604021664,0.6425452748000818,0.7276068751089989,1.8953697437920052,0.1080641352836395,46.96747521321832,46.751449198297124,66.75144919829712
ARG,Argentina,2019,11250.06,9.43,47.5,41.0,0,1.5,9.328128740951676,-0.008110408604021664,0.6425452748000818,0.7276068751089989,1.8953697437920052,-0.3295339790778655,46.96223812324159,41.772801440885374,61.772801440885374
ARG,Argentina,2019,11250.06,9.43,47.5,35.3,0,1.5,9.328128740951676,-0.008110408604021664,0.6425452748000818,0.7276068751089989,1.8953697437920052,-0.68084514131175,46.956190135246636,37.79005181917109,57.79005181917109
ARG,Argentina,2019,11250.06,9.43,41.2,48.1,0,1.5,9.328128740951676,-0.008110408604021664,0.6425452748000818,0.7276068751089989,1.030885739794011,0.1080641352836395,42.5565161685724,46.660851191505664,66.66085119150566
ARG,Argentina,2019,11250.06,9.43,41.2,41.0,0,1.5,9.328128740951676,-0.008110408604021664,0.6425452748000818,0.7276068751089989,1.030885739794011,-0.3295339790778655,42.53808236222393,41.67055954939347,61.67055954939347
ARG,Argentina,2019,11250.06,9.43,41.2,35.3,0,1.5,9.328128740951676,-0.008110408604021664,0.6425452748000818,0.7276068751089989,1.030885739794011,-0.68084514131175,42.55570201664944,37.675341778395065,57.675341778395065
AUS,Australia,2015,53874.15,9.42,26.2,55.7,1,-2.5,10.894406050019406,1.3294169088568304,0.6394897452370033,-1.212678125181665,-1.0274095078202625,0.576479018262152,27.252032547624424,53.9833348624305,73.9833348624305
AUS,Australia,2015,53874.15,9.42,26.2,48.4,1,-2.5,10.894406050019406,1.3294169088568304,0.6394897452370033,-1.212678125181665,-1.0274095078202625,0.12655419645384378,27.267845704419436,48.879654069567735,68.87965406956774
AUS,Australia,2015,53874.15,9.42,26.2,51.7,1,-2.5,10.894406050019406,1.3294169088568304,0.6394897452370033,-1.212678125181665,-1.0274095078202625,0.3299448693260928,27.251202670968066,51.17575531077942,71.17575531077942
AUS,Australia,2015,53874.15,9.42,32.4,55.7,1,-2.5,10.894406050019406,1.3294169088568304,0.6394897452370033,-1.212678125181665,-0.17664747213969645,0.576479018262152,31.615290613465685,54.07844451696146,74.07844451696147
AUS,Australia,2015,53874.15,9.42,32.4,48.4,1,-2.5,10.894406050019406,1.3294169088568304,0.6394897452370033,-1.212678125181665,-0.17664747213969645,0.12655419645384378,31.59263668915727,48.97899155373855,68.97899155373855
AUS,Australia,2015,53874.15,9.42,32.4,51.7,1,-2.5,10.894406050019406,1.3294169088568304,0.6394897452370033,-1.212678125181665,-0.17664747213969645,0.3299448693260928,31.577718280330746,51.27447094374226,71.27447094374226
AUS,Australia,2015,53874.15,9.42,29.3,55.7,1,-2.5,10.894406050019406,1.3294169088568304,0.6394897452370033,-1.212678125181665,-0.6020284899799793,0.576479018262152,29.408519273382797,54.03615405692562,74.03615405692562
AUS,Australia,2015,53874.15,9.42,29.3,48.4,1,-2.5,10.894406050019406,1.3294169088568304,0.6394897452370033,-1.212678125181665,-0.6020284899799793,0.12655419645384378,29.42273009054585,48.90111144960579,68.90111144960579
AUS,Australia,2015,53874.15,9.42,29.3,51.7,1,-2.5,10.894406050019406,1.3294169088568304,0.6394897452370033,-1.212678125181665,-0.6020284899799793,0.3299448693260928,29.433240632261512,51.19006659149289,71.1900665914929
AUS,Australia,2016,55425.33,9.54,26.2,54.3,1,-1.5,10.922791988458668,1.353657168148382,0.6761560999939458,-0.7276068751089989,-1.0274095078202625,0.4901920661345309,27.19055963828593,53.178525968248216,73.17852596824821
AUS,Australia,2016,55425.33,9.54,26.2,50.9,1,-1.5,10.922791988458668,1.353657168148382,0.6761560999939458,-0.7276068751089989,-1.0274095078202625,0.2806380395388807,27.226063692189392,50.805073207729656,70.80507320772966
AUS,Australia,2016,55425.33,9.54,26.2,48.1,1,-1.5,10.922791988458668,1.353657168148382,0.6761560999939458,-0.7276068751089989,-1.0274095078202625,0.1080641352836395,27.204238648528943,48.86612314317322,68.86612314317321
AUS,Australia,2016,55425.33,9.54,32.4,54.3,1,-1.5,10.922791988458668,1.353657168148382,0.6761560999939458,-0.7276068751089989,-0.17664747213969645,0.4901920661345309,31.54590516041184,53.26892003910277,73.26892003910277
AUS,Australia,2016,55425.33,9.54,32.4,50.9,1,-1.5,10.922791988458668,1.353657168148382,0.6761560999939458,-0.7276068751089989,-0.17664747213969645,0.2806380395388807,31.5773682942814,50.93360218183198,70.93360218183199
AUS,Australia,2016,55425.33,9.54,32.4,48.1,1,-1.5,10.922791988458668,1.353657168148382,0.6761560999939458,-0.7276068751089989,-0.17664747213969645,0.1080641352836395,31.519700728256712,48.937493104605906,68.9374931046059
AUS,Australia,2016,55425.33,9.54,29.3,54.3,1,-1.5,10.922791988458668,1.353657168148382,0.6761560999939458,-0.7276068751089989,-0.6020284899799793,0.4901920661345309,29.387293551949806,53.26264535067949,73.26264535067949
AUS,Australia,2016,55425.33,9.54,29.3,50.9,1,-1.5,10.922791988458668,1.353657168148382,0.6761560999939458,-0.7276068751089989,-0.6020284899799793,0.2806380395388807,29.385543183322536,50.85198914679214,70.85198914679214
AUS,Australia,2016,55425.33,9.54,29.3,48.1,1,-1.5,10.922791988458668,1.353657168148382,0.6761560999939458,-0.7276068751089989,-0.6020284899799793,0.1080641352836395,29.398133507735313,48.8969112419635,68.8969112419635
AUS,Australia,2017,56285.29,9.45,26.2,52.7,1,-0.5,10.93818850112528,1.366805067416286,0.6486563339262388,-0.24253562503633297,-1.0274095078202625,0.3915784065601076,27.133032711163498,52.154905809040045,72.15490580904005
AUS,Australia,2017,56285.29,9.45,26.2,49.9,1,-0.5,10.93818850112528,1.366805067416286,0.6486563339262388,-0.24253562503633297,-1.0274095078202625,0.21900450230486593,27.15412503420379,50.21320910169881,70.21320910169881
AUS,Australia,2017,56285.29,9.45,26.2,47.6,1,-0.5,10.93818850112528,1.366805067416286,0.6486563339262388,-0.24253562503633297,-1.0274095078202625,0.07724736666663211,27.173567428036108,48.56896612737624,68.56896612737624
AUS,Australia,2017,56285.29,9.45,29.2,52.7,1,-0.5,10.93818850112528,1.366805067416286,0.6486563339262388,-0.24253562503633297,-0.6157504582974079,0.3915784065601076,29.27227286792368,52.2350379593004,72.2350379593004
AUS,Australia,2017,56285.29,9.45,29.2,49.9,1,-0.5,10.93818850112528,1.366805067416286,0.6486563339262388,-0.24253562503633297,-0.6157504582974079,0.21900450230486593,29.2746597821492,50.26774812444701,70.26774812444701
AUS,Australia,2017,56285.29,9.45,29.2,47.6,1,-0.5,10.93818850112528,1.366805067416286,0.6486563339262388,-0.24253562503633297,-0.6157504582974079,0.07724736666663211,29.276721639950058,48.69157919159518,68.69157919159518
AUS,Australia,2017,56285.29,9.45,32.3,52.7,1,-0.5,10.93818850112528,1.366805067416286,0.6486563339262388,-0.24253562503633297,-0.19036944045712514,0.3915784065601076,31.461619690302093,52.287289829010874,72.28728982901087
AUS,Australia,2017,56285.29,9.45,32.3,49.9,1,-0.5,10.93818850112528,1.366805067416286,0.6486563339262388,-0.24253562503633297,-0.19036944045712514,0.21900450230486593,31.457978353194527,50.29276675021077,70.29276675021077
AUS,Australia,2017,56285.29,9.45,32.3,47.6,1,-0.5,10.93818850112528,1.366805067416286,0.6486563339262388,-0.24253562503633297,-0.19036944045712514,0.07724736666663211,31.435867740960287,48.711531967885385,68.71153196788538
AUS,Australia,2018,57159.63,9.32,32.3,47.2,1,0.5,10.953603158964771,1.3799684618102859,0.6089344496062178,0.24253562503633297,-0.19036944045712514,0.05259395177302629,31.370892173695733,48.52319380424256,68.52319380424257
AUS,Australia,2018,57159.63,9.32,32.3,48.9,1,0.5,10.953603158964771,1.3799684618102859,0.6089344496062178,0.24253562503633297,-0.19036944045712514,0.15737096507085116,31.375433360951085,49.70017827739604,69.70017827739605
AUS,Australia,2018,57159.63,9.32,32.3,51.1,1,0.5,10.953603158964771,1.3799684618102859,0.6089344496062178,0.24253562503633297,-0.19036944045712514,0.29296474698568387,31.374770085588885,51.256686018123105,71.2566860181231
AUS,Australia,2018,57159.63,9.32,29.2,47.2,1,0.5,10.953603158964771,1.3799684618102859,0.6089344496062178,0.24253562503633297,-0.6157504582974079,0.05259395177302629,29.22662722021607,48.506969011577574,68.50696901157758
AUS,Australia,2018,57159.63,9.32,29.2,48.9,1,0.5,10.953603158964771,1.3799684618102859,0.6089344496062178,0.24253562503633297,-0.6157504582974079,0.15737096507085116,29.212231698595694,49.67088703272394,69.67088703272394
AUS,Australia,2018,57159.63,9.32,29.2,51.1,1,0.5,10.953603158964771,1.3799684618102859,0.6089344496062178,0.24253562503633297,-0.6157504582974079,0.29296474698568387,29.212295533176807,51.22868530678749,71.2286853067875
AUS,Australia,2018,57159.63,9.32,26.3,47.2,1,0.5,10.953603158964771,1.3799684618102859,0.6089344496062178,0.24253562503633297,-1.0136875395028337,0.05259395177302629,27.18085454922671,48.4447313742829,68.4447313742829
AUS,Australia,2018,57159.63,9.32,26.3,48.9,1,0.5,10.953603158964771,1.3799684618102859,0.6089344496062178,0.24253562503633297,-1.0136875395028337,0.15737096507085116,27.173083772132518,49.65228873284511,69.65228873284511
AUS,Australia,2018,57159.63,9.32,26.3,51.1,1,0.5,10.953603158964771,1.3799684618102859,0.6089344496062178,0.24253562503633297,-1.0136875395028337,0.29296474698568387,27.190116861060503,51.18746435573796,71.18746435573796
AUS,Australia,2019,55029.61,9.35,32.3,46.7,1,1.5,10.91562668298526,1.3475383335377102,0.6181010382954533,0.7276068751089989,-0.19036944045712514,0.021777183156018894,31.349598603028973,48.195725415074115,68.19572541507412
AUS,Australia,2019,55029.61,9.35,32.3,48.0,1,1.5,10.91562668298526,1.3475383335377102,0.6181010382954533,0.7276068751089989,-0.19036944045712514,0.10190078156023794,31.37199937672062,49.10403539131345,69.10403539131346
AUS,Australia,2019,55029.61,9.35,32.3,49.5,1,1.5,10.91562668298526,1.3475383335377102,0.6181010382954533,0.7276068751089989,-0.19036944045712514,0.19435108741126012,31.340238049587587,50.168774507384256,70.16877450738426
AUS,Australia,2019,55029.61,9.35,29.3,46.7,1,1.5,10.91562668298526,1.3475383335377102,0.6181010382954533,0.7276068751089989,-0.6020284899799793,0.021777183156018894,29.267308460910495,48.117752689969365,68.11775268996936
AUS,Australia,2019,55029.61,9.35,29.3,48.0,1,1.5,10.91562668298526,1.3475383335377102,0.6181010382954533,0.7276068751089989,-0.6020284899799793,0.10190078156023794,29.25968404325059,49.03649014506332,69.03649014506331
AUS,Australia,2019,55029.61,9.35,29.3,49.5,1,1.5,10.91562668298526,1.3475383335377102,0.6181010382954533,0.7276068751089989,-0.6020284899799793,0.19435108741126012,29.238504181656413,50.08123598890491,70.08123598890491
AUS,Australia,2019,55029.61,9.35,26.3,46.7,1,1.5,10.91562668298526,1.3475383335377102,0.6181010382954533,0.7276068751089989,-1.0136875395028337,0.021777183156018894,27.139258255215097,48.11562965514425,68.11562965514425
AUS,Australia,2019,55029.61,9.35,26.3,48.0,1,1.5,10.91562668298526,1.3475383335377102,0.6181010382954533,0.7276068751089989,-1.0136875395028337,0.10190078156023794,27.171204662294095,48.998819049727466,68.99881904972747
AUS,Australia,2019,55029.61,9.35,26.3,49.5,1,1.5,10.91562668298526,1.3475383335377102,0.6181010382954533,0.7276068751089989,-1.0136875395028337,0.19435108741126012,27.13120872261306,50.05354262193474,70.05354262193474
BGD,Bangladesh,2015,2379.5,2.47,23.7,37.6,2,-2.5,7.774645660561165,-1.3347120552002387,-1.4841033011025966,-1.212678125181665,-1.3704587157559747,-0.5390880056735157,25.326544041333108,37.0076808775129,57.0076808775129
BGD,Bangladesh,2015,2379.5,2.47,23.7,41.3,2,-2.5,7.774645660561165,-1.3347120552002387,-1.4841033011025966,-1.212678125181665,-1.3704587157559747,-0.3110439179076613,25.32400821426566,39.587967430772935,59.587967430772935
BGD,Bangladesh,2015,2379.5,2.47,23.7,32.9,2,-2.5,7.774645660561165,-1.3347120552002387,-1.4841033011025966,-1.212678125181665,-1.3704587157559747,-0.8287656306733854,25.340252295135613,33.70778317154061,53.70778317154061
BGD,Bangladesh,2015,2379.5,2.47,28.0,37.6,2,-2.5,7.774645660561165,-1.3347120552002387,-1.4841033011025966,-1.212678125181665,-0.7804140781065496,-0.5390880056735157,28.331504839540987,37.053644052355594,57.053644052355594
BGD,Bangladesh,2015,2379.5,2.47,28.0,41.3,2,-2.5,7.774645660561165,-1.3347120552002387,-1.4841033011025966,-1.212678125181665,-0.7804140781065496,-0.3110439179076613,28.33149952731622,39.692970521254736,59.692970521254736
BGD,Bangladesh,2015,2379.5,2.47,28.0,32.9,2,-2.5,7.774645660561165,-1.3347120552002387,-1.4841033011025966,-1.212678125181665,-0.7804140781065496,-0.8287656306733854,28.31964365340612,33.801660949318254,53.801660949318254
BGD,Bangladesh,2015,2379.5,2.47,32.6,37.6,2,-2.5,7.774645660561165,-1.3347120552002387,-1.4841033011025966,-1.212678125181665,-0.14920353550483909,-0.5390880056735157,31.568077162849445,37.16255544683582,57.16255544683582
BGD,Bangladesh,2015,2379.5,2.47,32.6,41.3,2,-2.5,7.774645660561165,-1.3347120552002387,-1.4841033011025966,-1.212678125181665,-0.14920353550483909,-0.3110439179076613,31.57668547787731,39.742708663289086,59.742708663289086
BGD,Bangladesh,2015,2379.5,2.47,32.6,32.9,2,-2.5,7.774645660561165,-1.3347120552002387,-1.4841033011025966,-1.212678125181665,-0.14920353550483909,-0.8287656306733854,31.53735599076036,33.85359091754462,53.85359091754462
BGD,Bangladesh,2016,2493.64,2.48,28.2,41.4,2,-1.5,7.821498769389597,-1.2947016990499,-1.481047771539518,-0.7276068751089989,-0.7529701414716927,-0.30488056418425974,28.423083481337684,39.94530155822116,59.94530155822116
BGD,Bangladesh,2016,2493.64,2.48,28.2,33.2,2,-1.5,7.821498769389597,-1.2947016990499,-1.481047771539518,-0.7276068751089989,-0.7529701414716927,-0.8102755695031807,28.40506190373582,34.24667818886201,54.24667818886201
BGD,Bangladesh,2016,2493.64,2.48,28.2,37.9,2,-1.5,7.821498769389597,-1.2947016990499,-1.481047771539518,-0.7276068751089989,-0.7529701414716927,-0.5205979445033114,28.4309925106173,37.48821830759231,57.48821830759231
BGD,Bangladesh,2016,2493.64,2.48,23.6,41.4,2,-1.5,7.821498769389597,-1.2947016990499,-1.481047771539518,-0.7276068751089989,-1.3841806840734028,-0.30488056418425974,25.211702820375123,39.87681112014985,59.87681112014985
BGD,Bangladesh,2016,2493.64,2.48,23.6,33.2,2,-1.5,7.821498769389597,-1.2947016990499,-1.481047771539518,-0.7276068751089989,-1.3841806840734028,-0.8102755695031807,25.181448375875693,34.14082000341646,54.14082000341646
BGD,Bangladesh,2016,2493.64,2.48,23.6,37.9,2,-1.5,7.821498769389597,-1.2947016990499,-1.481047771539518,-0.7276068751089989,-1.3841806840734028,-0.5205979445033114,25.194396036699608,37.43913348126379,57.43913348126379
BGD,Bangladesh,2016,2493.64,2.48,32.9,41.4,2,-1.5,7.821498769389597,-1.2947016990499,-1.481047771539518,-0.7276068751089989,-0.10803763055255403,-0.30488056418425974,31.713697544652355,40.03857522909501,60.03857522909501
BGD,Bangladesh,2016,2493.64,2.48,32.9,33.2,2,-1.5,7.821498769389597,-1.2947016990499,-1.481047771539518,-0.7276068751089989,-0.10803763055255403,-0.8102755695031807,31.735728756477183,34.307757911095955,54.307757911095955
BGD,Bangladesh,2016,2493.64,2.48,32.9,37.9,2,-1.5,7.821498769389597,-1.2947016990499,-1.481047771539518,-0.7276068751089989,-0.10803763055255403,-0.5205979445033114,31.71904305470477,37.56902390080911,57.56902390080911
BGD,Bangladesh,2017,2552.39,2.56,28.4,41.5,2,-0.5,7.844785454105307,-1.2748159631332516,-1.4566035350348896,-0.24253562503633297,-0.7255262048368358,-0.29871721046085814,28.517472641422927,40.19745865441586,60.19745865441586
BGD,Bangladesh,2017,2552.39,2.56,28.4,33.5,2,-0.5,7.844785454105307,-1.2748159631332516,-1.4566035350348896,-0.24253562503633297,-0.7255262048368358,-0.7917855083329765,28.527772518698995,34.58961666073164,54.58961666073164
BGD,Bangladesh,2017,2552.39,2.56,28.4,38.0,2,-0.5,7.844785454105307,-1.2748159631332516,-1.4566035350348896,-0.24253562503633297,-0.7255262048368358,-0.5144345907799099,28.489377815811494,37.742047311838355,57.742047311838355
BGD,Bangladesh,2017,2552.39,2.56,33.3,41.5,2,-0.5,7.844785454105307,-1.2748159631332516,-1.4566035350348896,-0.24253562503633297,-0.05314975728284027,-0.29871721046085814,31.933047051827632,40.29211214841751,60.29211214841751
BGD,Bangladesh,2017,2552.39,2.56,33.3,33.5,2,-0.5,7.844785454105307,-1.2748159631332516,-1.4566035350348896,-0.24253562503633297,-0.05314975728284027,-0.7917855083329765,31.980798906033467,34.68318826528383,54.68318826528383
BGD,Bangladesh,2017,2552.39,2.56,33.3,38.0,2,-0.5,7.844785454105307,-1.2748159631332516,-1.4566035350348896,-0.24253562503633297,-0.05314975728284027,-0.5144345907799099,31.94708434245543,37.83384865617255,57.83384865617255
BGD,Bangladesh,2017,2552.39,2.56,23.6,41.5,2,-0.5,7.844785454105307,-1.2748159631332516,-1.4566035350348896,-0.24253562503633297,-1.3841806840734028,-0.29871721046085814,25.161901697048567,40.13591684798443,60.13591684798443
BGD,Bangladesh,2017,2552.39,2.56,23.6,33.5,2,-0.5,7.844785454105307,-1.2748159631332516,-1.4566035350348896,-0.24253562503633297,-1.3841806840734028,-0.7917855083329765,25.11684507912288,34.52244370576061,54.52244370576061
BGD,Bangladesh,2017,2552.39,2.56,23.6,38.0,2,-0.5,7.844785454105307,-1.2748159631332516,-1.4566035350348896,-0.24253562503633297,-1.3841806840734028,-0.5144345907799099,25.149106390297945,37.66096097998734,57.66096097998734
BGD,Bangladesh,2018,2466.17,2.49,23.6,41.5,2,0.5,7.8104216188988955,-1.3041610657247307,-1.4779922419764393,0.24253562503633297,-1.3841806840734028,-0.29871721046085814,25.136554278988065,40.11990088092053,60.11990088092053
BGD,Bangladesh,2018,2466.17,2.49,23.6,33.8,2,0.5,7.8104216188988955,-1.3041610657247307,-1.4779922419764393,0.24253562503633297,-1.3841806840734028,-0.7732954471627722,25.117417295424612,34.74956950176298,54.74956950176298
BGD,Bangladesh,2018,2466.17,2.49,23.6,38.2,2,0.5,7.8104216188988955,-1.3041610657247307,-1.4779922419764393,0.24253562503633297,-1.3841806840734028,-0.5021078833331067,25.12985742105516,37.7954118579137,57.7954118579137
BGD,Bangladesh,2018,2466.17,2.49,28.6,41.5,2,0.5,7.8104216188988955,-1.3041610657247307,-1.4779922419764393,0.24253562503633297,-0.6980822682019785,-0.29871721046085814,28.64462421056727,40.223163896953515,60.223163896953515
BGD,Bangladesh,2018,2466.17,2.49,28.6,33.8,2,0.5,7.8104216188988955,-1.3041610657247307,-1.4779922419764393,0.24253562503633297,-0.6980822682019785,-0.7732954471627722,28.618915978517613,34.775306521353514,54.775306521353514
BGD,Bangladesh,2018,2466.17,2.49,28.6,38.2,2,0.5,7.8104216188988955,-1.3041610657247307,-1.4779922419764393,0.24253562503633297,-0.6980822682019785,-0.5021078833331067,28.641980502206,37.85858103853956,57.85858103853956
BGD,Bangladesh,2018,2466.17,2.49,33.8,41.5,2,0.5,7.8104216188988955,-1.3041610657247307,-1.4779922419764393,0.24253562503633297,0.015460084304302155,-0.29871721046085814,32.266175642013685,40.29388172334318,60.29388172334318
BGD,Bangladesh,2018,2466.17,2.49,33.8,33.8,2,0.5,7.8104216188988955,-1.3041610657247307,-1.4779922419764393,0.24253562503633297,0.015460084304302155,-0.7732954471627722,32.2595416100965,34.89371328628432,54.89371328628432
BGD,Bangladesh,2018,2466.17,2.49,33.8,38.2,2,0.5,7.8104216188988955,-1.3041610657247307,-1.4779922419764393,0.24253562503633297,0.015460084304302155,-0.5021078833331067,32.27602816832557,37.95176269492417,57.95176269492417
BGD,Bangladesh,2019,2545.11,2.55,28.8,41.5,2,1.5,7.841929150054509,-1.2772551127479457,-1.459659064597968,0.7276068751089989,-0.6706383315671216,-0.29871721046085814,28.728462046507754,40.3990020150755,60.3990020150755
BGD,Bangladesh,2019,2545.11,2.55,28.8,38.4,2,1.5,7.841929150054509,-1.2772551127479457,-1.459659064597968,0.7276068751089989,-0.6706383315671216,-0.48978117588630404,28.7499762937232,38.21925677963634,58.21925677963634
BGD,Bangladesh,2019,2545.11,2.55,28.8,34.1,2,1.5,7.841929150054509,-1.2772551127479457,-1.459659064597968,0.7276068751089989,-0.6706383315671216,-0.7548053859925674,28.702968201007067,35.19902072037579,55.19902072037579
BGD,Bangladesh,2019,2545.11,2.55,23.5,41.5,2,1.5,7.841929150054509,-1.2772551127479457,-1.459659064597968,0.7276068751089989,-1.3979026523908316,-0.29871721046085814,25.05519018305102,40.313413481423424,60.313413481423424
BGD,Bangladesh,2019,2545.11,2.55,23.5,38.4,2,1.5,7.841929150054509,-1.2772551127479457,-1.459659064597968,0.7276068751089989,-1.3979026523908316,-0.48978117588630404,25.035901037802777,38.140144142402185,58.140144142402185
BGD,Bangladesh,2019,2545.11,2.55,23.5,34.1,2,1.5,7.841929150054509,-1.2772551127479457,-1.459659064597968,0.7276068751089989,-1.3979026523908316,-0.7548053859925674,24.991890852610602,35.129041095821414,55.129041095821414
BGD,Bangladesh,2019,2545.11,2.55,34.2,41.5,2,1.5,7.841929150054509,-1.2772551127479457,-1.459659064597968,0.7276068751089989,0.07034795757401688,-0.29871721046085814,32.49580530652397,40.49163286293488,60.49163286293488
BGD,Bangladesh,2019,2545.11,2.55,34.2,38.4,2,1.5,7.841929150054509,-1.2772551127479457,-1.459659064597968,0.7276068751089989,0.07034795757401688,-0.48978117588630404,32.527984696138105,38.31691785332129,58.31691785332129
BGD,Bangladesh,2019,2545.11,2.55,34.2,34.1,2,1.5,7.841929150054509,-1.2772551127479457,-1.459659064597968,0.7276068751089989,0.07034795757401688,-0.7548053859925674,32.51434774865863,35.32853140698554,55.32853140698554
BRA,Brazil,2015,8758.74,9.74,43.5,68.7,3,-2.5,9.077807337968665,-0.22187313931368735,0.7372666912555174,-1.212678125181665,1.3464910110948656,1.377715002304344,43.91703080799768,65.79390993944196,85.79390993944196
BRA,Brazil,2015,8758.74,9.74,43.5,59.2,3,-2.5,9.077807337968665,-0.22187313931368735,0.7372666912555174,-1.212678125181665,1.3464910110948656,0.7921963985812037,43.910175774687865,59.164570256892425,79.16457025689243
BRA,Brazil,2015,8758.74,9.74,43.5,49.7,3,-2.5,9.077807337968665,-0.22187313931368735,0.7372666912555174,-1.212678125181665,1.3464910110948656,0.20667779485806326,43.90695177552829,52.4818626512128,72.4818626512128
BRA,Brazil,2015,8758.74,9.74,45.5,68.7,3,-2.5,9.077807337968665,-0.22187313931368735,0.7372666912555174,-1.212678125181665,1.6209303774434354,1.377715002304344,45.31164451916622,65.82887976629334,85.82887976629334
BRA,Brazil,2015,8758.74,9.74,45.5,59.2,3,-2.5,9.077807337968665,-0.22187313931368735,0.7372666912555174,-1.212678125181665,1.6209303774434354,0.7921963985812037,45.3178885870522,59.18999035449866,79.18999035449866
BRA,Brazil,2015,8758.74,9.74,45.5,49.7,3,-2.5,9.077807337968665,-0.22187313931368735,0.7372666912555174,-1.212678125181665,1.6209303774434354,0.20667779485806326,45.32266052906996,52.52848094737294,72.52848094737294
BRA,Brazil,2015,8758.74,9.74,47.5,68.7,3,-2.5,9.077807337968665,-0.22187313931368735,0.7372666912555174,-1.212678125181665,1.8953697437920052,1.377715002304344,46.709279738632176,65.84954933794815,85.84954933794815
BRA,Brazil,2015,8758.74,9.74,47.5,59.2,3,-2.5,9.077807337968665,-0.22187313931368735,0.7372666912555174,-1.212678125181665,1.8953697437920052,0.7921963985812037,46.71490133875195,59.217958069580156,79.21795806958016
BRA,Brazil,2015,8758.74,9.74,47.5,49.7,3,-2.5,9.077807337968665,-0.22187313931368735,0.7372666912555174,-1.212678125181665,1.8953697437920052,0.20667779485806326,46.7156083296129,52.56758603550878,72.56758603550878
BRA,Brazil,2016,8744.76,9.67,45.4,50.9,3,-1.5,9.076209942822242,-0.22323723980390722,0.7158779843139673,-0.7276068751089989,1.6072084091260066,0.2806380395388807,45.19624160058834,53.405093659161246,73.40509365916125
BRA,Brazil,2016,8744.76,9.67,45.4,60.0,3,-1.5,9.076209942822242,-0.22323723980390722,0.7158779843139673,-0.7276068751089989,1.6072084091260066,0.8415032283684153,45.21116168638085,59.806336179585614,79.80633617958561
BRA,Brazil,2016,8744.76,9.67,45.4,69.1,3,-1.5,9.076209942822242,-0.22323723980390722,0.7158779843139673,-0.7276068751089989,1.6072084091260066,1.4023684171979496,45.20094841843929,66.18327183701608,86.18327183701608
BRA,Brazil,2016,8744.76,9.67,43.1,50.9,3,-1.5,9.076209942822242,-0.22323723980390722,0.7158779843139673,-0.7276068751089989,1.291603137825152,0.2806380395388807,43.58724648871951,53.392247699533854,73.39224769953385
BRA,Brazil,2016,8744.76,9.67,43.1,60.0,3,-1.5,9.076209942822242,-0.22323723980390722,0.7158779843139673,-0.7276068751089989,1.291603137825152,0.8415032283684153,43.58309226918699,59.75811284172897,79.75811284172897
BRA,Brazil,2016,8744.76,9.67,43.1,69.1,3,-1.5,9.076209942822242,-0.22323723980390722,0.7158779843139673,-0.7276068751089989,1.291603137825152,1.4023684171979496,43.58947530453824,66.1339552629501,86.1339552629501
BRA,Brazil,2016,8744.76,9.67,47.6,50.9,3,-1.5,9.076209942822242,-0.22323723980390722,0.7158779843139673,-0.7276068751089989,1.9090917121094337,0.2806380395388807,46.750693610497855,53.47750512263794,73.47750512263795
BRA,Brazil,2016,8744.76,9.67,47.6,60.0,3,-1.5,9.076209942822242,-0.22323723980390722,0.7158779843139673,-0.7276068751089989,1.9090917121094337,0.8415032283684153,46.7598274478239,59.86967053699687,79.86967053699686
BRA,Brazil,2016,8744.76,9.67,47.6,69.1,3,-1.5,9.076209942822242,-0.22323723980390722,0.7158779843139673,-0.7276068751089989,1.9090917121094337,1.4023684171979496,46.75924217382977,66.22965556047328,86.22965556047328
BRA,Brazil,2017,8401.27,9.62,45.2,69.3,3,-0.5,9.036138163879468,-0.25745665847576116,0.7006003364985743,-0.24253562503633297,1.5797644724911504,1.4146951246447526,45.03446896042367,66.29393927948958,86.29393927948958
BRA,Brazil,2017,8401.27,9.62,45.2,60.6,3,-0.5,9.036138163879468,-0.25745665847576116,0.7006003364985743,-0.24253562503633297,1.5797644724911504,0.8784833507088243,45.03327335630423,60.167707339342755,80.16770733934275
BRA,Brazil,2017,8401.27,9.62,45.2,52.1,3,-0.5,9.036138163879468,-0.25745665847576116,0.7006003364985743,-0.24253562503633297,1.5797644724911504,0.35459828421969863,45.02506546272712,54.25188971702246,74.25188971702246
BRA,Brazil,2017,8401.27,9.62,42.8,69.3,3,-0.5,9.036138163879468,-0.25745665847576116,0.7006003364985743,-0.24253562503633297,1.250437232872866,1.4146951246447526,43.37211721335873,66.2319127203887,86.2319127203887
BRA,Brazil,2017,8401.27,9.62,42.8,60.6,3,-0.5,9.036138163879468,-0.25745665847576116,0.7006003364985743,-0.24253562503633297,1.250437232872866,0.8784833507088243,43.345521789840205,60.18229798784405,80.18229798784405
BRA,Brazil,2017,8401.27,9.62,42.8,52.1,3,-0.5,9.036138163879468,-0.25745665847576116,0.7006003364985743,-0.24253562503633297,1.250437232872866,0.35459828421969863,43.375469830175724,54.21198201910888,74.21198201910889
BRA,Brazil,2017,8401.27,9.62,47.7,69.3,3,-0.5,9.036138163879468,-0.25745665847576116,0.7006003364985743,-0.24253562503633297,1.9228136804268625,1.4146951246447526,46.79656744361079,66.31379124649672,86.31379124649672
BRA,Brazil,2017,8401.27,9.62,47.7,60.6,3,-0.5,9.036138163879468,-0.25745665847576116,0.7006003364985743,-0.24253562503633297,1.9228136804268625,0.8784833507088243,46.77375580501699,60.201854926577916,80.20185492657791
BRA,Brazil,2017,8401.27,9.62,47.7,52.1,3,-0.5,9.036138163879468,-0.25745665847576116,0.7006003364985743,-0.24253562503633297,1.9228136804268625,0.35459828421969863,46.78671495503424,54.29024256896996,74.29024256896996
BRA,Brazil,2018,8640.28,9.51,47.8,61.3,3,0.5,9.0641902686804,-0.23350147744472435,0.6669895113047103,0.24253562503633297,1.9365356487442902,0.9216268267726344,46.78327527602883,60.86571627596861,80.86571627596861
BRA,Brazil,2018,8640.28,9.51,47.8,53.3,3,0.5,9.0641902686804,-0.23350147744472435,0.6669895113047103,0.24253562503633297,1.9365356487442902,0.4285585289005161,46.76959386464698,55.250431443897,75.250431443897
BRA,Brazil,2018,8640.28,9.51,47.8,69.6,3,0.5,9.0641902686804,-0.23350147744472435,0.6669895113047103,0.24253562503633297,1.9365356487442902,1.433185185814957,46.799180407349425,66.66667400837434,86.66667400837434
BRA,Brazil,2018,8640.28,9.51,45.1,61.3,3,0.5,9.0641902686804,-0.23350147744472435,0.6669895113047103,0.24253562503633297,1.5660425041737216,0.9216268267726344,44.907458838115936,60.81559649817348,80.81559649817348
BRA,Brazil,2018,8640.28,9.51,45.1,53.3,3,0.5,9.0641902686804,-0.23350147744472435,0.6669895113047103,0.24253562503633297,1.5660425041737216,0.4285585289005161,44.92285531765617,55.214179275456516,75.21417927545652
BRA,Brazil,2018,8640.28,9.51,45.1,69.6,3,0.5,9.0641902686804,-0.23350147744472435,0.6669895113047103,0.24253562503633297,1.5660425041737216,1.433185185814957,44.910190129241556,66.6399838737939,86.6399838737939
BRA,Brazil,2018,8640.28,9.51,42.4,61.3,3,0.5,9.0641902686804,-0.23350147744472435,0.6669895113047103,0.24253562503633297,1.1955493596031521,0.9216268267726344,43.01650122497055,60.787249031470026,80.78724903147003
BRA,Brazil,2018,8640.28,9.51,42.4,53.3,3,0.5,9.0641902686804,-0.23350147744472435,0.6669895113047103,0.24253562503633297,1.1955493596031521,0.4285585289005161,43.01916788748955,55.18932248306628,75.18932248306628
BRA,Brazil,2018,8640.28,9.51,42.4,69.6,3,0.5,9.0641902686804,-0.23350147744472435,0.6669895113047103,0.24253562503633297,1.1955493596031521,1.433185185814957,43.01795097128942,66.57347658810549,86.57347658810549
BRA,Brazil,2019,8663.2,9.61,45.0,69.8,3,1.5,9.06683944831417,-0.2312392023619447,0.6975448069354958,0.7276068751089989,1.552320535856293,1.44551189326176,44.81213693493524,66.90742971853517,86.90742971853517
BRA,Brazil,2019,8663.2,9.61,45.0,61.9,3,1.5,9.06683944831417,-0.2312392023619447,0.6975448069354958,0.7276068751089989,1.552320535856293,0.9586069491130433,44.81698800034688,61.37560099167637,81.37560099167638
BRA,Brazil,2019,8663.2,9.61,45.0,54.4,3,1.5,9.06683944831417,-0.2312392023619447,0.6975448069354958,0.7276068751089989,1.552320535856293,0.49635541985793247,44.78090704350658,56.10855164915824,76.10855164915824
BRA,Brazil,2019,8663.2,9.61,47.9,69.8,3,1.5,9.06683944831417,-0.2312392023619447,0.6975448069354958,0.7276068751089989,1.950257617061719,1.44551189326176,46.844827497082626,66.93075486503167,86.93075486503167
BRA,Brazil,2019,8663.2,9.61,47.9,61.9,3,1.5,9.06683944831417,-0.2312392023619447,0.6975448069354958,0.7276068751089989,1.950257617061719,0.9586069491130433,46.8310229752235,61.40683399902292,81.40683399902292
BRA,Brazil,2019,8663.2,9.61,47.9,54.4,3,1.5,9.06683944831417,-0.2312392023619447,0.6975448069354958,0.7276068751089989,1.950257617061719,0.49635541985793247,46.836235940218636,56.17768634994739,76.1776863499474
BRA,Brazil,2019,8663.2,9.61,42.1,69.8,3,1.5,9.06683944831417,-0.2312392023619447,0.6975448069354958,0.7276068751089989,1.1543834546508671,1.44551189326176,42.78813907571089,66.84062740007556,86.84062740007556
BRA,Brazil,2019,8663.2,9.61,42.1,61.9,3,1.5,9.06683944831417,-0.2312392023619447,0.6975448069354958,0.7276068751089989,1.1543834546508671,0.9586069491130433,42.769854505052464,61.33448360161696,81.33448360161697
BRA,Brazil,2019,8663.2,9.61,42.1,54.4,3,1.5,9.06683944831417,-0.2312392023619447,0.6975448069354958,0.7276068751089989,1.1543834546508671,0.49635541985793247,42.80526494001781,56.07310991838429,76.07310991838429
CAN,Canada,2015,45652.09,10.94,25.3,73.3,4,-2.5,10.728804668107628,1.188001100280693,1.1039302388249443,-1.212678125181665,-1.1509072226771186,1.6612292735808118,24.73467635110749,72.89271000403356,92.89271000403356
CAN,Canada,2015,45652.09,10.94,25.3,74.2,4,-2.5,10.728804668107628,1.188001100280693,1.1039302388249443,-1.212678125181665,-1.1509072226771186,1.7166994570914254,24.738721889618933,73.54077670792798,93.54077670792798
CAN,Canada,2015,45652.09,10.94,25.3,73.7,4,-2.5,10.728804668107628,1.188001100280693,1.1039302388249443,-1.212678125181665,-1.1509072226771186,1.685882688474418,24.768388800117066,73.1956514456025,93.1956514456025
CAN,Canada,2015,45652.09,10.94,21.0,73.3,4,-2.5,10.728804668107628,1.188001100280693,1.1039302388249443,-1.212678125181665,-1.7409518603265437,1.6612292735808118,21.73783568801072,72.85181166758984,92.85181166758984
CAN,Canada,2015,45652.09,10.94,21.0,74.2,4,-2.5,10.728804668107628,1.188001100280693,1.1039302388249443,-1.212678125181665,-1.7409518603265437,1.7166994570914254,21.76708149035696,73.47709499631816,93.47709499631816
CAN,Canada,2015,45652.09,10.94,21.0,73.7,4,-2.5,10.728804668107628,1.188001100280693,1.1039302388249443,-1.212678125181665,-1.7409518603265437,1.685882688474418,21.76670129685353,73.12838014181774,93.12838014181774
CAN,Canada,2015,45652.09,10.94,23.1,73.3,4,-2.5,10.728804668107628,1.188001100280693,1.1039302388249443,-1.212678125181665,-1.4527905256605453,1.6612292735808118,23.199746969671565,72.8655654573996,92.8655654573996
CAN,Canada,2015,45652.09,10.94,23.1,74.2,4,-2.5,10.728804668107628,1.188001100280693,1.1039302388249443,-1.212678125181665,-1.4527905256605453,1.7166994570914254,23.229123207126616,73.52551140812321,93.52551140812321
CAN,Canada,2015,45652.09,10.94,23.1,73.7,4,-2.5,10.728804668107628,1.188001100280693,1.1039302388249443,-1.212678125181665,-1.4527905256605453,1.685882688474418,23.202443287439696,73.1510403909035,93.1510403909035
CAN,Canada,2016,45825.57,10.89,20.8,73.7,4,-1.5,10.73259751125575,1.1912400103332672,1.088652591009552,-0.7276068751089989,-1.7683957969614006,1.685882688474418,21.567632650946425,73.19871944566488,93.19871944566488
CAN,Canada,2016,45825.57,10.89,20.8,72.7,4,-1.5,10.73259751125575,1.1912400103332672,1.088652591009552,-0.7276068751089989,-1.7683957969614006,1.6242491512404034,21.545141181542377,72.50632766197374,92.50632766197374
CAN,Canada,2016,45825.57,10.89,20.8,74.7,4,-1.5,10.73259751125575,1.1912400103332672,1.088652591009552,-0.7276068751089989,-1.7683957969614006,1.747516225708433,21.578416649211274,73.89888788952882,93.89888788952882
CAN,Canada,2016,45825.57,10.89,25.0,73.7,4,-1.5,10.73259751125575,1.1912400103332672,1.088652591009552,-0.7276068751089989,-1.1920731276294043,1.685882688474418,24.49544797743085,73.28783383802124,93.28783383802124
CAN,Canada,2016,45825.57,10.89,25.0,72.7,4,-1.5,10.73259751125575,1.1912400103332672,1.088652591009552,-0.7276068751089989,-1.1920731276294043,1.6242491512404034,24.504224697626352,72.55482734777587,92.55482734777587
CAN,Canada,2016,45825.57,10.89,25.0,74.7,4,-1.5,10.73259751125575,1.1912400103332672,1.088652591009552,-0.7276068751089989,-1.1920731276294043,1.747516225708433,24.48070019877016,73.98267295874483,93.98267295874483
CAN,Canada,2016,45825.57,10.89,22.9,73.7,4,-1.5,10.73259751125575,1.1912400103332672,1.088652591009552,-0.7276068751089989,-1.4802344622954027,1.685882688474418,23.014138108416503,73.24141955090263,93.24141955090263
CAN,Canada,2016,45825.57,10.89,22.9,72.7,4,-1.5,10.73259751125575,1.1912400103332672,1.088652591009552,-0.7276068751089989,-1.4802344622954027,1.6242491512404034,23.028670912219226,72.56074177438478,92.56074177438478
CAN,Canada,2016,45825.57,10.89,22.9,74.7,4,-1.5,10.73259751125575,1.1912400103332672,1.088652591009552,-0.7276068751089989,-1.4802344622954027,1.747516225708433,23.006091453952045,73.937003035538,93.937003035538
CAN,Canada,2017,45447.74,10.8,20.5,75.1,4,-0.5,10.7243183733968,1.1841700151368466,1.061152824941845,-0.24253562503633297,-1.809561701913686,1.7721696406020382,21.32690272598233,74.23953440603253,94.23953440603253
CAN,Canada,2017,45447.74,10.8,20.5,73.6,4,-0.5,10.7243183733968,1.1841700151368466,1.061152824941845,-0.24253562503633297,-1.809561701913686,1.679719334751016,21.347793036221862,73.20141159983599,93.20141159983599
CAN,Canada,2017,45447.74,10.8,20.5,72.0,4,-0.5,10.7243183733968,1.1841700151368466,1.061152824941845,-0.24253562503633297,-1.809561701913686,1.5811056751765928,21.279656802513475,72.05771189919034,92.05771189919034
CAN,Canada,2017,45447.74,10.8,22.6,75.1,4,-0.5,10.7243183733968,1.1841700151368466,1.061152824941845,-0.24253562503633297,-1.5214003672476877,1.7721696406020382,22.79388704627663,74.26297101232231,94.26297101232231
CAN,Canada,2017,45447.74,10.8,22.6,73.6,4,-0.5,10.7243183733968,1.1841700151368466,1.061152824941845,-0.24253562503633297,-1.5214003672476877,1.679719334751016,22.79006456759069,73.21281247140013,93.21281247140013
CAN,Canada,2017,45447.74,10.8,22.6,72.0,4,-0.5,10.7243183733968,1.1841700151368466,1.061152824941845,-0.24253562503633297,-1.5214003672476877,1.5811056751765928,22.788777392947893,72.1130972394283,92.1130972394283
CAN,Canada,2017,45447.74,10.8,24.8,75.1,4,-0.5,10.7243183733968,1.1841700151368466,1.061152824941845,-0.24253562503633297,-1.219517064264261,1.7721696406020382,24.30645035076803,74.28168248661353,94.28168248661353
CAN,Canada,2017,45447.74,10.8,24.8,73.6,4,-0.5,10.7243183733968,1.1841700151368466,1.061152824941845,-0.24253562503633297,-1.219517064264261,1.679719334751016,24.314780430340928,73.2361041051185,93.2361041051185
CAN,Canada,2017,45447.74,10.8,24.8,72.0,4,-0.5,10.7243183733968,1.1841700151368466,1.061152824941845,-0.24253562503633297,-1.219517064264261,1.5811056751765928,24.31467521462404,72.11053140940224,92.11053140940224
CAN,Canada,2018,45585.98,10.8,20.2,71.3,4,0.5,10.727355492087797,1.186763571968745,1.061152824941845,0.24253562503633297,-1.8507276068659717,1.5379621991127823,21.045791519884506,71.68448336939258,91.68448336939258
CAN,Canada,2018,45585.98,10.8,20.2,73.5,4,0.5,10.727355492087797,1.186763571968745,1.061152824941845,0.24253562503633297,-1.8507276068659717,1.6735559810276148,21.063797221097253,73.23532364067195,93.23532364067195
CAN,Canada,2018,45585.98,10.8,20.2,75.4,4,0.5,10.727355492087797,1.186763571968745,1.061152824941845,0.24253562503633297,-1.8507276068659717,1.7906597017722434,21.05438328515378,74.54031213916717,94.54031213916717
CAN,Canada,2018,45585.98,10.8,24.5,71.3,4,0.5,10.727355492087797,1.186763571968745,1.061152824941845,0.24253562503633297,-1.2606829692165467,1.5379621991127823,24.066111128550055,71.71853049952111,91.71853049952111
CAN,Canada,2018,45585.98,10.8,24.5,73.5,4,0.5,10.727355492087797,1.186763571968745,1.061152824941845,0.24253562503633297,-1.2606829692165467,1.6735559810276148,24.07147502643502,73.28345677164228,93.28345677164228
CAN,Canada,2018,45585.98,10.8,24.5,75.4,4,0.5,10.727355492087797,1.186763571968745,1.061152824941845,0.24253562503633297,-1.2606829692165467,1.7906597017722434,24.08524816030282,74.59128630382938,94.59128630382938
CAN,Canada,2018,45585.98,10.8,22.4,71.3,4,0.5,10.727355492087797,1.186763571968745,1.061152824941845,0.24253562503633297,-1.548844303882545,1.5379621991127823,22.575803218697835,71.70108197461309,91.70108197461309
CAN,Canada,2018,45585.98,10.8,22.4,73.5,4,0.5,10.727355492087797,1.186763571968745,1.061152824941845,0.24253562503633297,-1.548844303882545,1.6735559810276148,22.595143633584218,73.26107667401325,93.26107667401325
CAN,Canada,2018,45585.98,10.8,22.4,75.4,4,0.5,10.727355492087797,1.186763571968745,1.061152824941845,0.24253562503633297,-1.548844303882545,1.7906597017722434,22.605032202154078,74.56918342280999,94.56918342280999
CAN,Canada,2019,47386.42,10.66,24.3,73.3,4,1.5,10.766090968744512,1.2198418512001932,1.0183754110587449,0.7276068751089989,-1.2881269058514035,1.6612292735808118,23.88374245055084,73.27515969740126,93.27515969740126
CAN,Canada,2019,47386.42,10.66,24.3,75.8,4,1.5,10.766090968744512,1.2198418512001932,1.0183754110587449,0.7276068751089989,-1.2881269058514035,1.8153131166658487,23.902896418714388,75.05929817422947,95.05929817422947
CAN,Canada,2019,47386.42,10.66,24.3,70.6,4,1.5,10.766090968744512,1.2198418512001932,1.0183754110587449,0.7276068751089989,-1.2881269058514035,1.4948187230489718,23.880472099893545,71.38161748150343,91.38161748150343
CAN,Canada,2019,47386.42,10.66,19.9,73.3,4,1.5,10.766090968744512,1.2198418512001932,1.0183754110587449,0.7276068751089989,-1.8918935118182572,1.6612292735808118,20.755043989221672,73.22584238513397,93.22584238513397
CAN,Canada,2019,47386.42,10.66,19.9,75.8,4,1.5,10.766090968744512,1.2198418512001932,1.0183754110587449,0.7276068751089989,-1.8918935118182572,1.8153131166658487,20.80387629859435,74.98215590077344,94.98215590077344
CAN,Canada,2019,47386.42,10.66,19.9,70.6,4,1.5,10.766090968744512,1.2198418512001932,1.0183754110587449,0.7276068751089989,-1.8918935118182572,1.4948187230489718,20.785850998447614,71.35034104438529,91.35034104438529
CAN,Canada,2019,47386.42,10.66,22.1,73.3,4,1.5,10.766090968744512,1.2198418512001932,1.0183754110587449,0.7276068751089989,-1.59001020883483,1.6612292735808118,22.34136180982719,73.24450530158002,93.24450530158002
CAN,Canada,2019,47386.42,10.66,22.1,75.8,4,1.5,10.766090968744512,1.2198418512001932,1.0183754110587449,0.7276068751089989,-1.59001020883483,1.8153131166658487,22.334272444736126,74.99090646697107,94.99090646697107
CAN,Canada,2019,47386.42,10.66,22.1,70.6,4,1.5,10.766090968744512,1.2198418512001932,1.0183754110587449,0.7276068751089989,-1.59001020883483,1.4948187230489718,22.328768070745305,71.34703613943404,91.34703613943404
CHL,Chile,2015,15144.04,9.14,34.8,57.0,5,-2.5,9.62536233419576,0.24571313102679976,0.5539349174708038,-1.212678125181665,0.15267976747858703,0.656602616666371,35.416821874126896,56.87787075223072,76.87787075223072
CHL,Chile,2015,15144.04,9.14,34.8,68.5,5,-2.5,9.62536233419576,0.24571313102679976,0.5539349174708038,-1.212678125181665,0.15267976747858703,1.365388294857541,35.40943038421868,64.91766641039268,84.91766641039268
CHL,Chile,2015,15144.04,9.14,34.8,46.4,5,-2.5,9.62536233419576,0.24571313102679976,0.5539349174708038,-1.212678125181665,0.15267976747858703,0.0032871219858141977,35.38928370811397,49.46035890864034,69.46035890864033
CHL,Chile,2015,15144.04,9.14,40.2,57.0,5,-2.5,9.62536233419576,0.24571313102679976,0.5539349174708038,-1.212678125181665,0.893666056619726,0.656602616666371,39.17402760690702,56.999556703429626,76.99955670342962
CHL,Chile,2015,15144.04,9.14,40.2,68.5,5,-2.5,9.62536233419576,0.24571313102679976,0.5539349174708038,-1.212678125181665,0.893666056619726,1.365388294857541,39.15222869805814,65.02634534987128,85.02634534987128
CHL,Chile,2015,15144.04,9.14,40.2,46.4,5,-2.5,9.62536233419576,0.24571313102679976,0.5539349174708038,-1.212678125181665,0.893666056619726,0.0032871219858141977,39.16588974182026,49.55492073040298,69.55492073040298
CHL,Chile,2015,15144.04,9.14,37.5,57.0,5,-2.5,9.62536233419576,0.24571313102679976,0.5539349174708038,-1.212678125181665,0.5231729120491565,0.656602616666371,37.28574468677601,56.95492838476856,76.95492838476855
CHL,Chile,2015,15144.04,9.14,37.5,68.5,5,-2.5,9.62536233419576,0.24571313102679976,0.5539349174708038,-1.212678125181665,0.5231729120491565,1.365388294857541,37.28090027189268,65.00451960781885,85.00451960781885
CHL,Chile,2015,15144.04,9.14,37.5,46.4,5,-2.5,9.62536233419576,0.24571313102679976,0.5539349174708038,-1.212678125181665,0.5231729120491565,0.0032871219858141977,37.263533996371734,49.50329321805773,69.50329321805773
CHL,Chile,2016,15328.23,9.35,37.1,68.5,5,-1.5,9.637451505317271,0.25603671582680204,0.6181010382954533,-0.7276068751089989,0.4682850387794428,1.365388294857541,36.972909725692524,65.13595442820936,85.13595442820936
CHL,Chile,2016,15328.23,9.35,37.1,57.4,5,-1.5,9.637451505317271,0.25603671582680204,0.6181010382954533,-0.7276068751089989,0.4682850387794428,0.6812560315599768,36.97446169194581,57.37224063736091,77.3722406373609
CHL,Chile,2016,15328.23,9.35,37.1,47.4,5,-1.5,9.637451505317271,0.25603671582680204,0.6181010382954533,-0.7276068751089989,0.4682850387794428,0.06492065921982898,36.98516944283416,50.37703468383749,70.3770346838375
CHL,Chile,2016,15328.23,9.35,34.3,68.5,5,-1.5,9.637451505317271,0.25603671582680204,0.6181010382954533,-0.7276068751089989,0.08406992589144459,1.365388294857541,35.012656066769665,65.1107430002532,85.1107430002532
CHL,Chile,2016,15328.23,9.35,34.3,57.4,5,-1.5,9.637451505317271,0.25603671582680204,0.6181010382954533,-0.7276068751089989,0.08406992589144459,0.6812560315599768,35.04029083784029,57.3141949507856,77.3141949507856
CHL,Chile,2016,15328.23,9.35,34.3,47.4,5,-1.5,9.637451505317271,0.25603671582680204,0.6181010382954533,-0.7276068751089989,0.08406992589144459,0.06492065921982898,35.028229043785835,50.307778934524826,70.30777893452483
CHL,Chile,2016,15328.23,9.35,39.9,68.5,5,-1.5,9.637451505317271,0.25603671582680204,0.6181010382954533,-0.7276068751089989,0.85250015166744,1.365388294857541,38.931225550616304,65.21688132999493,85.21688132999493
CHL,Chile,2016,15328.23,9.35,39.9,57.4,5,-1.5,9.637451505317271,0.25603671582680204,0.6181010382954533,-0.7276068751089989,0.85250015166744,0.6812560315599768,38.93933212418538,57.43810347439581,77.4381034743958
CHL,Chile,2016,15328.23,9.35,39.9,47.4,5,-1.5,9.637451505317271,0.25603671582680204,0.6181010382954533,-0.7276068751089989,0.85250015166744,0.06492065921982898,38.937500270849775,50.41737078007029,70.41737078007029
CHL,Chile,2017,14766.87,9.28,36.8,57.8,5,-0.5,9.600141437022009,0.22417566844244913,0.5967123313539033,-0.24253562503633297,0.4271191338271567,0.7059094464535827,36.78838777185285,57.630455539902975,77.63045553990298
CHL,Chile,2017,14766.87,9.28,36.8,68.4,5,-0.5,9.600141437022009,0.22417566844244913,0.5967123313539033,-0.24253562503633297,0.4271191338271567,1.35922494113414,36.72329156159565,65.03804564671859,85.03804564671859
CHL,Chile,2017,14766.87,9.28,36.8,48.2,5,-0.5,9.600141437022009,0.22417566844244913,0.5967123313539033,-0.24253562503633297,0.4271191338271567,0.11422748900704106,36.75850871568282,50.94365766305268,70.94365766305268
CHL,Chile,2017,14766.87,9.28,33.9,57.8,5,-0.5,9.600141437022009,0.22417566844244913,0.5967123313539033,-0.24253562503633297,0.029182052621730837,0.7059094464535827,34.72194245008577,57.55388248933584,77.55388248933585
CHL,Chile,2017,14766.87,9.28,33.9,68.4,5,-0.5,9.600141437022009,0.22417566844244913,0.5967123313539033,-0.24253562503633297,0.029182052621730837,1.35922494113414,34.743443362363045,65.03606468241672,85.03606468241672
CHL,Chile,2017,14766.87,9.28,33.9,48.2,5,-0.5,9.600141437022009,0.22417566844244913,0.5967123313539033,-0.24253562503633297,0.029182052621730837,0.11422748900704106,34.71928797469926,50.896755886915244,70.89675588691524
CHL,Chile,2017,14766.87,9.28,39.6,57.8,5,-0.5,9.600141437022009,0.22417566844244913,0.5967123313539033,-0.24253562503633297,0.811334246715155,0.7059094464535827,38.713500934570405,57.67398894750001,77.6739889475
CHL,Chile,2017,14766.87,9.28,39.6,68.4,5,-0.5,9.600141437022009,0.22417566844244913,0.5967123313539033,-0.24253562503633297,0.811334246715155,1.35922494113414,38.704967684021,65.10970626571608,85.10970626571608
CHL,Chile,2017,14766.87,9.28,39.6,48.2,5,-0.5,9.600141437022009,0.22417566844244913,0.5967123313539033,-0.24253562503633297,0.811334246715155,0.11422748900704106,38.73231711484735,50.969085219775565,70.96908521977556
CHL,Chile,2018,15229.12,9.34,36.4,58.1,5,0.5,9.630964663523844,0.25049725735892747,0.6150455087323748,0.24253562503633297,0.372231260557443,0.7243995076237874,36.4141991310635,58.04308927567925,78.04308927567925
CHL,Chile,2018,15229.12,9.34,36.4,49.1,5,0.5,9.630964663523844,0.25049725735892747,0.6150455087323748,0.24253562503633297,0.372231260557443,0.16969767251765427,36.410610217226534,51.716175728154745,71.71617572815475
CHL,Chile,2018,15229.12,9.34,36.4,68.3,5,0.5,9.630964663523844,0.25049725735892747,0.6150455087323748,0.24253562503633297,0.372231260557443,1.353061587410738,36.431716097287264,65.190082104535,85.190082104535
CHL,Chile,2018,15229.12,9.34,33.5,58.1,5,0.5,9.630964663523844,0.25049725735892747,0.6150455087323748,0.24253562503633297,-0.02570582064798291,0.7243995076237874,34.39790827993243,57.996662653157784,77.99666265315778
CHL,Chile,2018,15229.12,9.34,33.5,49.1,5,0.5,9.630964663523844,0.25049725735892747,0.6150455087323748,0.24253562503633297,-0.02570582064798291,0.16969767251765427,34.40285924603469,51.70284053529242,71.70284053529241
CHL,Chile,2018,15229.12,9.34,33.5,68.3,5,0.5,9.630964663523844,0.25049725735892747,0.6150455087323748,0.24253562503633297,-0.02570582064798291,1.353061587410738,34.378379874419004,65.11869688681416,85.11869688681416
CHL,Chile,2018,15229.12,9.34,39.3,58.1,5,0.5,9.630964663523844,0.25049725735892747,0.6150455087323748,0.24253562503633297,0.7701683417628689,0.7243995076237874,38.463988793858675,58.104137415786404,78.1041374157864
CHL,Chile,2018,15229.12,9.34,39.3,49.1,5,0.5,9.630964663523844,0.25049725735892747,0.6150455087323748,0.24253562503633297,0.7701683417628689,0.16969767251765427,38.40499168431249,51.78913769069985,71.78913769069985
CHL,Chile,2018,15229.12,9.34,39.3,68.3,5,0.5,9.630964663523844,0.25049725735892747,0.6150455087323748,0.24253562503633297,0.7701683417628689,1.353061587410738,38.469607341158614,65.19591187704539,85.19591187704539
CHL,Chile,2019,15112.35,9.33,33.1,58.5,5,1.5,9.623267569315477,0.24392430012513522,0.6119899791692963,0.7276068751089989,-0.08059369391769666,0.7490529225173932,34.08356191859639,58.32680610723599,78.326806107236
CHL,Chile,2019,15112.35,9.33,33.1,49.9,5,1.5,9.623267569315477,0.24392430012513522,0.6119899791692963,0.7276068751089989,-0.08059369391769666,0.21900450230486593,34.09019669927413,52.33109251633339,72.3310925163334
CHL,Chile,2019,15112.35,9.33,33.1,68.2,5,1.5,9.623267569315477,0.24392430012513522,0.6119899791692963,0.7276068751089989,-0.08059369391769666,1.3468982336873367,34.07969667589659,65.12474699479417,85.12474699479417
CHL,Chile,2019,15112.35,9.33,36.1,58.5,5,1.5,9.623267569315477,0.24392430012513522,0.6119899791692963,0.7276068751089989,0.33106535560515793,0.7490529225173932,36.17586768464815,58.38086417397961,78.3808641739796
CHL,Chile,2019,15112.35,9.33,36.1,49.9,5,1.5,9.623267569315477,0.24392430012513522,0.6119899791692963,0.7276068751089989,0.33106535560515793,0.21900450230486593,36.165225832067904,52.34809221917977,72.34809221917976
CHL,Chile,2019,15112.35,9.33,36.1,68.2,5,1.5,9.623267569315477,0.24392430012513522,0.6119899791692963,0.7276068751089989,0.33106535560515793,1.3468982336873367,36.16499717481915,65.18136483362773,85.18136483362773
CHL,Chile,2019,15112.35,9.33,39.0,58.5,5,1.5,9.623267569315477,0.24392430012513522,0.6119899791692963,0.7276068751089989,0.7290024368105839,0.7490529225173932,38.21917034607908,58.40832915876942,78.40832915876942
CHL,Chile,2019,15112.35,9.33,39.0,49.9,5,1.5,9.623267569315477,0.24392430012513522,0.6119899791692963,0.7276068751089989,0.7290024368105839,0.21900450230486593,38.21940408135935,52.42694867008907,72.42694867008908
CHL,Chile,2019,15112.35,9.33,39.0,68.2,5,1.5,9.623267569315477,0.24392430012513522,0.6119899791692963,0.7276068751089989,0.7290024368105839,1.3468982336873367,38.211743781640514,65.21022713996835,85.21022713996835
CHN,China,2015,10862.74,5.32,30.8,38.8,6,-2.5,9.293093863690906,-0.038028549618309905,-0.6132773756252065,-1.212678125181665,-0.3961989652185519,-0.46512776099269826,30.046995918063793,38.98055534162461,58.98055534162461
CHN,China,2015,10862.74,5.32,30.8,44.7,6,-2.5,9.293093863690906,-0.038028549618309905,-0.6132773756252065,-1.212678125181665,-0.3961989652185519,-0.10148989131201067,30.035792935349473,43.09186760873019,63.09186760873019
CHN,China,2015,10862.74,5.32,30.8,34.0,6,-2.5,9.293093863690906,-0.038028549618309905,-0.6132773756252065,-1.212678125181665,-0.3961989652185519,-0.760968739715969,30.017527981650158,35.642328321258304,55.642328321258304
CHN,China,2015,10862.74,5.32,25.7,38.8,6,-2.5,9.293093863690906,-0.038028549618309905,-0.6132773756252065,-1.212678125181665,-1.0960193494074049,-0.46512776099269826,26.48253083387226,38.90041292043229,58.90041292043229
CHN,China,2015,10862.74,5.32,25.7,44.7,6,-2.5,9.293093863690906,-0.038028549618309905,-0.6132773756252065,-1.212678125181665,-1.0960193494074049,-0.10148989131201067,26.45818644431707,43.000006545428334,63.000006545428334
CHN,China,2015,10862.74,5.32,25.7,34.0,6,-2.5,9.293093863690906,-0.038028549618309905,-0.6132773756252065,-1.212678125181665,-1.0960193494074049,-0.760968739715969,26.496920509826232,35.53628332989699,55.53628332989699
CHN,China,2015,10862.74,5.32,28.3,38.8,6,-2.5,9.293093863690906,-0.038028549618309905,-0.6132773756252065,-1.212678125181665,-0.739248173154264,-0.46512776099269826,28.258454713716052,38.94292200894768,58.94292200894768
CHN,China,2015,10862.74,5.32,28.3,44.7,6,-2.5,9.293093863690906,-0.038028549618309905,-0.6132773756252065,-1.212678125181665,-0.739248173154264,-0.10148989131201067,28.296361803543622,43.0613254198466,63.0613254198466
CHN,China,2015,10862.74,5.32,28.3,34.0,6,-2.5,9.293093863690906,-0.038028549618309905,-0.6132773756252065,-1.212678125181665,-0.739248173154264,-0.760968739715969,28.29942126477075,35.587186950679275,55.587186950679275
CHN,China,2016,10716.4,5.39,25.3,39.0,6,-1.5,9.279530557328806,-0.04961097673346543,-0.5918886686836567,-0.7276068751089989,-1.1509072226771186,-0.4528010535458951,26.16048545132999,39.10574081096939,59.10574081096939
CHN,China,2016,10716.4,5.39,25.3,34.3,6,-1.5,9.279530557328806,-0.04961097673346543,-0.5918886686836567,-0.7276068751089989,-1.1509072226771186,-0.7424786785457648,26.183137151924235,35.81549787114198,55.81549787114198
CHN,China,2016,10716.4,5.39,25.3,44.7,6,-1.5,9.279530557328806,-0.04961097673346543,-0.5918886686836567,-0.7276068751089989,-1.1509072226771186,-0.10148989131201067,26.162296025488867,43.08316318477013,63.08316318477013
CHN,China,2016,10716.4,5.39,30.7,39.0,6,-1.5,9.279530557328806,-0.04961097673346543,-0.5918886686836567,-0.7276068751089989,-0.40992093353598064,-0.4528010535458951,29.94032267318035,39.19459839839457,59.19459839839457
CHN,China,2016,10716.4,5.39,30.7,34.3,6,-1.5,9.279530557328806,-0.04961097673346543,-0.5918886686836567,-0.7276068751089989,-0.40992093353598064,-0.7424786785457648,29.9599965068695,35.89725804556632,55.89725804556632
CHN,China,2016,10716.4,5.39,30.7,44.7,6,-1.5,9.279530557328806,-0.04961097673346543,-0.5918886686836567,-0.7276068751089989,-0.40992093353598064,-0.10148989131201067,29.967632674291174,43.17222407274582,63.17222407274582
CHN,China,2016,10716.4,5.39,28.0,39.0,6,-1.5,9.279530557328806,-0.04961097673346543,-0.5918886686836567,-0.7276068751089989,-0.7804140781065496,-0.4528010535458951,28.05411225088697,39.14260948973556,59.14260948973556
CHN,China,2016,10716.4,5.39,28.0,34.3,6,-1.5,9.279530557328806,-0.04961097673346543,-0.5918886686836567,-0.7276068751089989,-0.7804140781065496,-0.7424786785457648,28.056477514416198,35.87670156933116,55.87670156933116
CHN,China,2016,10716.4,5.39,28.0,44.7,6,-1.5,9.279530557328806,-0.04961097673346543,-0.5918886686836567,-0.7276068751089989,-0.7804140781065496,-0.10148989131201067,28.058861834710687,43.13576195240253,63.13576195240253
CHN,China,2017,10557.12,5.36,27.8,44.7,6,-0.5,9.264555792790679,-0.06239872289203759,-0.6010552573728922,-0.24253562503633297,-0.8078580147414065,-0.10148989131201067,27.90051345075487,43.163338996338716,63.163338996338716
CHN,China,2017,10557.12,5.36,27.8,34.6,6,-0.5,9.264555792790679,-0.06239872289203759,-0.6010552573728922,-0.24253562503633297,-0.8078580147414065,-0.7239886173755601,27.8713378037015,36.105003512116696,56.105003512116696
CHN,China,2017,10557.12,5.36,27.8,39.1,6,-0.5,9.264555792790679,-0.06239872289203759,-0.6010552573728922,-0.24253562503633297,-0.8078580147414065,-0.4466376998224936,27.89233267735311,39.269125517652384,59.269125517652384
CHN,China,2017,10557.12,5.36,30.5,44.7,6,-0.5,9.264555792790679,-0.06239872289203759,-0.6010552573728922,-0.24253562503633297,-0.43736487017083747,-0.10148989131201067,29.754037838834297,43.2320609910082,63.2320609910082
CHN,China,2017,10557.12,5.36,30.5,34.6,6,-0.5,9.264555792790679,-0.06239872289203759,-0.6010552573728922,-0.24253562503633297,-0.43736487017083747,-0.7239886173755601,29.790390881953932,36.168582524513404,56.168582524513404
CHN,China,2017,10557.12,5.36,30.5,39.1,6,-0.5,9.264555792790679,-0.06239872289203759,-0.6010552573728922,-0.24253562503633297,-0.43736487017083747,-0.4466376998224936,29.761299270566806,39.30461706513425,59.30461706513425
CHN,China,2017,10557.12,5.36,24.9,44.7,6,-0.5,9.264555792790679,-0.06239872289203759,-0.6010552573728922,-0.24253562503633297,-1.2057950959468329,-0.10148989131201067,25.87955852878398,43.131899337923365,63.131899337923365
CHN,China,2017,10557.12,5.36,24.9,34.6,6,-0.5,9.264555792790679,-0.06239872289203759,-0.6010552573728922,-0.24253562503633297,-1.2057950959468329,-0.7239886173755601,25.8689668335874,36.094672042520315,56.094672042520315
CHN,China,2017,10557.12,5.36,24.9,39.1,6,-0.5,9.264555792790679,-0.06239872289203759,-0.6010552573728922,-0.24253562503633297,-1.2057950959468329,-0.4466376998224936,25.865760588777974,39.200216823159224,59.200216823159224
CHN,China,2018,10534.76,5.49,24.5,44.6,6,0.5,9.262435544773288,-0.0642093151968836,-0.561333373052871,0.24253562503633297,-1.2606829692165467,-0.10765324503541224,25.57728489673499,43.19741848104422,63.19741848104422
CHN,China,2018,10534.76,5.49,24.5,34.8,6,0.5,9.262435544773288,-0.0642093151968836,-0.561333373052871,0.24253562503633297,-1.2606829692165467,-0.7116619099287573,25.561164234240056,36.32503429749885,56.32503429749885
CHN,China,2018,10534.76,5.49,24.5,39.2,6,0.5,9.262435544773288,-0.0642093151968836,-0.561333373052871,0.24253562503633297,-1.2606829692165467,-0.440474346099092,25.556919946710202,39.41184714194491,59.41184714194491
CHN,China,2018,10534.76,5.49,27.5,44.6,6,0.5,9.262435544773288,-0.0642093151968836,-0.561333373052871,0.24253562503633297,-0.8490239196936921,-0.10765324503541224,27.65002144458691,43.23464739377293,63.23464739377293
CHN,China,2018,10534.76,5.49,27.5,34.8,6,0.5,9.262435544773288,-0.0642093151968836,-0.561333373052871,0.24253562503633297,-0.8490239196936921,-0.7116619099287573,27.661333054718806,36.366127405816826,56.366127405816826
CHN,China,2018,10534.76,5.49,27.5,39.2,6,0.5,9.262435544773288,-0.0642093151968836,-0.561333373052871,0.24253562503633297,-0.8490239196936921,-0.440474346099092,27.65137916943927,39.4662916587277,59.4662916587277
CHN,China,2018,10534.76,5.49,30.4,44.6,6,0.5,9.262435544773288,-0.0642093151968836,-0.561333373052871,0.24253562503633297,-0.4510868384882662,-0.10765324503541224,29.683734635927394,43.2761267396246,63.2761267396246
CHN,China,2018,10534.76,5.49,30.4,34.8,6,0.5,9.262435544773288,-0.0642093151968836,-0.561333373052871,0.24253562503633297,-0.4510868384882662,-0.7116619099287573,29.675325068616555,36.45030863618842,56.45030863618842
CHN,China,2018,10534.76,5.49,30.4,39.2,6,0.5,9.262435544773288,-0.0642093151968836,-0.561333373052871,0.24253562503633297,-0.4510868384882662,-0.440474346099092,29.641800751388367,39.504387598114555,59.504387598114555
CHN,China,2019,10762.36,5.52,27.3,39.2,6,1.5,9.283810140521298,-0.045956413525426995,-0.5521667843636355,0.7276068751089989,-0.876467856328549,-0.440474346099092,27.463983645130035,39.593224290208255,59.593224290208255
CHN,China,2019,10762.36,5.52,27.3,44.6,6,1.5,9.283810140521298,-0.045956413525426995,-0.5521667843636355,0.7276068751089989,-0.876467856328549,-0.10765324503541224,27.495380048016532,43.3922515824463,63.3922515824463
CHN,China,2019,10762.36,5.52,27.3,35.1,6,1.5,9.283810140521298,-0.045956413525426995,-0.5521667843636355,0.7276068751089989,-0.876467856328549,-0.6931718487585526,27.485792052038214,36.72028157462143,56.72028157462143
CHN,China,2019,10762.36,5.52,30.2,39.2,6,1.5,9.283810140521298,-0.045956413525426995,-0.5521667843636355,0.7276068751089989,-0.47853077512312303,-0.440474346099092,29.495247489529785,39.643233305034116,59.643233305034116
CHN,China,2019,10762.36,5.52,30.2,44.6,6,1.5,9.283810140521298,-0.045956413525426995,-0.5521667843636355,0.7276068751089989,-0.47853077512312303,-0.10765324503541224,29.47588670481032,43.42123394270884,63.42123394270884
CHN,China,2019,10762.36,5.52,30.2,35.1,6,1.5,9.283810140521298,-0.045956413525426995,-0.5521667843636355,0.7276068751089989,-0.47853077512312303,-0.6931718487585526,29.5087270977298,36.788978443585634,56.788978443585634
CHN,China,2019,10762.36,5.52,24.1,39.2,6,1.5,9.283810140521298,-0.045956413525426995,-0.5521667843636355,0.7276068751089989,-1.3155708424862604,-0.440474346099092,25.220464728221593,39.548767126606045,59.548767126606045
CHN,China,2019,10762.36,5.52,24.1,44.6,6,1.5,9.283810140521298,-0.045956413525426995,-0.5521667843636355,0.7276068751089989,-1.3155708424862604,-0.10765324503541224,25.227434105398768,43.32525316949597,63.32525316949597
CHN,China,2019,10762.36,5.52,24.1,35.1,6,1.5,9.283810140521298,-0.045956413525426995,-0.5521667843636355,0.7276068751089989,-1.3155708424862604,-0.6931718487585526,25.22546145737776,36.68283428336771,56.68283428336771
COL,Colombia,2015,6070.94,7.68,31.7,41.3,7,-2.5,8.711268732031028,-0.5348799073408729,0.10782760126133367,-1.212678125181665,-0.27270125036169574,-0.3110439179076613,31.669297371296384,44.36961880691843,64.36961880691842
COL,Colombia,2015,6070.94,7.68,31.7,61.2,7,-2.5,8.711268732031028,-0.5348799073408729,0.10782760126133367,-1.212678125181665,-0.27270125036169574,0.9154634730492333,31.690609608594293,58.28925159686545,78.28925159686545
COL,Colombia,2015,6070.94,7.68,31.7,51.8,7,-2.5,8.711268732031028,-0.5348799073408729,0.10782760126133367,-1.212678125181665,-0.27270125036169574,0.33610822304949395,31.688203573016178,51.68538026670013,71.68538026670012
COL,Colombia,2015,6070.94,7.68,31.5,41.3,7,-2.5,8.711268732031028,-0.5348799073408729,0.10782760126133367,-1.212678125181665,-0.3001451869965526,-0.3110439179076613,31.517054605485743,44.34092341988341,64.34092341988341
COL,Colombia,2015,6070.94,7.68,31.5,61.2,7,-2.5,8.711268732031028,-0.5348799073408729,0.10782760126133367,-1.212678125181665,-0.3001451869965526,0.9154634730492333,31.53205128940566,58.27758317636042,78.27758317636042
COL,Colombia,2015,6070.94,7.68,31.5,51.8,7,-2.5,8.711268732031028,-0.5348799073408729,0.10782760126133367,-1.212678125181665,-0.3001451869965526,0.33610822304949395,31.539107723839482,51.740160074461166,71.74016007446116
COL,Colombia,2015,6070.94,7.68,31.1,41.3,7,-2.5,8.711268732031028,-0.5348799073408729,0.10782760126133367,-1.212678125181665,-0.35503306026626635,-0.3110439179076613,31.26168619283015,44.3301824596695,64.3301824596695
COL,Colombia,2015,6070.94,7.68,31.1,61.2,7,-2.5,8.711268732031028,-0.5348799073408729,0.10782760126133367,-1.212678125181665,-0.35503306026626635,0.9154634730492333,31.263747481983824,58.26035534455196,78.26035534455195
COL,Colombia,2015,6070.94,7.68,31.1,51.8,7,-2.5,8.711268732031028,-0.5348799073408729,0.10782760126133367,-1.212678125181665,-0.35503306026626635,0.33610822304949395,31.24084644561373,51.683780060362764,71.68378006036276
COL,Colombia,2016,6148.66,7.67,31.0,42.5,7,-1.5,8.72398945088106,-0.5240170104188816,0.10477207169825518,-0.7276068751089989,-0.3687550285836951,-0.23708367322684337,31.164665058553116,45.31584299731565,65.31584299731566
COL,Colombia,2016,6148.66,7.67,31.0,52.8,7,-1.5,8.72398945088106,-0.5240170104188816,0.10477207169825518,-0.7276068751089989,-0.3687550285836951,0.3977417602835087,31.127321685289235,52.52759794040141,72.5275979404014
COL,Colombia,2016,6148.66,7.67,31.0,62.0,7,-1.5,8.72398945088106,-0.5240170104188816,0.10477207169825518,-0.7276068751089989,-0.3687550285836951,0.9647703028364449,31.149695812838953,58.93041696960373,78.93041696960373
COL,Colombia,2016,6148.66,7.67,31.3,42.5,7,-1.5,8.72398945088106,-0.5240170104188816,0.10477207169825518,-0.7276068751089989,-0.3275891236314095,-0.23708367322684337,31.369296867297276,45.32137250914101,65.32137250914101
COL,Colombia,2016,6148.66,7.67,31.3,52.8,7,-1.5,8.72398945088106,-0.5240170104188816,0.10477207169825518,-0.7276068751089989,-0.3275891236314095,0.3977417602835087,31.352296184240483,52.4917988647286,72.4917988647286
COL,Colombia,2016,6148.66,7.67,31.3,62.0,7,-1.5,8.72398945088106,-0.5240170104188816,0.10477207169825518,-0.7276068751089989,-0.3275891236314095,0.9647703028364449,31.356899921315875,58.931789584735064,78.93178958473507
COL,Colombia,2016,6148.66,7.67,31.5,42.5,7,-1.5,8.72398945088106,-0.5240170104188816,0.10477207169825518,-0.7276068751089989,-0.3001451869965526,-0.23708367322684337,31.536476454276634,45.30049694064798,65.30049694064797
COL,Colombia,2016,6148.66,7.67,31.5,52.8,7,-1.5,8.72398945088106,-0.5240170104188816,0.10477207169825518,-0.7276068751089989,-0.3001451869965526,0.3977417602835087,31.500012453948333,52.528666077860144,72.52866607786015
COL,Colombia,2016,6148.66,7.67,31.5,62.0,7,-1.5,8.72398945088106,-0.5240170104188816,0.10477207169825518,-0.7276068751089989,-0.3001451869965526,0.9647703028364449,31.501796089740637,58.96736088945015,78.96736088945015
COL,Colombia,2017,6198.19,7.8,31.0,43.5,7,-0.5,8.732012592927854,-0.5171656236323089,0.14449395601827644,-0.24253562503633297,-0.3687550285836951,-0.17545013599282858,31.135716531786116,46.129113462442255,66.12911346244226
COL,Colombia,2017,6198.19,7.8,31.0,53.6,7,-0.5,8.732012592927854,-0.5171656236323089,0.14449395601827644,-0.24253562503633297,-0.3687550285836951,0.4470485900707208,31.134463272356435,53.21821868157838,73.21821868157838
COL,Colombia,2017,6198.19,7.8,31.0,62.7,7,-0.5,8.732012592927854,-0.5171656236323089,0.14449395601827644,-0.24253562503633297,-0.3687550285836951,1.0079137789002555,31.12033815584892,59.583733641047786,79.58373364104779
COL,Colombia,2017,6198.19,7.8,31.2,43.5,7,-0.5,8.732012592927854,-0.5171656236323089,0.14449395601827644,-0.24253562503633297,-0.3413110919488382,-0.17545013599282858,31.286697318670907,46.142240363139045,66.14224036313905
COL,Colombia,2017,6198.19,7.8,31.2,53.6,7,-0.5,8.732012592927854,-0.5171656236323089,0.14449395601827644,-0.24253562503633297,-0.3413110919488382,0.4470485900707208,31.25641783798771,53.219546133203984,73.21954613320398
COL,Colombia,2017,6198.19,7.8,31.2,62.7,7,-0.5,8.732012592927854,-0.5171656236323089,0.14449395601827644,-0.24253562503633297,-0.3413110919488382,1.0079137789002555,31.25222894350745,59.61614977307172,79.61614977307173
COL,Colombia,2017,6198.19,7.8,31.4,43.5,7,-0.5,8.732012592927854,-0.5171656236323089,0.14449395601827644,-0.24253562503633297,-0.3138671553139813,-0.17545013599282858,31.398498754240293,46.16198937059239,66.16198937059238
COL,Colombia,2017,6198.19,7.8,31.4,53.6,7,-0.5,8.732012592927854,-0.5171656236323089,0.14449395601827644,-0.24253562503633297,-0.3138671553139813,0.4470485900707208,31.406239474365858,53.20663129046108,73.20663129046108
COL,Colombia,2017,6198.19,7.8,31.4,62.7,7,-0.5,8.732012592927854,-0.5171656236323089,0.14449395601827644,-0.24253562503633297,-0.3138671553139813,1.0079137789002555,31.413193055259548,59.6081740459313,79.60817404593129
COL,Colombia,2018,6179.96,7.75,31.2,44.6,7,0.5,8.72906707793888,-0.5196809552015867,0.12921630820288368,0.24253562503633297,-0.3413110919488382,-0.10765324503541224,31.22091900182022,46.988435651224314,66.98843565122431
COL,Colombia,2018,6179.96,7.75,31.2,54.4,7,0.5,8.72906707793888,-0.5196809552015867,0.12921630820288368,0.24253562503633297,-0.3413110919488382,0.49635541985793247,31.245286994964328,53.879963200719985,73.87996320071998
COL,Colombia,2018,6179.96,7.75,31.2,63.3,7,0.5,8.72906707793888,-0.5196809552015867,0.12921630820288368,0.24253562503633297,-0.3413110919488382,1.044893901240664,31.2250297207965,60.08813978156816,80.08813978156816
COL,Colombia,2018,6179.96,7.75,30.9,44.6,7,0.5,8.72906707793888,-0.5196809552015867,0.12921630820288368,0.24253562503633297,-0.38247699690112374,-0.10765324503541224,31.002499143163497,46.97863289451745,66.97863289451746
COL,Colombia,2018,6179.96,7.75,30.9,54.4,7,0.5,8.72906707793888,-0.5196809552015867,0.12921630820288368,0.24253562503633297,-0.38247699690112374,0.49635541985793247,31.018742947112873,53.8148673263622,73.81486732636219
COL,Colombia,2018,6179.96,7.75,30.9,63.3,7,0.5,8.72906707793888,-0.5196809552015867,0.12921630820288368,0.24253562503633297,-0.38247699690112374,1.044893901240664,30.993164440702277,60.08893319226176,80.08893319226176
COL,Colombia,2018,6179.96,7.75,31.1,44.6,7,0.5,8.72906707793888,-0.5196809552015867,0.12921630820288368,0.24253562503633297,-0.35503306026626635,-0.10765324503541224,31.17259843492203,46.987450114593834,66.98745011459383
COL,Colombia,2018,6179.96,7.75,31.1,54.4,7,0.5,8.72906707793888,-0.5196809552015867,0.12921630820288368,0.24253562503633297,-0.35503306026626635,0.49635541985793247,31.141735598287127,53.85597923587457,73.85597923587457
COL,Colombia,2018,6179.96,7.75,31.1,63.3,7,0.5,8.72906707793888,-0.5196809552015867,0.12921630820288368,0.24253562503633297,-0.35503306026626635,1.044893901240664,31.135092648659516,60.091680439743406,80.09168043974341
COL,Colombia,2019,6187.82,7.73,30.8,55.3,7,1.5,8.730338122711377,-0.518595542615267,0.1231052490767267,0.7276068751089989,-0.3961989652185519,0.5518256033685457,30.90548784481942,54.57107210167303,74.57107210167302
COL,Colombia,2019,6187.82,7.73,30.8,45.6,7,1.5,8.730338122711377,-0.518595542615267,0.1231052490767267,0.7276068751089989,-0.3961989652185519,-0.046019707801397455,30.910401667595632,47.782753599386695,67.7827535993867
COL,Colombia,2019,6187.82,7.73,30.8,63.9,7,1.5,8.730338122711377,-0.518595542615267,0.1231052490767267,0.7276068751089989,-0.3961989652185519,1.0818740235810729,30.882583071317978,60.59886770970612,80.59886770970613
COL,Colombia,2019,6187.82,7.73,31.0,55.3,7,1.5,8.730338122711377,-0.518595542615267,0.1231052490767267,0.7276068751089989,-0.3687550285836951,0.5518256033685457,31.037319739623257,54.600217832180206,74.6002178321802
COL,Colombia,2019,6187.82,7.73,31.0,45.6,7,1.5,8.730338122711377,-0.518595542615267,0.1231052490767267,0.7276068751089989,-0.3687550285836951,-0.046019707801397455,31.03919473380895,47.81077627143969,67.81077627143969
COL,Colombia,2019,6187.82,7.73,31.0,63.9,7,1.5,8.730338122711377,-0.518595542615267,0.1231052490767267,0.7276068751089989,-0.3687550285836951,1.0818740235810729,31.01777346626956,60.56776460271051,80.56776460271051
COL,Colombia,2019,6187.82,7.73,31.1,55.3,7,1.5,8.730338122711377,-0.518595542615267,0.1231052490767267,0.7276068751089989,-0.35503306026626635,0.5518256033685457,31.113728178693037,54.58913536738698,74.58913536738697
COL,Colombia,2019,6187.82,7.73,31.1,45.6,7,1.5,8.730338122711377,-0.518595542615267,0.1231052490767267,0.7276068751089989,-0.35503306026626635,-0.046019707801397455,31.128066561568037,47.800316209380696,67.8003162093807
COL,Colombia,2019,6187.82,7.73,31.1,63.9,7,1.5,8.730338122711377,-0.518595542615267,0.1231052490767267,0.7276068751089989,-0.35503306026626635,1.0818740235810729,31.12695160047107,60.625155207197395,80.6251552071974
DEU,Germany,2015,48713.52,11.76,26.7,61.6,8,-2.5,10.79371188861173,1.2434288205330952,1.3544836629973864,-1.212678125181665,-0.9587996662331201,0.9401168879428391,27.996806614952867,61.61941508804637,81.61941508804637
DEU,Germany,2015,48713.52,11.76,26.7,58.3,8,-2.5,10.79371188861173,1.2434288205330952,1.3544836629973864,-1.212678125181665,-0.9587996662331201,0.73672621507059,27.970311848798794,59.334729234610315,79.33472923461031
DEU,Germany,2015,48713.52,11.76,26.7,66.3,8,-2.5,10.79371188861173,1.2434288205330952,1.3544836629973864,-1.212678125181665,-0.9587996662331201,1.2297945129427084,27.9987781396191,64.9179552346667,84.9179552346667
DEU,Germany,2015,48713.52,11.76,36.7,61.6,8,-2.5,10.79371188861173,1.2434288205330952,1.3544836629973864,-1.212678125181665,0.41339716550972905,0.9401168879428391,35.03661447945625,61.76309027221659,81.76309027221659
DEU,Germany,2015,48713.52,11.76,36.7,58.3,8,-2.5,10.79371188861173,1.2434288205330952,1.3544836629973864,-1.212678125181665,0.41339716550972905,0.73672621507059,35.00150667158886,59.43798728693534,79.43798728693534
DEU,Germany,2015,48713.52,11.76,36.7,66.3,8,-2.5,10.79371188861173,1.2434288205330952,1.3544836629973864,-1.212678125181665,0.41339716550972905,1.2297945129427084,35.01779711338201,65.05626741296419,85.05626741296419
DEU,Germany,2015,48713.52,11.76,31.7,61.6,8,-2.5,10.79371188861173,1.2434288205330952,1.3544836629973864,-1.212678125181665,-0.27270125036169574,0.9401168879428391,31.5345612465369,61.687210580802336,81.68721058080234
DEU,Germany,2015,48713.52,11.76,31.7,58.3,8,-2.5,10.79371188861173,1.2434288205330952,1.3544836629973864,-1.212678125181665,-0.27270125036169574,0.73672621507059,31.518093303692815,59.39012131754797,79.39012131754797
DEU,Germany,2015,48713.52,11.76,31.7,66.3,8,-2.5,10.79371188861173,1.2434288205330952,1.3544836629973864,-1.212678125181665,-0.27270125036169574,1.2297945129427084,31.48661557456902,64.98435668985255,84.98435668985255
DEU,Germany,2016,47521.11,11.74,31.2,59.0,8,-1.5,10.768929312349577,1.2222656634371043,1.3483726038712296,-0.7276068751089989,-0.3413110919488382,0.7798696911344005,31.06698622589164,59.88972020141844,79.88972020141844
DEU,Germany,2016,47521.11,11.74,31.2,61.9,8,-1.5,10.768929312349577,1.2222656634371043,1.3483726038712296,-0.7276068751089989,-0.3413110919488382,0.9586069491130433,31.11042961668931,61.94284374844118,81.94284374844118
DEU,Germany,2016,47521.11,11.74,31.2,66.1,8,-1.5,10.768929312349577,1.2222656634371043,1.3483726038712296,-0.7276068751089989,-0.3413110919488382,1.2174678054959052,31.126638886943237,64.86440370596638,84.86440370596638
DEU,Germany,2016,47521.11,11.74,36.1,59.0,8,-1.5,10.768929312349577,1.2222656634371043,1.3483726038712296,-0.7276068751089989,0.33106535560515793,0.7798696911344005,34.524432589938044,59.980012869228815,79.98001286922882
DEU,Germany,2016,47521.11,11.74,36.1,61.9,8,-1.5,10.768929312349577,1.2222656634371043,1.3483726038712296,-0.7276068751089989,0.33106535560515793,0.9586069491130433,34.563934597767975,62.04167262268122,82.04167262268122
DEU,Germany,2016,47521.11,11.74,36.1,66.1,8,-1.5,10.768929312349577,1.2222656634371043,1.3483726038712296,-0.7276068751089989,0.33106535560515793,1.2174678054959052,34.570270054797405,64.95717514800012,84.95717514800012
DEU,Germany,2016,47521.11,11.74,26.2,59.0,8,-1.5,10.768929312349577,1.2222656634371043,1.3483726038712296,-0.7276068751089989,-1.0274095078202625,0.7798696911344005,27.6316634532376,59.82418546695813,79.82418546695813
DEU,Germany,2016,47521.11,11.74,26.2,61.9,8,-1.5,10.768929312349577,1.2222656634371043,1.3483726038712296,-0.7276068751089989,-1.0274095078202625,0.9586069491130433,27.63867961656685,61.87256720890753,81.87256720890753
DEU,Germany,2016,47521.11,11.74,26.2,66.1,8,-1.5,10.768929312349577,1.2222656634371043,1.3483726038712296,-0.7276068751089989,-1.0274095078202625,1.2174678054959052,27.60778481053802,64.79844670698749,84.79844670698749
DEU,Germany,2017,48432.02,11.75,35.5,65.7,8,-0.5,10.78791644421153,1.2384797829921594,1.3514281334343081,-0.24253562503633297,0.2487335457005868,1.1928143906022999,34.05366953219033,64.81739658816427,84.81739658816427
DEU,Germany,2017,48432.02,11.75,35.5,59.7,8,-0.5,10.78791644421153,1.2384797829921594,1.3514281334343081,-0.24253562503633297,0.2487335457005868,0.823013167198211,34.05744112562788,60.59268749562409,80.59268749562409
DEU,Germany,2017,48432.02,11.75,35.5,62.2,8,-0.5,10.78791644421153,1.2384797829921594,1.3514281334343081,-0.24253562503633297,0.2487335457005868,0.977097010283248,34.06606718181457,62.345715377966265,82.34571537796626
DEU,Germany,2017,48432.02,11.75,30.7,65.7,8,-0.5,10.78791644421153,1.2384797829921594,1.3514281334343081,-0.24253562503633297,-0.40992093353598064,1.1928143906022999,30.735192481133453,64.7538767072767,84.7538767072767
DEU,Germany,2017,48432.02,11.75,30.7,59.7,8,-0.5,10.78791644421153,1.2384797829921594,1.3514281334343081,-0.24253562503633297,-0.40992093353598064,0.823013167198211,30.72591105000728,60.53620868385858,80.53620868385858
DEU,Germany,2017,48432.02,11.75,30.7,62.2,8,-0.5,10.78791644421153,1.2384797829921594,1.3514281334343081,-0.24253562503633297,-0.40992093353598064,0.977097010283248,30.742495377965337,62.253030573881965,82.25303057388197
DEU,Germany,2017,48432.02,11.75,25.8,65.7,8,-0.5,10.78791644421153,1.2384797829921594,1.3514281334343081,-0.24253562503633297,-1.0822973810899763,1.1928143906022999,27.313135101254968,64.64554545846205,84.64554545846205
DEU,Germany,2017,48432.02,11.75,25.8,59.7,8,-0.5,10.78791644421153,1.2384797829921594,1.3514281334343081,-0.24253562503633297,-1.0822973810899763,0.823013167198211,27.28342285257848,60.46860565009545,80.46860565009544
DEU,Germany,2017,48432.02,11.75,25.8,62.2,8,-0.5,10.78791644421153,1.2384797829921594,1.3514281334343081,-0.24253562503633297,-1.0822973810899763,0.977097010283248,27.289907264141164,62.19987950826262,82.19987950826263
DEU,Germany,2018,49316.57,11.77,30.2,62.4,8,0.5,10.806015409036663,1.2539354495789312,1.357539192560465,0.24253562503633297,-0.47853077512312303,0.9894237177300508,30.35103501812454,62.556247542553855,82.55624754255385
DEU,Germany,2018,49316.57,11.77,30.2,65.4,8,0.5,10.806015409036663,1.2539354495789312,1.357539192560465,0.24253562503633297,-0.47853077512312303,1.1743243294320955,30.32994015095645,64.6572059789726,84.6572059789726
DEU,Germany,2018,49316.57,11.77,30.2,60.4,8,0.5,10.806015409036663,1.2539354495789312,1.357539192560465,0.24253562503633297,-0.47853077512312303,0.8661566432620211,30.324716657438927,61.14943540600082,81.14943540600082
DEU,Germany,2018,49316.57,11.77,25.4,62.4,8,0.5,10.806015409036663,1.2539354495789312,1.357539192560465,0.24253562503633297,-1.1371852543596905,0.9894237177300508,26.975597301124925,62.47872861399073,82.47872861399074
DEU,Germany,2018,49316.57,11.77,25.4,65.4,8,0.5,10.806015409036663,1.2539354495789312,1.357539192560465,0.24253562503633297,-1.1371852543596905,1.1743243294320955,27.013362676781604,64.58187271094415,84.58187271094415
DEU,Germany,2018,49316.57,11.77,25.4,60.4,8,0.5,10.806015409036663,1.2539354495789312,1.357539192560465,0.24253562503633297,-1.1371852543596905,0.8661566432620211,26.982755878559153,61.06701698330481,81.06701698330481
DEU,Germany,2018,49316.57,11.77,34.9,62.4,8,0.5,10.806015409036663,1.2539354495789312,1.357539192560465,0.24253562503633297,0.1664017357960157,0.9894237177300508,33.64053649250611,62.64776208716992,82.64776208716992
DEU,Germany,2018,49316.57,11.77,34.9,65.4,8,0.5,10.806015409036663,1.2539354495789312,1.357539192560465,0.24253562503633297,0.1664017357960157,1.1743243294320955,33.63738169677739,64.72905454945737,84.72905454945737
DEU,Germany,2018,49316.57,11.77,34.9,60.4,8,0.5,10.806015409036663,1.2539354495789312,1.357539192560465,0.24253562503633297,0.1664017357960157,0.8661566432620211,33.63779480789389,61.215314189871016,81.21531418987101
DEU,Germany,2019,49291.76,11.76,25.0,62.6,8,1.5,10.805512206101909,1.2535057378876726,1.3544836629973864,0.7276068751089989,-1.1920731276294043,1.0017504251768539,26.628957016100983,62.69937556872909,82.6993755687291
DEU,Germany,2019,49291.76,11.76,25.0,65.0,8,1.5,10.805512206101909,1.2535057378876726,1.3544836629973864,0.7276068751089989,-1.1920731276294043,1.1496709145384894,26.65380251680058,64.38446309045962,84.38446309045962
DEU,Germany,2019,49291.76,11.76,25.0,61.1,8,1.5,10.805512206101909,1.2535057378876726,1.3544836629973864,0.7276068751089989,-1.1920731276294043,0.9093001193258317,26.654014680464485,61.64526325921222,81.64526325921221
DEU,Germany,2019,49291.76,11.76,29.7,62.6,8,1.5,10.805512206101909,1.2535057378876726,1.3544836629973864,0.7276068751089989,-0.5471406167102655,1.0017504251768539,29.959807399847733,62.760832285041566,82.76083228504157
DEU,Germany,2019,49291.76,11.76,29.7,65.0,8,1.5,10.805512206101909,1.2535057378876726,1.3544836629973864,0.7276068751089989,-0.5471406167102655,1.1496709145384894,29.910192549125593,64.48479915777322,84.48479915777322
DEU,Germany,2019,49291.76,11.76,29.7,61.1,8,1.5,10.805512206101909,1.2535057378876726,1.3544836629973864,0.7276068751089989,-0.5471406167102655,0.9093001193258317,29.970159807547454,61.72199292722729,81.72199292722729
DEU,Germany,2019,49291.76,11.76,34.4,62.6,8,1.5,10.805512206101909,1.2535057378876726,1.3544836629973864,0.7276068751089989,0.09779189420887327,1.0017504251768539,33.20762482173742,62.85049402482105,82.85049402482105
DEU,Germany,2019,49291.76,11.76,34.4,65.0,8,1.5,10.805512206101909,1.2535057378876726,1.3544836629973864,0.7276068751089989,0.09779189420887327,1.1496709145384894,33.232088121550824,64.50068482860455,84.50068482860455
DEU,Germany,2019,49291.76,11.76,34.4,61.1,8,1.5,10.805512206101909,1.2535057378876726,1.3544836629973864,0.7276068751089989,0.09779189420887327,0.9093001193258317,33.21619488498547,61.8086290611534,81.8086290611534
EGY,"Egypt, Arab Rep.",2015,3616.06,4.77,34.7,44.1,9,-2.5,8.19314031429476,-0.9773372606224039,-0.7813315015945276,-1.212678125181665,0.1389577991611593,-0.13847001365241962,35.71460322208169,43.48150257579172,63.48150257579172
EGY,"Egypt, Arab Rep.",2015,3616.06,4.77,34.7,51.8,9,-2.5,8.19314031429476,-0.9773372606224039,-0.7813315015945276,-1.212678125181665,0.1389577991611593,0.33610822304949395,35.75143721730602,48.86549776447409,68.8654977644741
EGY,"Egypt, Arab Rep.",2015,3616.06,4.77,34.7,34.4,9,-2.5,8.19314031429476,-0.9773372606224039,-0.7813315015945276,-1.212678125181665,0.1389577991611593,-0.7363153248223632,35.773666094793555,36.675721042847115,56.675721042847115
EGY,"Egypt, Arab Rep.",2015,3616.06,4.77,38.1,44.1,9,-2.5,8.19314031429476,-0.9773372606224039,-0.7813315015945276,-1.212678125181665,0.6055047219537276,-0.13847001365241962,38.13066744438293,43.49964077419805,63.49964077419805
EGY,"Egypt, Arab Rep.",2015,3616.06,4.77,38.1,51.8,9,-2.5,8.19314031429476,-0.9773372606224039,-0.7813315015945276,-1.212678125181665,0.6055047219537276,0.33610822304949395,38.104321823852935,48.94019297541559,68.94019297541558
EGY,"Egypt, Arab Rep.",2015,3616.06,4.77,38.1,34.4,9,-2.5,8.19314031429476,-0.9773372606224039,-0.7813315015945276,-1.212678125181665,0.6055047219537276,-0.7363153248223632,38.10418387044091,36.73636613477417,56.73636613477417
EGY,"Egypt, Arab Rep.",2015,3616.06,4.77,41.4,44.1,9,-2.5,8.19314031429476,-0.9773372606224039,-0.7813315015945276,-1.212678125181665,1.0583296764288672,-0.13847001365241962,40.43995368891428,43.5742572984534,63.5742572984534
EGY,"Egypt, Arab Rep.",2015,3616.06,4.77,41.4,51.8,9,-2.5,8.19314031429476,-0.9773372606224039,-0.7813315015945276,-1.212678125181665,1.0583296764288672,0.33610822304949395,40.40769398390501,48.98311215235676,68.98311215235677
EGY,"Egypt, Arab Rep.",2015,3616.06,4.77,41.4,34.4,9,-2.5,8.19314031429476,-0.9773372606224039,-0.7813315015945276,-1.212678125181665,1.0583296764288672,-0.7363153248223632,40.38521950503792,36.783914319824966,56.783914319824966
EGY,"Egypt, Arab Rep.",2016,3618.59,4.73,41.2,34.6,9,-1.5,8.193839726181482,-0.976739995694137,-0.7935536198468416,-0.7276068751089989,1.030885739794011,-0.7239886173755601,40.25554380182304,37.01727748645387,57.01727748645387
EGY,"Egypt, Arab Rep.",2016,3618.59,4.73,41.2,52.0,9,-1.5,8.193839726181482,-0.976739995694137,-0.7935536198468416,-0.7276068751089989,1.030885739794011,0.3484349304962971,40.23126660986942,49.19923701922412,69.19923701922411
EGY,"Egypt, Arab Rep.",2016,3618.59,4.73,41.2,44.3,9,-1.5,8.193839726181482,-0.976739995694137,-0.7935536198468416,-0.7276068751089989,1.030885739794011,-0.12614330620561692,40.25434987611983,43.805488194318315,63.805488194318315
EGY,"Egypt, Arab Rep.",2016,3618.59,4.73,34.9,34.6,9,-1.5,8.193839726181482,-0.976739995694137,-0.7935536198468416,-0.7276068751089989,0.1664017357960157,-0.7239886173755601,35.8329399265315,36.930122234860555,56.930122234860555
EGY,"Egypt, Arab Rep.",2016,3618.59,4.73,34.9,52.0,9,-1.5,8.193839726181482,-0.976739995694137,-0.7935536198468416,-0.7276068751089989,0.1664017357960157,0.3484349304962971,35.80852087191893,49.09750108844849,69.0975010884485
EGY,"Egypt, Arab Rep.",2016,3618.59,4.73,34.9,44.3,9,-1.5,8.193839726181482,-0.976739995694137,-0.7935536198468416,-0.7276068751089989,0.1664017357960157,-0.12614330620561692,35.82621439100707,43.69155751778025,63.69155751778025
EGY,"Egypt, Arab Rep.",2016,3618.59,4.73,38.1,34.6,9,-1.5,8.193839726181482,-0.976739995694137,-0.7935536198468416,-0.7276068751089989,0.6055047219537276,-0.7239886173755601,38.06629038601434,36.97404792050227,56.97404792050227
EGY,"Egypt, Arab Rep.",2016,3618.59,4.73,38.1,52.0,9,-1.5,8.193839726181482,-0.976739995694137,-0.7935536198468416,-0.7276068751089989,0.6055047219537276,0.3484349304962971,38.07232310643093,49.1534059725908,69.1534059725908
EGY,"Egypt, Arab Rep.",2016,3618.59,4.73,38.1,44.3,9,-1.5,8.193839726181482,-0.976739995694137,-0.7935536198468416,-0.7276068751089989,0.6055047219537276,-0.12614330620561692,38.09837193160424,43.734472497418174,63.734472497418174
EGY,"Egypt, Arab Rep.",2017,3619.91,4.7,35.1,34.6,9,-0.5,8.194204442632302,-0.9764285449610678,-0.8027202085360773,-0.24253562503633297,0.19384567243087306,-0.7239886173755601,35.93403897218051,37.01514426396809,57.01514426396809
EGY,"Egypt, Arab Rep.",2017,3619.91,4.7,35.1,52.0,9,-0.5,8.194204442632302,-0.9764285449610678,-0.8027202085360773,-0.24253562503633297,0.19384567243087306,0.3484349304962971,35.895967767332415,49.197655844153005,69.197655844153
EGY,"Egypt, Arab Rep.",2017,3619.91,4.7,35.1,44.2,9,-0.5,8.194204442632302,-0.9764285449610678,-0.8027202085360773,-0.24253562503633297,0.19384567243087306,-0.13230665992901805,35.9211277604234,43.71378390415837,63.71378390415837
EGY,"Egypt, Arab Rep.",2017,3619.91,4.7,38.2,34.6,9,-0.5,8.194204442632302,-0.9764285449610678,-0.8027202085360773,-0.24253562503633297,0.6192266902711563,-0.7239886173755601,38.099762607180736,37.06150866746061,57.06150866746061
EGY,"Egypt, Arab Rep.",2017,3619.91,4.7,38.2,52.0,9,-0.5,8.194204442632302,-0.9764285449610678,-0.8027202085360773,-0.24253562503633297,0.6192266902711563,0.3484349304962971,38.11442916604218,49.22703543841835,69.22703543841834
EGY,"Egypt, Arab Rep.",2017,3619.91,4.7,38.2,44.2,9,-0.5,8.194204442632302,-0.9764285449610678,-0.8027202085360773,-0.24253562503633297,0.6192266902711563,-0.13230665992901805,38.099899833382224,43.78855442650537,63.78855442650537
EGY,"Egypt, Arab Rep.",2017,3619.91,4.7,41.1,34.6,9,-0.5,8.194204442632302,-0.9764285449610678,-0.8027202085360773,-0.24253562503633297,1.0171637714765822,-0.7239886173755601,40.123363312390175,37.10683806438362,57.10683806438362
EGY,"Egypt, Arab Rep.",2017,3619.91,4.7,41.1,52.0,9,-0.5,8.194204442632302,-0.9764285449610678,-0.8027202085360773,-0.24253562503633297,1.0171637714765822,0.3484349304962971,40.114637485563705,49.298541773840356,69.29854177384036
EGY,"Egypt, Arab Rep.",2017,3619.91,4.7,41.1,44.2,9,-0.5,8.194204442632302,-0.9764285449610678,-0.8027202085360773,-0.24253562503633297,1.0171637714765822,-0.13230665992901805,40.12279667652843,43.853275861753104,63.853275861753104
EGY,"Egypt, Arab Rep.",2018,3579.88,4.74,40.9,44.2,9,0.5,8.18308455927988,-0.9859244034943784,-0.790498090283763,0.24253562503633297,0.9897198348417249,-0.13230665992901805,39.97846764530992,43.911775581695636,63.911775581695636
EGY,"Egypt, Arab Rep.",2018,3579.88,4.74,40.9,52.1,9,0.5,8.18308455927988,-0.9859244034943784,-0.790498090283763,0.24253562503633297,0.9897198348417249,0.35459828421969863,39.97426078705199,49.41863645381735,69.41863645381736
EGY,"Egypt, Arab Rep.",2018,3579.88,4.74,40.9,34.6,9,0.5,8.18308455927988,-0.9859244034943784,-0.790498090283763,0.24253562503633297,0.9897198348417249,-0.7239886173755601,39.96850543874337,37.16319081578999,57.16319081578999
EGY,"Egypt, Arab Rep.",2018,3579.88,4.74,38.2,44.2,9,0.5,8.18308455927988,-0.9859244034943784,-0.790498090283763,0.24253562503633297,0.6192266902711563,-0.13230665992901805,38.08529596913525,43.836291437392454,63.836291437392454
EGY,"Egypt, Arab Rep.",2018,3579.88,4.74,38.2,52.1,9,0.5,8.18308455927988,-0.9859244034943784,-0.790498090283763,0.24253562503633297,0.6192266902711563,0.35459828421969863,38.06615006309808,49.35683790097787,69.35683790097787
EGY,"Egypt, Arab Rep.",2018,3579.88,4.74,38.2,34.6,9,0.5,8.18308455927988,-0.9859244034943784,-0.790498090283763,0.24253562503633297,0.6192266902711563,-0.7239886173755601,38.08919705144507,37.153588419582235,57.153588419582235
EGY,"Egypt, Arab Rep.",2018,3579.88,4.74,35.3,44.2,9,0.5,8.18308455927988,-0.9859244034943784,-0.790498090283763,0.24253562503633297,0.22128960906572945,-0.13230665992901805,36.03787821029012,43.78781249965815,63.78781249965815
EGY,"Egypt, Arab Rep.",2018,3579.88,4.74,35.3,52.1,9,0.5,8.18308455927988,-0.9859244034943784,-0.790498090283763,0.24253562503633297,0.22128960906572945,0.35459828421969863,36.0363604984359,49.333968582045756,69.33396858204576
EGY,"Egypt, Arab Rep.",2018,3579.88,4.74,35.3,34.6,9,0.5,8.18308455927988,-0.9859244034943784,-0.790498090283763,0.24253562503633297,0.22128960906572945,-0.7239886173755601,36.04849837134448,37.06299236958398,57.06299236958398
EGY,"Egypt, Arab Rep.",2019,3586.69,4.75,38.2,34.6,9,1.5,8.184985050602712,-0.9843014730936319,-0.7874425607206845,0.7276068751089989,0.6192266902711563,-0.7239886173755601,38.04929536105073,37.24017520433372,57.24017520433372
EGY,"Egypt, Arab Rep.",2019,3586.69,4.75,38.2,44.2,9,1.5,8.184985050602712,-0.9843014730936319,-0.7874425607206845,0.7276068751089989,0.6192266902711563,-0.13230665992901805,38.046679176657236,43.98540607669049,63.98540607669049
EGY,"Egypt, Arab Rep.",2019,3586.69,4.75,38.2,52.2,9,1.5,8.184985050602712,-0.9843014730936319,-0.7874425607206845,0.7276068751089989,0.6192266902711563,0.3607616379431002,38.02949787087346,49.54268978160951,69.54268978160951
EGY,"Egypt, Arab Rep.",2019,3586.69,4.75,35.6,34.6,9,1.5,8.184985050602712,-0.9843014730936319,-0.7874425607206845,0.7276068751089989,0.2624555140180155,-0.7239886173755601,36.23918169236835,37.17338189958107,57.17338189958107
EGY,"Egypt, Arab Rep.",2019,3586.69,4.75,35.6,44.2,9,1.5,8.184985050602712,-0.9843014730936319,-0.7874425607206845,0.7276068751089989,0.2624555140180155,-0.13230665992901805,36.22604662302853,43.913097491636236,63.913097491636236
EGY,"Egypt, Arab Rep.",2019,3586.69,4.75,35.6,52.2,9,1.5,8.184985050602712,-0.9843014730936319,-0.7874425607206845,0.7276068751089989,0.2624555140180155,0.3607616379431002,36.22220185798105,49.529044223352386,69.52904422335239
EGY,"Egypt, Arab Rep.",2019,3586.69,4.75,40.7,34.6,9,1.5,8.184985050602712,-0.9843014730936319,-0.7874425607206845,0.7276068751089989,0.9622758982068684,-0.7239886173755601,39.782894424198616,37.272048129011765,57.272048129011765
EGY,"Egypt, Arab Rep.",2019,3586.69,4.75,40.7,44.2,9,1.5,8.184985050602712,-0.9843014730936319,-0.7874425607206845,0.7276068751089989,0.9622758982068684,-0.13230665992901805,39.801497718833936,43.993200779512165,63.993200779512165
EGY,"Egypt, Arab Rep.",2019,3586.69,4.75,40.7,52.2,9,1.5,8.184985050602712,-0.9843014730936319,-0.7874425607206845,0.7276068751089989,0.9622758982068684,0.3607616379431002,39.76878262278364,49.59896945962465,69.59896945962464
ESP,Spain,2015,29420.93,9.03,29.4,48.6,10,-2.5,10.289461604804686,0.8128227423343687,0.5203240922769393,-1.212678125181665,-0.588306521662551,0.1388809039006469,29.207342503275157,49.9291611657509,69.9291611657509
ESP,Spain,2015,29420.93,9.03,29.4,58.6,10,-2.5,10.289461604804686,0.8128227423343687,0.5203240922769393,-1.212678125181665,-0.588306521662551,0.7552162762407947,29.198763733749928,56.92134525540169,76.92134525540169
ESP,Spain,2015,29420.93,9.03,29.4,52.5,10,-2.5,10.289461604804686,0.8128227423343687,0.5203240922769393,-1.212678125181665,-0.588306521662551,0.3792516991133045,29.239105147666667,52.661227981424986,72.66122798142499
ESP,Spain,2015,29420.93,9.03,23.1,48.6,10,-2.5,10.289461604804686,0.8128227423343687,0.5203240922769393,-1.212678125181665,-1.4527905256605453,0.1388809039006469,24.810832907018163,49.83601858079638,69.83601858079638
ESP,Spain,2015,29420.93,9.03,23.1,58.6,10,-2.5,10.289461604804686,0.8128227423343687,0.5203240922769393,-1.212678125181665,-1.4527905256605453,0.7552162762407947,24.808603277822584,56.84133110031535,76.84133110031536
ESP,Spain,2015,29420.93,9.03,23.1,52.5,10,-2.5,10.289461604804686,0.8128227423343687,0.5203240922769393,-1.212678125181665,-1.4527905256605453,0.3792516991133045,24.81300099356426,52.55669057167625,72.55669057167626
ESP,Spain,2015,29420.93,9.03,35.7,48.6,10,-2.5,10.289461604804686,0.8128227423343687,0.5203240922769393,-1.212678125181665,0.27617748233544415,0.1388809039006469,33.63327862325711,50.046119489352385,70.04611948935238
ESP,Spain,2015,29420.93,9.03,35.7,58.6,10,-2.5,10.289461604804686,0.8128227423343687,0.5203240922769393,-1.212678125181665,0.27617748233544415,0.7552162762407947,33.63851685435017,57.01251320611526,77.01251320611526
ESP,Spain,2015,29420.93,9.03,35.7,52.5,10,-2.5,10.289461604804686,0.8128227423343687,0.5203240922769393,-1.212678125181665,0.27617748233544415,0.3792516991133045,33.64632557127654,52.76386635804187,72.76386635804187
ESP,Spain,2016,31377.08,9.04,22.5,58.5,10,-1.5,10.353832969057398,0.8677928664955068,0.5233796218400177,-0.7276068751089989,-1.5351223355651165,0.7490529225173932,24.32736380945632,56.99318585237087,76.99318585237087
ESP,Spain,2016,31377.08,9.04,22.5,52.8,10,-1.5,10.353832969057398,0.8677928664955068,0.5233796218400177,-0.7276068751089989,-1.5351223355651165,0.3977417602835087,24.358240937613534,53.025168955901236,73.02516895590124
ESP,Spain,2016,31377.08,9.04,22.5,49.2,10,-1.5,10.353832969057398,0.8677928664955068,0.5233796218400177,-0.7276068751089989,-1.5351223355651165,0.17586102624105585,24.31028389120271,50.4915320000883,70.4915320000883
ESP,Spain,2016,31377.08,9.04,35.1,58.5,10,-1.5,10.353832969057398,0.8677928664955068,0.5233796218400177,-0.7276068751089989,0.19384567243087306,0.7490529225173932,33.131313291146185,57.208074552103554,77.20807455210355
ESP,Spain,2016,31377.08,9.04,35.1,52.8,10,-1.5,10.353832969057398,0.8677928664955068,0.5233796218400177,-0.7276068751089989,0.19384567243087306,0.3977417602835087,33.15036609925598,53.22793633183884,73.22793633183883
ESP,Spain,2016,31377.08,9.04,35.1,49.2,10,-1.5,10.353832969057398,0.8677928664955068,0.5233796218400177,-0.7276068751089989,0.19384567243087306,0.17586102624105585,33.16407293433029,50.71059247773288,70.71059247773289
ESP,Spain,2016,31377.08,9.04,28.8,58.5,10,-1.5,10.353832969057398,0.8677928664955068,0.5233796218400177,-0.7276068751089989,-0.6706383315671216,0.7490529225173932,28.753918284409117,57.08180012665697,77.08180012665697
ESP,Spain,2016,31377.08,9.04,28.8,52.8,10,-1.5,10.353832969057398,0.8677928664955068,0.5233796218400177,-0.7276068751089989,-0.6706383315671216,0.3977417602835087,28.720919923062908,53.1362044544666,73.1362044544666
ESP,Spain,2016,31377.08,9.04,28.8,49.2,10,-1.5,10.353832969057398,0.8677928664955068,0.5233796218400177,-0.7276068751089989,-0.6706383315671216,0.17586102624105585,28.709165848494642,50.614500332714094,70.6145003327141
ESP,Spain,2017,30703.09,9.04,34.6,49.8,10,-0.5,10.332118579976068,0.849249797263699,0.5233796218400177,-0.24253562503633297,0.12523583084373063,0.21284114858146438,32.779636437918924,51.14271771548657,71.14271771548657
ESP,Spain,2017,30703.09,9.04,34.6,58.3,10,-0.5,10.332118579976068,0.849249797263699,0.5233796218400177,-0.24253562503633297,0.12523583084373063,0.73672621507059,32.762340999048995,57.096452247069536,77.09645224706954
ESP,Spain,2017,30703.09,9.04,34.6,53.1,10,-0.5,10.332118579976068,0.849249797263699,0.5233796218400177,-0.24253562503633297,0.12523583084373063,0.4162318214537134,32.73965999827307,53.430818260792314,73.43081826079231
ESP,Spain,2017,30703.09,9.04,21.9,49.8,10,-0.5,10.332118579976068,0.849249797263699,0.5233796218400177,-0.24253562503633297,-1.6174541454696876,0.21284114858146438,23.852490529717038,50.954136176528785,70.95413617652878
ESP,Spain,2017,30703.09,9.04,21.9,58.3,10,-0.5,10.332118579976068,0.849249797263699,0.5233796218400177,-0.24253562503633297,-1.6174541454696876,0.73672621507059,23.892321389071355,56.910305379316306,76.9103053793163
ESP,Spain,2017,30703.09,9.04,21.9,53.1,10,-0.5,10.332118579976068,0.849249797263699,0.5233796218400177,-0.24253562503633297,-1.6174541454696876,0.4162318214537134,23.867757508002853,53.21272415352899,73.212724153529
ESP,Spain,2017,30703.09,9.04,28.2,49.8,10,-0.5,10.332118579976068,0.849249797263699,0.5233796218400177,-0.24253562503633297,-0.7529701414716927,0.21284114858146438,28.287724635570406,51.04155484190434,71.04155484190434
ESP,Spain,2017,30703.09,9.04,28.2,58.3,10,-0.5,10.332118579976068,0.849249797263699,0.5233796218400177,-0.24253562503633297,-0.7529701414716927,0.73672621507059,28.29751339004685,56.970645452981955,76.97064545298196
ESP,Spain,2017,30703.09,9.04,28.2,53.1,10,-0.5,10.332118579976068,0.849249797263699,0.5233796218400177,-0.24253562503633297,-0.7529701414716927,0.4162318214537134,28.29452023016588,53.346480938756685,73.34648093875668
ESP,Spain,2018,30858.94,9.17,21.4,58.1,10,0.5,10.337181776655804,0.8535735296153182,0.5631015061600393,0.24253562503633297,-1.68606398705683,0.7243995076237874,23.492969965439098,56.90349091352903,76.90349091352903
ESP,Spain,2018,30858.94,9.17,21.4,53.3,10,0.5,10.337181776655804,0.8535735296153182,0.5631015061600393,0.24253562503633297,-1.68606398705683,0.4285585289005161,23.50627773540818,53.51527622932849,73.51527622932849
ESP,Spain,2018,30858.94,9.17,21.4,50.4,10,0.5,10.337181776655804,0.8535735296153182,0.5631015061600393,0.24253562503633297,-1.68606398705683,0.24982127092187334,23.540044325768722,51.51595264452753,71.51595264452753
ESP,Spain,2018,30858.94,9.17,27.7,58.1,10,0.5,10.337181776655804,0.8535735296153182,0.5631015061600393,0.24253562503633297,-0.8215799830588352,0.7243995076237874,27.893446581684106,56.97145937090158,76.97145937090158
ESP,Spain,2018,30858.94,9.17,27.7,53.3,10,0.5,10.337181776655804,0.8535735296153182,0.5631015061600393,0.24253562503633297,-0.8215799830588352,0.4285585289005161,27.89112156401603,53.642639157226256,73.64263915722626
ESP,Spain,2018,30858.94,9.17,27.7,50.4,10,0.5,10.337181776655804,0.8535735296153182,0.5631015061600393,0.24253562503633297,-0.8215799830588352,0.24982127092187334,27.90380334682806,51.60760085059474,71.60760085059474
ESP,Spain,2018,30858.94,9.17,34.1,58.1,10,0.5,10.337181776655804,0.8535735296153182,0.5631015061600393,0.24253562503633297,0.0566259892565882,0.7243995076237874,32.39454164191285,57.075635000515014,77.075635000515
ESP,Spain,2018,30858.94,9.17,34.1,53.3,10,0.5,10.337181776655804,0.8535735296153182,0.5631015061600393,0.24253562503633297,0.0566259892565882,0.4285585289005161,32.373201356459354,53.71515569239631,73.71515569239631
ESP,Spain,2018,30858.94,9.17,34.1,50.4,10,0.5,10.337181776655804,0.8535735296153182,0.5631015061600393,0.24253562503633297,0.0566259892565882,0.24982127092187334,32.36908392747731,51.69445880001106,71.69445880001106
ESP,Spain,2019,30306.02,9.14,33.5,58.0,10,1.5,10.319101651631216,0.8381339513340704,0.5539349174708038,0.7276068751089989,-0.02570582064798291,0.7182361539003858,31.939495012788353,57.05265208877603,77.05265208877603
ESP,Spain,2019,30306.02,9.14,33.5,51.0,10,1.5,10.319101651631216,0.8381339513340704,0.5539349174708038,0.7276068751089989,-0.02570582064798291,0.28680139326228227,31.947597777908957,52.16663454959864,72.16663454959864
ESP,Spain,2019,30306.02,9.14,33.5,53.6,10,1.5,10.319101651631216,0.8381339513340704,0.5539349174708038,0.7276068751089989,-0.02570582064798291,0.4470485900707208,31.962289072556416,53.97070023041212,73.97070023041212
ESP,Spain,2019,30306.02,9.14,20.8,58.0,10,1.5,10.319101651631216,0.8381339513340704,0.5539349174708038,0.7276068751089989,-1.7683957969614006,0.7182361539003858,23.063752209275407,56.88097477366094,76.88097477366094
ESP,Spain,2019,30306.02,9.14,20.8,51.0,10,1.5,10.319101651631216,0.8381339513340704,0.5539349174708038,0.7276068751089989,-1.7683957969614006,0.28680139326228227,23.05840701483116,51.9531355714305,71.9531355714305
ESP,Spain,2019,30306.02,9.14,20.8,53.6,10,1.5,10.319101651631216,0.8381339513340704,0.5539349174708038,0.7276068751089989,-1.7683957969614006,0.4470485900707208,23.086425469087406,53.803084051370384,73.80308405137038
ESP,Spain,2019,30306.02,9.14,27.2,58.0,10,1.5,10.319101651631216,0.8381339513340704,0.5539349174708038,0.7276068751089989,-0.8901898246459776,0.7182361539003858,27.529086169740005,56.930858695185464,76.93085869518546
ESP,Spain,2019,30306.02,9.14,27.2,51.0,10,1.5,10.319101651631216,0.8381339513340704,0.5539349174708038,0.7276068751089989,-0.8901898246459776,0.28680139326228227,27.550722914142355,52.0439438114475,72.04394381144749
ESP,Spain,2019,30306.02,9.14,27.2,53.6,10,1.5,10.319101651631216,0.8381339513340704,0.5539349174708038,0.7276068751089989,-0.8901898246459776,0.4470485900707208,27.533930948159632,53.8847644216057,73.8847644216057
ETH,Ethiopia,2015,935.84,3.47,26.0,13.1,11,-2.5,6.841444521694716,-2.131622033205596,-1.1785503447947403,-1.212678125181665,-1.0548534444551194,-2.049109667906878,26.690264374843853,13.461476275233332,33.46147627523333
ETH,Ethiopia,2015,935.84,3.47,26.0,13.2,11,-2.5,6.841444521694716,-2.131622033205596,-1.1785503447947403,-1.212678125181665,-1.0548534444551194,-2.0429463141834763,26.721640308450667,13.542722818415035,33.54272281841504
ETH,Ethiopia,2015,935.84,3.47,26.0,13.4,11,-2.5,6.841444521694716,-2.131622033205596,-1.1785503447947403,-1.212678125181665,-1.0548534444551194,-2.0306196067366735,26.7103629212466,13.681504535125482,33.681504535125484
ETH,Ethiopia,2015,935.84,3.47,29.7,13.1,11,-2.5,6.841444521694716,-2.131622033205596,-1.1785503447947403,-1.212678125181665,-0.5471406167102655,-2.049109667906878,29.287342390060967,13.507644000966971,33.50764400096697
ETH,Ethiopia,2015,935.84,3.47,29.7,13.2,11,-2.5,6.841444521694716,-2.131622033205596,-1.1785503447947403,-1.212678125181665,-0.5471406167102655,-2.0429463141834763,29.30716123078733,13.589035239839905,33.5890352398399
ETH,Ethiopia,2015,935.84,3.47,29.7,13.4,11,-2.5,6.841444521694716,-2.131622033205596,-1.1785503447947403,-1.212678125181665,-0.5471406167102655,-2.0306196067366735,29.32864925616509,13.7353513557047,33.7353513557047
ETH,Ethiopia,2015,935.84,3.47,27.9,13.1,11,-2.5,6.841444521694716,-2.131622033205596,-1.1785503447947403,-1.212678125181665,-0.7941360464239783,-2.049109667906878,28.03846882336774,13.494099886203509,33.49409988620351
ETH,Ethiopia,2015,935.84,3.47,27.9,13.2,11,-2.5,6.841444521694716,-2.131622033205596,-1.1785503447947403,-1.212678125181665,-0.7941360464239783,-2.0429463141834763,28.043682387278473,13.562226713445222,33.56222671344522
ETH,Ethiopia,2015,935.84,3.47,27.9,13.4,11,-2.5,6.841444521694716,-2.131622033205596,-1.1785503447947403,-1.212678125181665,-0.7941360464239783,-2.0306196067366735,28.04321507312236,13.712496938687101,33.7124969386871
ETH,Ethiopia,2016,903.53,3.43,27.8,13.8,11,-1.5,6.806309313686902,-2.1616258519693963,-1.1907724630470546,-0.7276068751089989,-0.8078580147414065,-2.005966191843068,27.936668703568003,13.979711686533038,33.97971168653304
ETH,Ethiopia,2016,903.53,3.43,27.8,13.9,11,-1.5,6.806309313686902,-2.1616258519693963,-1.1907724630470546,-0.7276068751089989,-0.8078580147414065,-1.9998028381196662,27.95471840642364,14.062433226668565,34.06243322666857
ETH,Ethiopia,2016,903.53,3.43,27.8,13.7,11,-1.5,6.806309313686902,-2.1616258519693963,-1.1907724630470546,-0.7276068751089989,-0.8078580147414065,-2.012129545566469,27.95345352545423,13.885576687412728,33.88557668741273
ETH,Ethiopia,2016,903.53,3.43,25.6,13.8,11,-1.5,6.806309313686902,-2.1616258519693963,-1.1907724630470546,-0.7276068751089989,-1.1097413177248332,-2.005966191843068,26.378961213072433,13.947140828778346,33.947140828778345
ETH,Ethiopia,2016,903.53,3.43,25.6,13.9,11,-1.5,6.806309313686902,-2.1616258519693963,-1.1907724630470546,-0.7276068751089989,-1.1097413177248332,-1.9998028381196662,26.43462846429746,14.009808029310976,34.009808029310975
ETH,Ethiopia,2016,903.53,3.43,25.6,13.7,11,-1.5,6.806309313686902,-2.1616258519693963,-1.1907724630470546,-0.7276068751089989,-1.1097413177248332,-2.012129545566469,26.40975223213358,13.873924327590217,33.87392432759022
ETH,Ethiopia,2016,903.53,3.43,29.8,13.8,11,-1.5,6.806309313686902,-2.1616258519693963,-1.1907724630470546,-0.7276068751089989,-0.5334186483928368,-2.005966191843068,29.351639228699085,14.005099353247287,34.00509935324729
ETH,Ethiopia,2016,903.53,3.43,29.8,13.9,11,-1.5,6.806309313686902,-2.1616258519693963,-1.1907724630470546,-0.7276068751089989,-0.5334186483928368,-1.9998028381196662,29.369617096240702,14.089339756466973,34.08933975646697
ETH,Ethiopia,2016,903.53,3.43,29.8,13.7,11,-1.5,6.806309313686902,-2.1616258519693963,-1.1907724630470546,-0.7276068751089989,-0.5334186483928368,-2.012129545566469,29.340269799855793,13.963198511293049,33.96319851129305
ETH,Ethiopia,2017,915.42,3.49,25.3,14.5,11,-0.5,6.8193829763531655,-2.150461557591791,-1.1724392856685832,-0.24253562503633297,-1.1509072226771186,-1.9628227157792573,26.163837204194337,14.564179217706458,34.56417921770646
ETH,Ethiopia,2017,915.42,3.49,25.3,14.3,11,-0.5,6.8193829763531655,-2.150461557591791,-1.1724392856685832,-0.24253562503633297,-1.1509072226771186,-1.9751494232260605,26.161270232482373,14.442631772255092,34.44263177225509
ETH,Ethiopia,2017,915.42,3.49,25.3,14.4,11,-0.5,6.8193829763531655,-2.150461557591791,-1.1724392856685832,-0.24253562503633297,-1.1509072226771186,-1.9689860695026589,26.161373089203387,14.50701348354165,34.50701348354165
ETH,Ethiopia,2017,915.42,3.49,27.7,14.5,11,-0.5,6.8193829763531655,-2.150461557591791,-1.1724392856685832,-0.24253562503633297,-0.8215799830588352,-1.9628227157792573,27.83873293564814,14.598503284574939,34.59850328457494
ETH,Ethiopia,2017,915.42,3.49,27.7,14.3,11,-0.5,6.8193829763531655,-2.150461557591791,-1.1724392856685832,-0.24253562503633297,-0.8215799830588352,-1.9751494232260605,27.846233897409476,14.486305969941812,34.48630596994181
ETH,Ethiopia,2017,915.42,3.49,27.7,14.4,11,-0.5,6.8193829763531655,-2.150461557591791,-1.1724392856685832,-0.24253562503633297,-0.8215799830588352,-1.9689860695026589,27.842868314930538,14.531376419224898,34.5313764192249
ETH,Ethiopia,2017,915.42,3.49,29.9,14.5,11,-0.5,6.8193829763531655,-2.150461557591791,-1.1724392856685832,-0.24253562503633297,-0.5196966800754086,-1.9628227157792573,29.395008613323192,14.665249714167082,34.66524971416708
ETH,Ethiopia,2017,915.42,3.49,29.9,14.3,11,-0.5,6.8193829763531655,-2.150461557591791,-1.1724392856685832,-0.24253562503633297,-0.5196966800754086,-1.9751494232260605,29.39364882232825,14.509299944576375,34.50929994457638
ETH,Ethiopia,2017,915.42,3.49,29.9,14.4,11,-0.5,6.8193829763531655,-2.150461557591791,-1.1724392856685832,-0.24253562503633297,-0.5196966800754086,-1.9689860695026589,29.384286785901324,14.571324805236003,34.571324805236
ETH,Ethiopia,2018,933.85,3.58,30.0,15.0,11,0.5,6.839315825759616,-2.1334398396357095,-1.1449395196008763,0.24253562503633297,-0.5059747117579799,-1.93200594716225,29.447288242761022,15.18494557913023,35.18494557913023
ETH,Ethiopia,2018,933.85,3.58,30.0,15.0,11,0.5,6.839315825759616,-2.1334398396357095,-1.1449395196008763,0.24253562503633297,-0.5059747117579799,-1.93200594716225,29.401563300090185,15.154404784988646,35.15440478498864
ETH,Ethiopia,2018,933.85,3.58,30.0,14.9,11,0.5,6.839315825759616,-2.1334398396357095,-1.1449395196008763,0.24253562503633297,-0.5059747117579799,-1.9381693008856515,29.408968838498513,15.110456716076754,35.110456716076754
ETH,Ethiopia,2018,933.85,3.58,27.5,15.0,11,0.5,6.839315825759616,-2.1334398396357095,-1.1449395196008763,0.24253562503633297,-0.8490239196936921,-1.93200594716225,27.66445736182176,15.133628538153715,35.133628538153715
ETH,Ethiopia,2018,933.85,3.58,27.5,15.0,11,0.5,6.839315825759616,-2.1334398396357095,-1.1449395196008763,0.24253562503633297,-0.8490239196936921,-1.93200594716225,27.668909350460638,15.137900025061352,35.137900025061356
ETH,Ethiopia,2018,933.85,3.58,27.5,14.9,11,0.5,6.839315825759616,-2.1334398396357095,-1.1449395196008763,0.24253562503633297,-0.8490239196936921,-1.9381693008856515,27.67584492007335,15.061396835238256,35.061396835238256
ETH,Ethiopia,2018,933.85,3.58,24.9,15.0,11,0.5,6.839315825759616,-2.1334398396357095,-1.1449395196008763,0.24253562503633297,-1.2057950959468329,-1.93200594716225,25.859668868585985,15.094752044808143,35.094752044808146
ETH,Ethiopia,2018,933.85,3.58,24.9,15.0,11,0.5,6.839315825759616,-2.1334398396357095,-1.1449395196008763,0.24253562503633297,-1.2057950959468329,-1.93200594716225,25.83190564809041,15.06989684453376,35.06989684453376
ETH,Ethiopia,2018,933.85,3.58,24.9,14.9,11,0.5,6.839315825759616,-2.1334398396357095,-1.1449395196008763,0.24253562503633297,-1.2057950959468329,-1.9381693008856515,25.83270258561273,15.01139470745368,35.01139470745368
ETH,Ethiopia,2019,962.97,3.48,27.4,15.6,11,1.5,6.870022258664897,-2.1072179869696335,-1.1754948152316618,0.7276068751089989,-0.8627458880111207,-1.895025824821841,27.5368455945838,15.691371485616527,35.69137148561653
ETH,Ethiopia,2019,962.97,3.48,27.4,15.6,11,1.5,6.870022258664897,-2.1072179869696335,-1.1754948152316618,0.7276068751089989,-0.8627458880111207,-1.895025824821841,27.516394047268697,15.70241894181224,35.70241894181224
ETH,Ethiopia,2019,962.97,3.48,27.4,15.6,11,1.5,6.870022258664897,-2.1072179869696335,-1.1754948152316618,0.7276068751089989,-0.8627458880111207,-1.895025824821841,27.532690265235438,15.705349105772456,35.705349105772456
ETH,Ethiopia,2019,962.97,3.48,30.1,15.6,11,1.5,6.870022258664897,-2.1072179869696335,-1.1754948152316618,0.7276068751089989,-0.49225274344055125,-1.895025824821841,29.420749305508256,15.721090110527307,35.72109011052731
ETH,Ethiopia,2019,962.97,3.48,30.1,15.6,11,1.5,6.870022258664897,-2.1072179869696335,-1.1754948152316618,0.7276068751089989,-0.49225274344055125,-1.895025824821841,29.418591654992312,15.740423798526642,35.74042379852664
ETH,Ethiopia,2019,962.97,3.48,30.1,15.6,11,1.5,6.870022258664897,-2.1072179869696335,-1.1754948152316618,0.7276068751089989,-0.49225274344055125,-1.895025824821841,29.40478617576048,15.752896283306475,35.75289628330648
ETH,Ethiopia,2019,962.97,3.48,24.5,15.6,11,1.5,6.870022258664897,-2.1072179869696335,-1.1754948152316618,0.7276068751089989,-1.2606829692165467,-1.895025824821841,25.519288027101673,15.689712508931041,35.68971250893104
ETH,Ethiopia,2019,962.97,3.48,24.5,15.6,11,1.5,6.870022258664897,-2.1072179869696335,-1.1754948152316618,0.7276068751089989,-1.2606829692165467,-1.895025824821841,25.493065677738095,15.656260330116964,35.656260330116964
ETH,Ethiopia,2019,962.97,3.48,24.5,15.6,11,1.5,6.870022258664897,-2.1072179869696335,-1.1754948152316618,0.7276068751089989,-1.2606829692165467,-1.895025824821841,25.484725781810862,15.656572218453524,35.656572218453526
FRA,France,2015,40586.39,11.26,25.2,51.6,12,-2.5,10.611188067715602,1.08756204322454,1.2017071848434584,-1.212678125181665,-1.1646291909945474,0.32378151560269125,26.69584592537218,51.67226749393479,71.67226749393478
FRA,France,2015,40586.39,11.26,25.2,57.3,12,-2.5,10.611188067715602,1.08756204322454,1.2017071848434584,-1.212678125181665,-1.1646291909945474,0.6750926778365752,26.719027541116674,55.70221731251756,75.70221731251756
FRA,France,2015,40586.39,11.26,25.2,47.5,12,-2.5,10.611188067715602,1.08756204322454,1.2017071848434584,-1.212678125181665,-1.1646291909945474,0.07108401294323055,26.73334279646774,48.77387488718664,68.77387488718665
FRA,France,2015,40586.39,11.26,35.4,51.6,12,-2.5,10.611188067715602,1.08756204322454,1.2017071848434584,-1.212678125181665,0.23501157738315812,0.32378151560269125,33.81453673280308,51.80497937518232,71.80497937518231
FRA,France,2015,40586.39,11.26,35.4,57.3,12,-2.5,10.611188067715602,1.08756204322454,1.2017071848434584,-1.212678125181665,0.23501157738315812,0.6750926778365752,33.855575383224405,55.833166995904364,75.83316699590436
FRA,France,2015,40586.39,11.26,35.4,47.5,12,-2.5,10.611188067715602,1.08756204322454,1.2017071848434584,-1.212678125181665,0.23501157738315812,0.07108401294323055,33.83889138279972,48.98075250356612,68.98075250356612
FRA,France,2015,40586.39,11.26,30.2,51.6,12,-2.5,10.611188067715602,1.08756204322454,1.2017071848434584,-1.212678125181665,-0.47853077512312303,0.32378151560269125,30.219739258929373,51.7270553031751,71.72705530317509
FRA,France,2015,40586.39,11.26,30.2,57.3,12,-2.5,10.611188067715602,1.08756204322454,1.2017071848434584,-1.212678125181665,-0.47853077512312303,0.6750926778365752,30.19760713993089,55.759417005986194,75.7594170059862
FRA,France,2015,40586.39,11.26,30.2,47.5,12,-2.5,10.611188067715602,1.08756204322454,1.2017071848434584,-1.212678125181665,-0.47853077512312303,0.07108401294323055,30.22319504098722,48.873065778985826,68.87306577898582
FRA,France,2016,42276.71,11.38,25.0,48.2,12,-1.5,10.651991622386927,1.1224063640267663,1.2383735396004014,-0.7276068751089989,-1.1920731276294043,0.11422748900704106,26.53978521103901,49.50931662037506,69.50931662037506
FRA,France,2016,42276.71,11.38,25.0,56.9,12,-1.5,10.651991622386927,1.1224063640267663,1.2383735396004014,-0.7276068751089989,-1.1920731276294043,0.6504392629429694,26.505770789669796,55.60617523669013,75.60617523669012
FRA,France,2016,42276.71,11.38,25.0,51.8,12,-1.5,10.651991622386927,1.1224063640267663,1.2383735396004014,-0.7276068751089989,-1.1920731276294043,0.33610822304949395,26.50609728200333,52.008979161652256,72.00897916165226
FRA,France,2016,42276.71,11.38,29.9,48.2,12,-1.5,10.651991622386927,1.1224063640267663,1.2383735396004014,-0.7276068751089989,-0.5196966800754086,0.11422748900704106,29.964417148975606,49.585676347722384,69.58567634772238
FRA,France,2016,42276.71,11.38,29.9,56.9,12,-1.5,10.651991622386927,1.1224063640267663,1.2383735396004014,-0.7276068751089989,-0.5196966800754086,0.6504392629429694,29.961517249620126,55.70353972539945,75.70353972539945
FRA,France,2016,42276.71,11.38,29.9,51.8,12,-1.5,10.651991622386927,1.1224063640267663,1.2383735396004014,-0.7276068751089989,-0.5196966800754086,0.33610822304949395,29.981734905398756,52.086574707298055,72.08657470729806
FRA,France,2016,42276.71,11.38,35.1,48.2,12,-1.5,10.651991622386927,1.1224063640267663,1.2383735396004014,-0.7276068751089989,0.19384567243087306,0.11422748900704106,33.5851238270667,49.6947384495419,69.6947384495419
FRA,France,2016,42276.71,11.38,35.1,56.9,12,-1.5,10.651991622386927,1.1224063640267663,1.2383735396004014,-0.7276068751089989,0.19384567243087306,0.6504392629429694,33.60986511215319,55.73487481577013,75.73487481577013
FRA,France,2016,42276.71,11.38,35.1,51.8,12,-1.5,10.651991622386927,1.1224063640267663,1.2383735396004014,-0.7276068751089989,0.19384567243087306,0.33610822304949395,33.59789834740017,52.206788057018954,72.20678805701895
FRA,France,2017,42877.43,11.41,29.6,48.8,12,-0.5,10.666100859247035,1.1344549901670202,1.247540128289637,-0.24253562503633297,-0.5608625850276937,0.1512076113474496,29.690485618143178,50.16670051618308,70.16670051618308
FRA,France,2017,42877.43,11.41,29.6,56.5,12,-0.5,10.666100859247035,1.1344549901670202,1.247540128289637,-0.24253562503633297,-0.5608625850276937,0.6257858480493635,29.670575621030515,55.55788726680662,75.55788726680662
FRA,France,2017,42877.43,11.41,29.6,52.0,12,-0.5,10.666100859247035,1.1344549901670202,1.247540128289637,-0.24253562503633297,-0.5608625850276937,0.3484349304962971,29.718160121565646,52.41836262957567,72.41836262957567
FRA,France,2017,42877.43,11.41,24.8,48.8,12,-0.5,10.666100859247035,1.1344549901670202,1.247540128289637,-0.24253562503633297,-1.219517064264261,0.1512076113474496,26.3554885697646,50.06374549915165,70.06374549915165
FRA,France,2017,42877.43,11.41,24.8,56.5,12,-0.5,10.666100859247035,1.1344549901670202,1.247540128289637,-0.24253562503633297,-1.219517064264261,0.6257858480493635,26.345138924621622,55.44409267999628,75.44409267999629
FRA,France,2017,42877.43,11.41,24.8,52.0,12,-0.5,10.666100859247035,1.1344549901670202,1.247540128289637,-0.24253562503633297,-1.219517064264261,0.3484349304962971,26.370092382043367,52.33784657777686,72.33784657777686
FRA,France,2017,42877.43,11.41,34.8,48.8,12,-0.5,10.666100859247035,1.1344549901670202,1.247540128289637,-0.24253562503633297,0.15267976747858703,0.1512076113474496,33.306915255846164,50.25860665266624,70.25860665266623
FRA,France,2017,42877.43,11.41,34.8,56.5,12,-0.5,10.666100859247035,1.1344549901670202,1.247540128289637,-0.24253562503633297,0.15267976747858703,0.6257858480493635,33.347729675977874,55.61418528020412,75.61418528020411
FRA,France,2017,42877.43,11.41,34.8,52.0,12,-0.5,10.666100859247035,1.1344549901670202,1.247540128289637,-0.24253562503633297,0.15267976747858703,0.3484349304962971,33.349861996304384,52.482651171479354,72.48265117147935
FRA,France,2018,42127.07,11.29,24.6,49.4,12,0.5,10.648445805913234,1.119378403161337,1.210873773532694,0.24253562503633297,-1.2469610008991179,0.18818773368785854,26.159345780264907,50.54271950964752,70.54271950964753
FRA,France,2018,42127.07,11.29,24.6,56.1,12,0.5,10.648445805913234,1.119378403161337,1.210873773532694,0.24253562503633297,-1.2469610008991179,0.6011324331557578,26.14076376233245,55.23391429347163,75.23391429347163
FRA,France,2018,42127.07,11.29,24.6,52.1,12,0.5,10.648445805913234,1.119378403161337,1.210873773532694,0.24253562503633297,-1.2469610008991179,0.35459828421969863,26.15389175501079,52.3939325074627,72.3939325074627
FRA,France,2018,42127.07,11.29,29.4,49.4,12,0.5,10.648445805913234,1.119378403161337,1.210873773532694,0.24253562503633297,-0.588306521662551,0.18818773368785854,29.547341065815534,50.5857672101414,70.5857672101414
FRA,France,2018,42127.07,11.29,29.4,56.1,12,0.5,10.648445805913234,1.119378403161337,1.210873773532694,0.24253562503633297,-0.588306521662551,0.6011324331557578,29.5193062998871,55.27903800284848,75.27903800284848
FRA,France,2018,42127.07,11.29,29.4,52.1,12,0.5,10.648445805913234,1.119378403161337,1.210873773532694,0.24253562503633297,-0.588306521662551,0.35459828421969863,29.515744010648916,52.466871158306,72.46687115830599
FRA,France,2018,42127.07,11.29,34.4,49.4,12,0.5,10.648445805913234,1.119378403161337,1.210873773532694,0.24253562503633297,0.09779189420887327,0.18818773368785854,32.990856512910376,50.663688556254705,70.6636885562547
FRA,France,2018,42127.07,11.29,34.4,56.1,12,0.5,10.648445805913234,1.119378403161337,1.210873773532694,0.24253562503633297,0.09779189420887327,0.6011324331557578,33.007473618993096,55.32869799996072,75.32869799996072
FRA,France,2018,42127.07,11.29,34.4,52.1,12,0.5,10.648445805913234,1.119378403161337,1.210873773532694,0.24253562503633297,0.09779189420887327,0.35459828421969863,33.023714094934306,52.547062787018874,72.54706278701887
FRA,France,2019,43280.7,11.33,29.1,52.3,12,1.5,10.675462087141879,1.1424490394722377,1.2230958917850085,0.7276068751089989,-0.629472426614836,0.36692499166650133,29.24769904987985,52.78028530489165,72.78028530489165
FRA,France,2019,43280.7,11.33,29.1,55.7,12,1.5,10.675462087141879,1.1424490394722377,1.2230958917850085,0.7276068751089989,-0.629472426614836,0.576479018262152,29.271448936243033,55.15568190176641,75.1556819017664
FRA,France,2019,43280.7,11.33,29.1,49.9,12,1.5,10.675462087141879,1.1424490394722377,1.2230958917850085,0.7276068751089989,-0.629472426614836,0.21900450230486593,29.233135635227463,51.087531011360575,71.08753101136057
FRA,France,2019,43280.7,11.33,34.1,52.3,12,1.5,10.675462087141879,1.1424490394722377,1.2230958917850085,0.7276068751089989,0.0566259892565882,0.36692499166650133,32.7664281963562,52.876231221734706,72.87623122173471
FRA,France,2019,43280.7,11.33,34.1,55.7,12,1.5,10.675462087141879,1.1424490394722377,1.2230958917850085,0.7276068751089989,0.0566259892565882,0.576479018262152,32.77956662866575,55.241503358888004,75.241503358888
FRA,France,2019,43280.7,11.33,34.1,49.9,12,1.5,10.675462087141879,1.1424490394722377,1.2230958917850085,0.7276068751089989,0.0566259892565882,0.21900450230486593,32.790197263489965,51.216017351971885,71.21601735197189
FRA,France,2019,43280.7,11.33,24.4,52.3,12,1.5,10.675462087141879,1.1424490394722377,1.2230958917850085,0.7276068751089989,-1.2744049375339752,0.36692499166650133,25.954119809376632,52.71510866005536,72.71510866005536
FRA,France,2019,43280.7,11.33,24.4,55.7,12,1.5,10.675462087141879,1.1424490394722377,1.2230958917850085,0.7276068751089989,-1.2744049375339752,0.576479018262152,25.98524421338366,55.10161126230902,75.10161126230902
FRA,France,2019,43280.7,11.33,24.4,49.9,12,1.5,10.675462087141879,1.1424490394722377,1.2230958917850085,0.7276068751089989,-1.2744049375339752,0.21900450230486593,25.966803313058104,51.026826045494786,71.02682604549479
GBR,United Kingdom,2015,46280.34,10.09,24.2,50.0,13,-2.5,10.742472527866624,1.199672811090168,0.8442102259632669,-1.212678125181665,-1.301848874168832,0.2251678560282675,25.16148250621808,49.443997419562216,69.44399741956221
GBR,United Kingdom,2015,46280.34,10.09,24.2,46.1,13,-2.5,10.742472527866624,1.199672811090168,0.8442102259632669,-1.212678125181665,-1.301848874168832,-0.015202939184390063,25.212472013370096,46.69639615421293,66.69639615421292
GBR,United Kingdom,2015,46280.34,10.09,24.2,47.8,13,-2.5,10.742472527866624,1.199672811090168,0.8442102259632669,-1.212678125181665,-1.301848874168832,0.0895740741134348,25.183373505133755,47.8738670774589,67.8738670774589
GBR,United Kingdom,2015,46280.34,10.09,31.0,50.0,13,-2.5,10.742472527866624,1.199672811090168,0.8442102259632669,-1.212678125181665,-0.3687550285836951,0.2251678560282675,29.944464604416286,49.55069063444103,69.55069063444103
GBR,United Kingdom,2015,46280.34,10.09,31.0,46.1,13,-2.5,10.742472527866624,1.199672811090168,0.8442102259632669,-1.212678125181665,-0.3687550285836951,-0.015202939184390063,29.938500869241434,46.81198784476931,66.8119878447693
GBR,United Kingdom,2015,46280.34,10.09,31.0,47.8,13,-2.5,10.742472527866624,1.199672811090168,0.8442102259632669,-1.212678125181665,-0.3687550285836951,0.0895740741134348,29.96523492623885,47.99311161999052,67.99311161999051
GBR,United Kingdom,2015,46280.34,10.09,27.6,50.0,13,-2.5,10.742472527866624,1.199672811090168,0.8442102259632669,-1.212678125181665,-0.8353019513762634,0.2251678560282675,27.549611883908934,49.46757935298588,69.46757935298588
GBR,United Kingdom,2015,46280.34,10.09,27.6,46.1,13,-2.5,10.742472527866624,1.199672811090168,0.8442102259632669,-1.212678125181665,-0.8353019513762634,-0.015202939184390063,27.592999245941602,46.75802772633371,66.75802772633371
GBR,United Kingdom,2015,46280.34,10.09,27.6,47.8,13,-2.5,10.742472527866624,1.199672811090168,0.8442102259632669,-1.212678125181665,-0.8353019513762634,0.0895740741134348,27.554783002774233,47.94884303056329,67.9488430305633
GBR,United Kingdom,2016,46843.75,10.31,27.3,47.9,13,-1.5,10.754572874285008,1.2100059390692495,0.9114318763509954,-0.7276068751089989,-0.876467856328549,0.09573742783683638,27.311276245480155,48.18728796166719,68.18728796166718
GBR,United Kingdom,2016,46843.75,10.31,27.3,49.6,13,-1.5,10.754572874285008,1.2100059390692495,0.9114318763509954,-0.7276068751089989,-0.876467856328549,0.2005144411346617,27.308145167280017,49.39118284591877,69.39118284591876
GBR,United Kingdom,2016,46843.75,10.31,27.3,46.5,13,-1.5,10.754572874285008,1.2100059390692495,0.9114318763509954,-0.7276068751089989,-0.876467856328549,0.009450475709215764,27.328262827069032,47.224789475663435,67.22478947566344
GBR,United Kingdom,2016,46843.75,10.31,30.7,47.9,13,-1.5,10.754572874285008,1.2100059390692495,0.9114318763509954,-0.7276068751089989,-0.40992093353598064,0.09573742783683638,29.706709454359906,48.26147101105783,68.26147101105784
GBR,United Kingdom,2016,46843.75,10.31,30.7,49.6,13,-1.5,10.754572874285008,1.2100059390692495,0.9114318763509954,-0.7276068751089989,-0.40992093353598064,0.2005144411346617,29.705769949627342,49.44350728976627,69.44350728976627
GBR,United Kingdom,2016,46843.75,10.31,30.7,46.5,13,-1.5,10.754572874285008,1.2100059390692495,0.9114318763509954,-0.7276068751089989,-0.40992093353598064,0.009450475709215764,29.720642207536937,47.25598291656978,67.25598291656978
GBR,United Kingdom,2016,46843.75,10.31,23.9,47.9,13,-1.5,10.754572874285008,1.2100059390692495,0.9114318763509954,-0.7276068751089989,-1.3430147791211178,0.09573742783683638,24.95396894742313,48.129759640611674,68.12975964061167
GBR,United Kingdom,2016,46843.75,10.31,23.9,49.6,13,-1.5,10.754572874285008,1.2100059390692495,0.9114318763509954,-0.7276068751089989,-1.3430147791211178,0.2005144411346617,24.94791096544658,49.31471977975976,69.31471977975977
GBR,United Kingdom,2016,46843.75,10.31,23.9,46.5,13,-1.5,10.754572874285008,1.2100059390692495,0.9114318763509954,-0.7276068751089989,-1.3430147791211178,0.009450475709215764,24.955185349492528,47.15399147309699,67.153991473097
GBR,United Kingdom,2017,44511.71,10.09,27.0,47.8,13,-0.5,10.703507579604894,1.1663985738770057,0.8442102259632669,-0.24253562503633297,-0.9176337612808345,0.0895740741134348,27.083173172024377,48.03135369172364,68.03135369172364
GBR,United Kingdom,2017,44511.71,10.09,27.0,49.0,13,-0.5,10.703507579604894,1.1663985738770057,0.8442102259632669,-0.24253562503633297,-0.9176337612808345,0.16353431879425273,27.0772955516282,48.8715265767183,68.87152657671831
GBR,United Kingdom,2017,44511.71,10.09,27.0,46.8,13,-0.5,10.703507579604894,1.1663985738770057,0.8442102259632669,-0.24253562503633297,-0.9176337612808345,0.027940536879420025,27.097123932413673,47.345555961992034,67.34555596199203
GBR,United Kingdom,2017,44511.71,10.09,23.6,47.8,13,-0.5,10.703507579604894,1.1663985738770057,0.8442102259632669,-0.24253562503633297,-1.3841806840734028,0.0895740741134348,24.68798977319649,47.970461374873814,67.97046137487382
GBR,United Kingdom,2017,44511.71,10.09,23.6,49.0,13,-0.5,10.703507579604894,1.1663985738770057,0.8442102259632669,-0.24253562503633297,-1.3841806840734028,0.16353431879425273,24.659674849474463,48.80810002414892,68.80810002414893
GBR,United Kingdom,2017,44511.71,10.09,23.6,46.8,13,-0.5,10.703507579604894,1.1663985738770057,0.8442102259632669,-0.24253562503633297,-1.3841806840734028,0.027940536879420025,24.707811185157624,47.27435448835285,67.27435448835286
GBR,United Kingdom,2017,44511.71,10.09,30.4,47.8,13,-0.5,10.703507579604894,1.1663985738770057,0.8442102259632669,-0.24253562503633297,-0.4510868384882662,0.0895740741134348,29.450752654129296,48.07600898855654,68.07600898855654
GBR,United Kingdom,2017,44511.71,10.09,30.4,49.0,13,-0.5,10.703507579604894,1.1663985738770057,0.8442102259632669,-0.24253562503633297,-0.4510868384882662,0.16353431879425273,29.455000072691345,48.92742476224994,68.92742476224994
GBR,United Kingdom,2017,44511.71,10.09,30.4,46.8,13,-0.5,10.703507579604894,1.1663985738770057,0.8442102259632669,-0.24253562503633297,-0.4510868384882662,0.027940536879420025,29.488306724429137,47.37372824671388,67.37372824671388
GBR,United Kingdom,2018,46577.61,10.2,23.3,48.5,13,0.5,10.748875232547025,1.2051404204120242,0.8778210511571308,0.24253562503633297,-1.4253465890256884,0.13271755017724532,24.453447014634136,48.69970965013454,68.69970965013454
GBR,United Kingdom,2018,46577.61,10.2,23.3,47.7,13,0.5,10.748875232547025,1.2051404204120242,0.8778210511571308,0.24253562503633297,-1.4253465890256884,0.08341072039003368,24.459659561821457,48.13949673291406,68.13949673291407
GBR,United Kingdom,2018,46577.61,10.2,23.3,47.1,13,0.5,10.748875232547025,1.2051404204120242,0.8778210511571308,0.24253562503633297,-1.4253465890256884,0.046430598049624724,24.440813837633304,47.699715345133434,67.69971534513343
GBR,United Kingdom,2018,46577.61,10.2,26.7,48.5,13,0.5,10.748875232547025,1.2051404204120242,0.8778210511571308,0.24253562503633297,-0.9587996662331201,0.13271755017724532,26.820721178380186,48.78162122953533,68.78162122953533
GBR,United Kingdom,2018,46577.61,10.2,26.7,47.7,13,0.5,10.748875232547025,1.2051404204120242,0.8778210511571308,0.24253562503633297,-0.9587996662331201,0.08341072039003368,26.8218448134459,48.179844264347004,68.179844264347
GBR,United Kingdom,2018,46577.61,10.2,26.7,47.1,13,0.5,10.748875232547025,1.2051404204120242,0.8778210511571308,0.24253562503633297,-0.9587996662331201,0.046430598049624724,26.836431116739675,47.78603320158175,67.78603320158174
GBR,United Kingdom,2018,46577.61,10.2,30.2,48.5,13,0.5,10.748875232547025,1.2051404204120242,0.8778210511571308,0.24253562503633297,-0.47853077512312303,0.13271755017724532,29.285605270405814,48.81138192757895,68.81138192757895
GBR,United Kingdom,2018,46577.61,10.2,30.2,47.7,13,0.5,10.748875232547025,1.2051404204120242,0.8778210511571308,0.24253562503633297,-0.47853077512312303,0.08341072039003368,29.283240717192427,48.22251571668395,68.22251571668394
GBR,United Kingdom,2018,46577.61,10.2,30.2,47.1,13,0.5,10.748875232547025,1.2051404204120242,0.8778210511571308,0.24253562503633297,-0.47853077512312303,0.046430598049624724,29.26400108135305,47.839421433326244,67.83942143332624
GBR,United Kingdom,2019,46597.88,10.16,23.0,47.5,13,1.5,10.749310325516642,1.2055119693894174,0.8655989329048169,0.7276068751089989,-1.466512493977974,0.07108401294323055,24.181741435346442,48.07855173059691,68.0785517305969
GBR,United Kingdom,2019,46597.88,10.16,23.0,47.4,13,1.5,10.749310325516642,1.2055119693894174,0.8655989329048169,0.7276068751089989,-1.466512493977974,0.06492065921982898,24.191167157486575,47.99634150099758,67.99634150099757
GBR,United Kingdom,2019,46597.88,10.16,23.0,47.9,13,1.5,10.749310325516642,1.2055119693894174,0.8655989329048169,0.7276068751089989,-1.466512493977974,0.09573742783683638,24.196896571119556,48.355104188887886,68.35510418888788
GBR,United Kingdom,2019,46597.88,10.16,26.4,47.5,13,1.5,10.749310325516642,1.2055119693894174,0.8655989329048169,0.7276068751089989,-0.9999655711854056,0.07108401294323055,26.57890851677152,48.150821435461985,68.15082143546198
GBR,United Kingdom,2019,46597.88,10.16,26.4,47.4,13,1.5,10.749310325516642,1.2055119693894174,0.8655989329048169,0.7276068751089989,-0.9999655711854056,0.06492065921982898,26.583909408936922,48.07066357374837,68.07066357374836
GBR,United Kingdom,2019,46597.88,10.16,26.4,47.9,13,1.5,10.749310325516642,1.2055119693894174,0.8655989329048169,0.7276068751089989,-0.9999655711854056,0.09573742783683638,26.6107644088285,48.41054175311735,68.41054175311734
GBR,United Kingdom,2019,46597.88,10.16,29.9,47.5,13,1.5,10.749310325516642,1.2055119693894174,0.8655989329048169,0.7276068751089989,-0.5196966800754086,0.07108401294323055,29.026912533368886,48.18483405156589,68.1848340515659
GBR,United Kingdom,2019,46597.88,10.16,29.9,47.4,13,1.5,10.749310325516642,1.2055119693894174,0.8655989329048169,0.7276068751089989,-0.5196966800754086,0.06492065921982898,29.00170272021484,48.09830078190083,68.09830078190083
GBR,United Kingdom,2019,46597.88,10.16,29.9,47.9,13,1.5,10.749310325516642,1.2055119693894174,0.8655989329048169,0.7276068751089989,-0.5196966800754086,0.09573742783683638,29.002630250274358,48.46925561123408,68.46925561123408
IDN,Indonesia,2015,4102.95,2.91,37.9,13.8,14,-2.5,8.319461506162718,-0.8694648909472201,-1.3496600003271397,-1.212678125181665,0.5780607853188703,-2.005966191843068,38.228055366847684,15.134397317588736,35.134397317588736
IDN,Indonesia,2015,4102.95,2.91,37.9,20.0,14,-2.5,8.319461506162718,-0.8694648909472201,-1.3496600003271397,-1.212678125181665,0.5780607853188703,-1.623838260992176,38.229560753755564,19.46740980495052,39.46740980495052
IDN,Indonesia,2015,4102.95,2.91,37.9,17.2,14,-2.5,8.319461506162718,-0.8694648909472201,-1.3496600003271397,-1.212678125181665,0.5780607853188703,-1.7964121652474174,38.25008045121172,17.493588642147873,37.49358864214787
IDN,Indonesia,2015,4102.95,2.91,34.5,13.8,14,-2.5,8.319461506162718,-0.8694648909472201,-1.3496600003271397,-1.212678125181665,0.11151386252630195,-2.005966191843068,35.83585865980659,15.044389212159201,35.0443892121592
IDN,Indonesia,2015,4102.95,2.91,34.5,20.0,14,-2.5,8.319461506162718,-0.8694648909472201,-1.3496600003271397,-1.212678125181665,0.11151386252630195,-1.623838260992176,35.864840885374726,19.398894153386532,39.398894153386536
IDN,Indonesia,2015,4102.95,2.91,34.5,17.2,14,-2.5,8.319461506162718,-0.8694648909472201,-1.3496600003271397,-1.212678125181665,0.11151386252630195,-1.7964121652474174,35.848970114013696,17.4293435236691,37.429343523669104
IDN,Indonesia,2015,4102.95,2.91,41.1,13.8,14,-2.5,8.319461506162718,-0.8694648909472201,-1.3496600003271397,-1.212678125181665,1.0171637714765822,-2.005966191843068,40.4672074813578,15.181009624481115,35.18100962448111
IDN,Indonesia,2015,4102.95,2.91,41.1,20.0,14,-2.5,8.319461506162718,-0.8694648909472201,-1.3496600003271397,-1.212678125181665,1.0171637714765822,-1.623838260992176,40.468120908424595,19.54370202800385,39.54370202800385
IDN,Indonesia,2015,4102.95,2.91,41.1,17.2,14,-2.5,8.319461506162718,-0.8694648909472201,-1.3496600003271397,-1.212678125181665,1.0171637714765822,-1.7964121652474174,40.48680615482616,17.526980377352956,37.526980377352956
IDN,Indonesia,2016,4320.53,2.92,38.4,14.2,14,-1.5,8.37113335889813,-0.8253395536411691,-1.3466044707640612,-0.7276068751089989,0.6466706269060127,-1.9813127769494616,38.511637095432974,15.629998531840249,35.62999853184025
IDN,Indonesia,2016,4320.53,2.92,38.4,20.4,14,-1.5,8.37113335889813,-0.8253395536411691,-1.3466044707640612,-0.7276068751089989,0.6466706269060127,-1.5991848460985703,38.508169409874995,19.95232227605183,39.95232227605183
IDN,Indonesia,2016,4320.53,2.92,38.4,17.6,14,-1.5,8.37113335889813,-0.8253395536411691,-1.3466044707640612,-0.7276068751089989,0.6466706269060127,-1.7717587503538115,38.50216948683203,18.001185352374563,38.00118535237456
IDN,Indonesia,2016,4320.53,2.92,41.9,14.2,14,-1.5,8.37113335889813,-0.8253395536411691,-1.3466044707640612,-0.7276068751089989,1.1269395180160098,-1.9813127769494616,40.95277498918209,15.686349119821001,35.686349119821
IDN,Indonesia,2016,4320.53,2.92,41.9,20.4,14,-1.5,8.37113335889813,-0.8253395536411691,-1.3466044707640612,-0.7276068751089989,1.1269395180160098,-1.5991848460985703,40.96411716228979,20.017333356778195,40.017333356778195
IDN,Indonesia,2016,4320.53,2.92,41.9,17.6,14,-1.5,8.37113335889813,-0.8253395536411691,-1.3466044707640612,-0.7276068751089989,1.1269395180160098,-1.7717587503538115,40.964566022653706,18.09233699596633,38.092336995966335
IDN,Indonesia,2016,4320.53,2.92,34.8,14.2,14,-1.5,8.37113335889813,-0.8253395536411691,-1.3466044707640612,-0.7276068751089989,0.15267976747858703,-1.9813127769494616,36.0053549373768,15.602602385922363,35.60260238592237
IDN,Indonesia,2016,4320.53,2.92,34.8,20.4,14,-1.5,8.37113335889813,-0.8253395536411691,-1.3466044707640612,-0.7276068751089989,0.15267976747858703,-1.5991848460985703,35.996430803086014,19.89501761390486,39.895017613904855
IDN,Indonesia,2016,4320.53,2.92,34.8,17.6,14,-1.5,8.37113335889813,-0.8253395536411691,-1.3466044707640612,-0.7276068751089989,0.15267976747858703,-1.7717587503538115,35.9584789213276,17.964449603784885,37.964449603784885
IDN,Indonesia,2017,4467.66,2.85,39.0,17.9,14,-0.5,8.404620060606035,-0.7967434818940489,-1.367993177705611,-0.24253562503633297,0.7290024368105839,-1.7532686891836071,38.89931744092681,18.384915397750383,38.38491539775038
IDN,Indonesia,2017,4467.66,2.85,39.0,14.6,14,-0.5,8.404620060606035,-0.7967434818940489,-1.367993177705611,-0.24253562503633297,0.7290024368105839,-1.9566593620558557,38.87702062208441,16.1063043678709,36.106304367870905
IDN,Indonesia,2017,4467.66,2.85,39.0,20.7,14,-0.5,8.404620060606035,-0.7967434818940489,-1.367993177705611,-0.24253562503633297,0.7290024368105839,-1.5806947849283657,38.879441752608386,20.340223918092473,40.34022391809248
IDN,Indonesia,2017,4467.66,2.85,35.2,17.9,14,-0.5,8.404620060606035,-0.7967434818940489,-1.367993177705611,-0.24253562503633297,0.20756764074830172,-1.7532686891836071,36.22127952239707,18.342924332405453,38.34292433240545
IDN,Indonesia,2017,4467.66,2.85,35.2,14.6,14,-0.5,8.404620060606035,-0.7967434818940489,-1.367993177705611,-0.24253562503633297,0.20756764074830172,-1.9566593620558557,36.22562327932654,16.011542176697812,36.011542176697816
IDN,Indonesia,2017,4467.66,2.85,35.2,20.7,14,-0.5,8.404620060606035,-0.7967434818940489,-1.367993177705611,-0.24253562503633297,0.20756764074830172,-1.5806947849283657,36.22907615653053,20.27003783014373,40.27003783014373
IDN,Indonesia,2017,4467.66,2.85,42.8,17.9,14,-0.5,8.404620060606035,-0.7967434818940489,-1.367993177705611,-0.24253562503633297,1.250437232872866,-1.7532686891836071,41.53273010262038,18.47237218525998,38.472372185259985
IDN,Indonesia,2017,4467.66,2.85,42.8,14.6,14,-0.5,8.404620060606035,-0.7967434818940489,-1.367993177705611,-0.24253562503633297,1.250437232872866,-1.9566593620558557,41.54840324096499,16.138504070104297,36.1385040701043
IDN,Indonesia,2017,4467.66,2.85,42.8,20.7,14,-0.5,8.404620060606035,-0.7967434818940489,-1.367993177705611,-0.24253562503633297,1.250437232872866,-1.5806947849283657,41.56554861304279,20.413460973461593,40.413460973461596
IDN,Indonesia,2018,4292.17,2.93,43.6,15.0,14,0.5,8.36454771154028,-0.8309633874241721,-1.3435489412009824,0.24253562503633297,1.3602129794122944,-1.93200594716225,42.086362315734,16.445894754636296,36.4458947546363
IDN,Indonesia,2018,4292.17,2.93,43.6,18.3,14,0.5,8.36454771154028,-0.8309633874241721,-1.3435489412009824,0.24253562503633297,1.3602129794122944,-1.7286152742900012,42.09259150099486,18.7442216178144,38.744221617814404
IDN,Indonesia,2018,4292.17,2.93,43.6,21.0,14,0.5,8.36454771154028,-0.8309633874241721,-1.3435489412009824,0.24253562503633297,1.3602129794122944,-1.562204723758161,42.07947282127073,20.601787637619406,40.60178763761941
IDN,Indonesia,2018,4292.17,2.93,39.6,15.0,14,0.5,8.36454771154028,-0.8309633874241721,-1.3435489412009824,0.24253562503633297,0.811334246715155,-1.93200594716225,39.27488568085487,16.391488051007613,36.39148805100761
IDN,Indonesia,2018,4292.17,2.93,39.6,18.3,14,0.5,8.36454771154028,-0.8309633874241721,-1.3435489412009824,0.24253562503633297,0.811334246715155,-1.7286152742900012,39.29517593661469,18.67497215524474,38.67497215524474
IDN,Indonesia,2018,4292.17,2.93,39.6,21.0,14,0.5,8.36454771154028,-0.8309633874241721,-1.3435489412009824,0.24253562503633297,0.811334246715155,-1.562204723758161,39.298136291244475,20.561122484293858,40.56112248429386
IDN,Indonesia,2018,4292.17,2.93,35.5,15.0,14,0.5,8.36454771154028,-0.8309633874241721,-1.3435489412009824,0.24253562503633297,0.2487335457005868,-1.93200594716225,36.41396081919354,16.284196825957114,36.28419682595711
IDN,Indonesia,2018,4292.17,2.93,35.5,18.3,14,0.5,8.36454771154028,-0.8309633874241721,-1.3435489412009824,0.24253562503633297,0.2487335457005868,-1.7286152742900012,36.4226007133798,18.62682125719355,38.626821257193555
IDN,Indonesia,2018,4292.17,2.93,35.5,21.0,14,0.5,8.36454771154028,-0.8309633874241721,-1.3435489412009824,0.24253562503633297,0.2487335457005868,-1.562204723758161,36.40336393558653,20.521254154151446,40.52125415415145
IDN,Indonesia,2019,4221.32,2.96,40.3,15.4,14,1.5,8.347903154328053,-0.8451770581640271,-1.3343823525117469,0.7276068751089989,0.9073880249371538,-1.907352532268644,39.7562510111946,16.73703963879333,36.737039638793334
IDN,Indonesia,2019,4221.32,2.96,40.3,21.4,14,1.5,8.347903154328053,-0.8451770581640271,-1.3343823525117469,0.7276068751089989,0.9073880249371538,-1.5375513088645554,39.74312778888331,20.91142161695123,40.91142161695123
IDN,Indonesia,2019,4221.32,2.96,40.3,18.7,14,1.5,8.347903154328053,-0.8451770581640271,-1.3343823525117469,0.7276068751089989,0.9073880249371538,-1.7039618593963952,39.74559198778177,19.05586164649555,39.05586164649555
IDN,Indonesia,2019,4221.32,2.96,35.9,15.4,14,1.5,8.347903154328053,-0.8451770581640271,-1.3343823525117469,0.7276068751089989,0.30362141897030054,-1.907352532268644,36.670406919647576,16.65874462241129,36.65874462241129
IDN,Indonesia,2019,4221.32,2.96,35.9,21.4,14,1.5,8.347903154328053,-0.8451770581640271,-1.3343823525117469,0.7276068751089989,0.30362141897030054,-1.5375513088645554,36.67042927231775,20.87148867490419,40.871488674904185
IDN,Indonesia,2019,4221.32,2.96,35.9,18.7,14,1.5,8.347903154328053,-0.8451770581640271,-1.3343823525117469,0.7276068751089989,0.30362141897030054,-1.7039618593963952,36.66828697479952,18.996473880482316,38.99647388048231
IDN,Indonesia,2019,4221.32,2.96,44.5,15.4,14,1.5,8.347903154328053,-0.8451770581640271,-1.3343823525117469,0.7276068751089989,1.4837106942691505,-1.907352532268644,42.69539163768961,16.808651990057253,36.80865199005726
IDN,Indonesia,2019,4221.32,2.96,44.5,21.4,14,1.5,8.347903154328053,-0.8451770581640271,-1.3343823525117469,0.7276068751089989,1.4837106942691505,-1.5375513088645554,42.67557824017335,21.02455670407737,41.02455670407737
IDN,Indonesia,2019,4221.32,2.96,44.5,18.7,14,1.5,8.347903154328053,-0.8451770581640271,-1.3343823525117469,0.7276068751089989,1.4837106942691505,-1.7039618593963952,42.71342164644635,19.112724601029417,39.11272460102941
IND,India,2015,2132.86,3.29,31.0,26.6,15,-2.5,7.665219081061754,-1.428157218767015,-1.2335498769301545,-1.212678125181665,-0.3687550285836951,-1.2170569152476782,31.20384113341772,26.935464761460416,46.935464761460416
IND,India,2015,2132.86,3.29,31.0,31.0,15,-2.5,7.665219081061754,-1.428157218767015,-1.2335498769301545,-1.212678125181665,-0.3687550285836951,-0.9458693514180134,31.195050002661937,30.01332534783849,50.01332534783849
IND,India,2015,2132.86,3.29,31.0,22.4,15,-2.5,7.665219081061754,-1.428157218767015,-1.2335498769301545,-1.212678125181665,-0.3687550285836951,-1.4759177716305405,31.18295205157472,24.006556160882926,44.00655616088292
IND,India,2015,2132.86,3.29,31.6,26.6,15,-2.5,7.665219081061754,-1.428157218767015,-1.2335498769301545,-1.212678125181665,-0.28642321867912396,-1.2170569152476782,31.57550412765588,26.943198805933083,46.94319880593308
IND,India,2015,2132.86,3.29,31.6,31.0,15,-2.5,7.665219081061754,-1.428157218767015,-1.2335498769301545,-1.212678125181665,-0.28642321867912396,-0.9458693514180134,31.592748754396617,30.045435416981064,50.045435416981064
IND,India,2015,2132.86,3.29,31.6,22.4,15,-2.5,7.665219081061754,-1.428157218767015,-1.2335498769301545,-1.212678125181665,-0.28642321867912396,-1.4759177716305405,31.628392777172856,24.007230366756417,44.00723036675642
IND,India,2015,2132.86,3.29,31.4,26.6,15,-2.5,7.665219081061754,-1.428157218767015,-1.2335498769301545,-1.212678125181665,-0.3138671553139813,-1.2170569152476782,31.489013867423335,26.96890637271206,46.968906372712055
IND,India,2015,2132.86,3.29,31.4,31.0,15,-2.5,7.665219081061754,-1.428157218767015,-1.2335498769301545,-1.212678125181665,-0.3138671553139813,-0.9458693514180134,31.465422748613424,30.024965669313808,50.02496566931381
IND,India,2015,2132.86,3.29,31.4,22.4,15,-2.5,7.665219081061754,-1.428157218767015,-1.2335498769301545,-1.212678125181665,-0.3138671553139813,-1.4759177716305405,31.504885043343588,24.033950971655482,44.033950971655486
IND,India,2016,2156.19,3.33,31.3,27.4,15,-1.5,7.676098054305561,-1.4188670861606902,-1.2213277586778402,-0.7276068751089989,-0.3275891236314095,-1.1677500854604668,31.3715931700364,27.634177010672158,47.63417701067216
IND,India,2016,2156.19,3.33,31.3,32.1,15,-1.5,7.676098054305561,-1.4188670861606902,-1.2213277586778402,-0.7276068751089989,-0.3275891236314095,-0.8780724604605971,31.372613096310527,30.932721641789154,50.93272164178916
IND,India,2016,2156.19,3.33,31.3,23.1,15,-1.5,7.676098054305561,-1.4188670861606902,-1.2213277586778402,-0.7276068751089989,-0.3275891236314095,-1.43277429556673,31.34661648326607,24.643937865489747,44.64393786548975
IND,India,2016,2156.19,3.33,31.6,27.4,15,-1.5,7.676098054305561,-1.4188670861606902,-1.2213277586778402,-0.7276068751089989,-0.28642321867912396,-1.1677500854604668,31.55446243061717,27.682185856604836,47.68218585660483
IND,India,2016,2156.19,3.33,31.6,32.1,15,-1.5,7.676098054305561,-1.4188670861606902,-1.2213277586778402,-0.7276068751089989,-0.28642321867912396,-0.8780724604605971,31.552941479891714,30.954900164784803,50.9549001647848
IND,India,2016,2156.19,3.33,31.6,23.1,15,-1.5,7.676098054305561,-1.4188670861606902,-1.2213277586778402,-0.7276068751089989,-0.28642321867912396,-1.43277429556673,31.581283550550083,24.632066716117354,44.63206671611735
IND,India,2016,2156.19,3.33,30.8,27.4,15,-1.5,7.676098054305561,-1.4188670861606902,-1.2213277586778402,-0.7276068751089989,-0.3961989652185519,-1.1677500854604668,31.035697101251444,27.63221864173007,47.63221864173007
IND,India,2016,2156.19,3.33,30.8,32.1,15,-1.5,7.676098054305561,-1.4188670861606902,-1.2213277586778402,-0.7276068751089989,-0.3961989652185519,-0.8780724604605971,31.048578847302625,30.91537056459187,50.91537056459187
IND,India,2016,2156.19,3.33,30.8,23.1,15,-1.5,7.676098054305561,-1.4188670861606902,-1.2213277586778402,-0.7276068751089989,-0.3961989652185519,-1.43277429556673,31.010706204550214,24.651776420509552,44.65177642050955
IND,India,2017,2190.47,3.33,31.2,23.8,15,-0.5,7.691871411656859,-1.4053973792171666,-1.2213277586778402,-0.24253562503633297,-0.3413110919488382,-1.3896308195029197,31.242756330842653,25.248967586860232,45.24896758686023
IND,India,2017,2190.47,3.33,31.2,33.1,15,-0.5,7.691871411656859,-1.4053973792171666,-1.2213277586778402,-0.24253562503633297,-0.3413110919488382,-0.8164389232265823,31.27116448114802,31.740795188796227,51.74079518879623
IND,India,2017,2190.47,3.33,31.2,28.3,15,-0.5,7.691871411656859,-1.4053973792171666,-1.2213277586778402,-0.24253562503633297,-0.3413110919488382,-1.1122799019498533,31.250217895737094,28.431080417485312,48.43108041748531
IND,India,2017,2190.47,3.33,31.6,23.8,15,-0.5,7.691871411656859,-1.4053973792171666,-1.2213277586778402,-0.24253562503633297,-0.28642321867912396,-1.3896308195029197,31.54105934925221,25.262798604029722,45.262798604029726
IND,India,2017,2190.47,3.33,31.6,33.1,15,-0.5,7.691871411656859,-1.4053973792171666,-1.2213277586778402,-0.24253562503633297,-0.28642321867912396,-0.8164389232265823,31.53260448840459,31.79338229047985,51.793382290479855
IND,India,2017,2190.47,3.33,31.6,28.3,15,-0.5,7.691871411656859,-1.4053973792171666,-1.2213277586778402,-0.24253562503633297,-0.28642321867912396,-1.1122799019498533,31.51557334347746,28.424843877752192,48.424843877752195
IND,India,2017,2190.47,3.33,30.7,23.8,15,-0.5,7.691871411656859,-1.4053973792171666,-1.2213277586778402,-0.24253562503633297,-0.40992093353598064,-1.3896308195029197,30.88265241803427,25.19995296846106,45.19995296846106
IND,India,2017,2190.47,3.33,30.7,33.1,15,-0.5,7.691871411656859,-1.4053973792171666,-1.2213277586778402,-0.24253562503633297,-0.40992093353598064,-0.8164389232265823,30.902596208839167,31.759513704049656,51.75951370404965
IND,India,2017,2190.47,3.33,30.7,28.3,15,-0.5,7.691871411656859,-1.4053973792171666,-1.2213277586778402,-0.24253562503633297,-0.40992093353598064,-1.1122799019498533,30.89542098699438,28.38285790972714,48.382857909727136
IND,India,2018,2054.97,3.31,30.6,24.4,15,0.5,7.628016528283629,-1.4599264529453733,-1.2274388178039974,0.24253562503633297,-0.4236429018534088,-1.352650697162511,30.79609542397501,25.614639674344122,45.61463967434412
IND,India,2018,2054.97,3.31,30.6,29.1,15,0.5,7.628016528283629,-1.4599264529453733,-1.2274388178039974,0.24253562503633297,-0.4236429018534088,-1.0629730721626414,30.816465084986543,28.862919925206707,48.86291992520671
IND,India,2018,2054.97,3.31,30.6,34.1,15,0.5,7.628016528283629,-1.4599264529453733,-1.2274388178039974,0.24253562503633297,-0.4236429018534088,-0.7548053859925674,30.81767627964483,32.38147948381385,52.38147948381385
IND,India,2018,2054.97,3.31,31.2,24.4,15,0.5,7.628016528283629,-1.4599264529453733,-1.2274388178039974,0.24253562503633297,-0.3413110919488382,-1.352650697162511,31.277474468776905,25.62327870853343,45.623278708533434
IND,India,2018,2054.97,3.31,31.2,29.1,15,0.5,7.628016528283629,-1.4599264529453733,-1.2274388178039974,0.24253562503633297,-0.3413110919488382,-1.0629730721626414,31.266219058812503,28.895853861622026,48.89585386162203
IND,India,2018,2054.97,3.31,31.2,34.1,15,0.5,7.628016528283629,-1.4599264529453733,-1.2274388178039974,0.24253562503633297,-0.3413110919488382,-0.7548053859925674,31.248058299079204,32.40961358729453,52.40961358729453
IND,India,2018,2054.97,3.31,31.6,24.4,15,0.5,7.628016528283629,-1.4599264529453733,-1.2274388178039974,0.24253562503633297,-0.28642321867912396,-1.352650697162511,31.534904080172073,25.621545863960606,45.621545863960606
IND,India,2018,2054.97,3.31,31.6,29.1,15,0.5,7.628016528283629,-1.4599264529453733,-1.2274388178039974,0.24253562503633297,-0.28642321867912396,-1.0629730721626414,31.518488089284975,28.889680061265167,48.88968006126517
IND,India,2018,2054.97,3.31,31.6,34.1,15,0.5,7.628016528283629,-1.4599264529453733,-1.2274388178039974,0.24253562503633297,-0.28642321867912396,-0.7548053859925674,31.537181180581232,32.385077008116205,52.385077008116205
IND,India,2019,2078.78,3.3,31.1,29.9,15,1.5,7.639536462152851,-1.4500889700448532,-1.230494347367076,0.7276068751089989,-0.35503306026626635,-1.0136662423754297,31.131955295758054,29.57774011772335,49.57774011772335
IND,India,2019,2078.78,3.3,31.1,35.1,15,1.5,7.639536462152851,-1.4500889700448532,-1.230494347367076,0.7276068751089989,-0.35503306026626635,-0.6931718487585526,31.158274751643773,33.21284997436941,53.21284997436941
IND,India,2019,2078.78,3.3,31.1,25.1,15,1.5,7.639536462152851,-1.4500889700448532,-1.230494347367076,0.7276068751089989,-0.35503306026626635,-1.3095072210987004,31.12079228211503,26.20168557581129,46.20168557581129
IND,India,2019,2078.78,3.3,30.5,29.9,15,1.5,7.639536462152851,-1.4500889700448532,-1.230494347367076,0.7276068751089989,-0.43736487017083747,-1.0136662423754297,30.699382415675483,29.561437679276555,49.56143767927655
IND,India,2019,2078.78,3.3,30.5,35.1,15,1.5,7.639536462152851,-1.4500889700448532,-1.230494347367076,0.7276068751089989,-0.43736487017083747,-0.6931718487585526,30.7039338140597,33.21152907975642,53.21152907975642
IND,India,2019,2078.78,3.3,30.5,25.1,15,1.5,7.639536462152851,-1.4500889700448532,-1.230494347367076,0.7276068751089989,-0.43736487017083747,-1.3095072210987004,30.69102206234427,26.207474927350315,46.20747492735032
IND,India,2019,2078.78,3.3,31.6,29.9,15,1.5,7.639536462152851,-1.4500889700448532,-1.230494347367076,0.7276068751089989,-0.28642321867912396,-1.0136662423754297,31.462499064573326,29.599864763507817,49.59986476350782
IND,India,2019,2078.78,3.3,31.6,35.1,15,1.5,7.639536462152851,-1.4500889700448532,-1.230494347367076,0.7276068751089989,-0.28642321867912396,-0.6931718487585526,31.47061463310112,33.20613999002883,53.20613999002883
IND,India,2019,2078.78,3.3,31.6,25.1,15,1.5,7.639536462152851,-1.4500889700448532,-1.230494347367076,0.7276068751089989,-0.28642321867912396,-1.3095072210987004,31.429251142232342,26.204966163568766,46.20496616356877
ITA,Italy,2015,34281.8,8.61,35.6,51.9,16,-2.5,10.44236988008464,0.943399233527039,0.39199185062763975,-1.212678125181665,0.2624555140180155,0.3422715767728955,35.354485949111314,52.27628423122018,72.27628423122019
ITA,Italy,2015,34281.8,8.61,35.6,57.8,16,-2.5,10.44236988008464,0.943399233527039,0.39199185062763975,-1.212678125181665,0.2624555140180155,0.7059094464535827,35.37085248860396,56.38689766276235,76.38689766276235
ITA,Italy,2015,34281.8,8.61,35.6,47.6,16,-2.5,10.44236988008464,0.943399233527039,0.39199185062763975,-1.212678125181665,0.2624555140180155,0.07724736666663211,35.3122160575612,49.26703465308091,69.26703465308091
ITA,Italy,2015,34281.8,8.61,41.1,51.9,16,-2.5,10.44236988008464,0.943399233527039,0.39199185062763975,-1.212678125181665,1.0171637714765822,0.3422715767728955,39.20615429810389,52.37578207481435,72.37578207481435
ITA,Italy,2015,34281.8,8.61,41.1,57.8,16,-2.5,10.44236988008464,0.943399233527039,0.39199185062763975,-1.212678125181665,1.0171637714765822,0.7059094464535827,39.21431174285347,56.47725962025445,76.47725962025444
ITA,Italy,2015,34281.8,8.61,41.1,47.6,16,-2.5,10.44236988008464,0.943399233527039,0.39199185062763975,-1.212678125181665,1.0171637714765822,0.07724736666663211,39.19800355773773,49.36036480138815,69.36036480138816
ITA,Italy,2015,34281.8,8.61,30.1,51.9,16,-2.5,10.44236988008464,0.943399233527039,0.39199185062763975,-1.212678125181665,-0.49225274344055125,0.3422715767728955,31.513546519038552,52.218738842528744,72.21873884252875
ITA,Italy,2015,34281.8,8.61,30.1,57.8,16,-2.5,10.44236988008464,0.943399233527039,0.39199185062763975,-1.212678125181665,-0.49225274344055125,0.7059094464535827,31.511480240860962,56.2946225547683,76.2946225547683
ITA,Italy,2015,34281.8,8.61,30.1,47.6,16,-2.5,10.44236988008464,0.943399233527039,0.39199185062763975,-1.212678125181665,-0.49225274344055125,0.07724736666663211,31.53570787315584,49.184321401089,69.184321401089
ITA,Italy,2016,32663.54,8.73,40.6,57.9,16,-1.5,10.39401475011798,0.902106221813633,0.42865820538458277,-0.7276068751089989,0.9485539298894398,0.7120728001769842,38.85698484622288,56.53208491185319,76.53208491185319
ITA,Italy,2016,32663.54,8.73,40.6,52.5,16,-1.5,10.39401475011798,0.902106221813633,0.42865820538458277,-0.7276068751089989,0.9485539298894398,0.3792516991133045,38.850825882602926,52.7615750792753,72.7615750792753
ITA,Italy,2016,32663.54,8.73,40.6,48.5,16,-1.5,10.39401475011798,0.902106221813633,0.42865820538458277,-0.7276068751089989,0.9485539298894398,0.13271755017724532,38.84728914323816,49.9840814127284,69.9840814127284
ITA,Italy,2016,32663.54,8.73,35.1,57.9,16,-1.5,10.39401475011798,0.902106221813633,0.42865820538458277,-0.7276068751089989,0.19384567243087306,0.7120728001769842,34.99053016778912,56.482046384329145,76.48204638432915
ITA,Italy,2016,32663.54,8.73,35.1,52.5,16,-1.5,10.39401475011798,0.902106221813633,0.42865820538458277,-0.7276068751089989,0.19384567243087306,0.3792516991133045,34.98893960807996,52.67146836993995,72.67146836993996
ITA,Italy,2016,32663.54,8.73,35.1,48.5,16,-1.5,10.39401475011798,0.902106221813633,0.42865820538458277,-0.7276068751089989,0.19384567243087306,0.13271755017724532,35.00113967123452,49.87370418039118,69.87370418039117
ITA,Italy,2016,32663.54,8.73,29.7,57.9,16,-1.5,10.39401475011798,0.902106221813633,0.42865820538458277,-0.7276068751089989,-0.5471406167102655,0.7120728001769842,31.216220572241966,56.363533497817436,76.36353349781743
ITA,Italy,2016,32663.54,8.73,29.7,52.5,16,-1.5,10.39401475011798,0.902106221813633,0.42865820538458277,-0.7276068751089989,-0.5471406167102655,0.3792516991133045,31.2055660908464,52.580685191231574,72.58068519123157
ITA,Italy,2016,32663.54,8.73,29.7,48.5,16,-1.5,10.39401475011798,0.902106221813633,0.42865820538458277,-0.7276068751089989,-0.5471406167102655,0.13271755017724532,31.22266173188549,49.79313290099767,69.79313290099768
ITA,Italy,2017,33673.87,8.68,34.7,53.0,16,-0.5,10.424477444665065,0.9281199333603088,0.4133805575691898,-0.24253562503633297,0.1389577991611593,0.41006846773031186,34.66715196914301,53.148427537214175,73.14842753721418
ITA,Italy,2017,33673.87,8.68,34.7,57.9,16,-0.5,10.424477444665065,0.9281199333603088,0.4133805575691898,-0.24253562503633297,0.1389577991611593,0.7120728001769842,34.69379252182047,56.600701303244236,76.60070130324424
ITA,Italy,2017,33673.87,8.68,34.7,49.4,16,-0.5,10.424477444665065,0.9281199333603088,0.4133805575691898,-0.24253562503633297,0.1389577991611593,0.18818773368785854,34.67623849330713,50.63882403028569,70.63882403028569
ITA,Italy,2017,33673.87,8.68,40.1,53.0,16,-0.5,10.424477444665065,0.9281199333603088,0.4133805575691898,-0.24253562503633297,0.8799440883022973,0.41006846773031186,38.42731317733378,53.27405158454814,73.27405158454815
ITA,Italy,2017,33673.87,8.68,40.1,57.9,16,-0.5,10.424477444665065,0.9281199333603088,0.4133805575691898,-0.24253562503633297,0.8799440883022973,0.7120728001769842,38.43826216522411,56.683582606926024,76.68358260692602
ITA,Italy,2017,33673.87,8.68,40.1,49.4,16,-0.5,10.424477444665065,0.9281199333603088,0.4133805575691898,-0.24253562503633297,0.8799440883022973,0.18818773368785854,38.46422179747133,50.76508559058632,70.76508559058632
ITA,Italy,2017,33673.87,8.68,29.3,53.0,16,-0.5,10.424477444665065,0.9281199333603088,0.4133805575691898,-0.24253562503633297,-0.6020284899799793,0.41006846773031186,30.874585781381988,53.07213756099549,73.07213756099549
ITA,Italy,2017,33673.87,8.68,29.3,57.9,16,-0.5,10.424477444665065,0.9281199333603088,0.4133805575691898,-0.24253562503633297,-0.6020284899799793,0.7120728001769842,30.907543505774246,56.51105347404339,76.5110534740434
ITA,Italy,2017,33673.87,8.68,29.3,49.4,16,-0.5,10.424477444665065,0.9281199333603088,0.4133805575691898,-0.24253562503633297,-0.6020284899799793,0.18818773368785854,30.88332430101988,50.6062461096337,70.6062461096337
ITA,Italy,2018,33923.77,8.72,29.0,57.9,16,0.5,10.431871227597743,0.9344338769988834,0.4256026758215043,0.24253562503633297,-0.6431943949322648,0.7120728001769842,30.62464231890863,56.6032115808981,76.60321158089809
ITA,Italy,2018,33923.77,8.72,29.0,53.4,16,0.5,10.431871227597743,0.9344338769988834,0.4256026758215043,0.24253562503633297,-0.6431943949322648,0.4347218826239177,30.62876587279157,53.491950141114316,73.49195014111432
ITA,Italy,2018,33923.77,8.72,29.0,50.2,16,0.5,10.431871227597743,0.9344338769988834,0.4256026758215043,0.24253562503633297,-0.6431943949322648,0.23749456347507064,30.641663466179864,51.24488754050938,71.24488754050938
ITA,Italy,2018,33923.77,8.72,34.2,57.9,16,0.5,10.431871227597743,0.9344338769988834,0.4256026758215043,0.24253562503633297,0.07034795757401688,0.7120728001769842,34.27470397648163,56.72893604012231,76.7289360401223
ITA,Italy,2018,33923.77,8.72,34.2,53.4,16,0.5,10.431871227597743,0.9344338769988834,0.4256026758215043,0.24253562503633297,0.07034795757401688,0.4347218826239177,34.30713886614932,53.56472296734845,73.56472296734844
ITA,Italy,2018,33923.77,8.72,34.2,50.2,16,0.5,10.431871227597743,0.9344338769988834,0.4256026758215043,0.24253562503633297,0.07034795757401688,0.23749456347507064,34.25480365431576,51.32688523583291,71.32688523583292
ITA,Italy,2018,33923.77,8.72,39.6,57.9,16,0.5,10.431871227597743,0.9344338769988834,0.4256026758215043,0.24253562503633297,0.811334246715155,0.7120728001769842,38.07545958361685,56.82755983662664,76.82755983662665
ITA,Italy,2018,33923.77,8.72,39.6,53.4,16,0.5,10.431871227597743,0.9344338769988834,0.4256026758215043,0.24253562503633297,0.811334246715155,0.4347218826239177,38.03960917081507,53.680220964311516,73.68022096431152
ITA,Italy,2018,33923.77,8.72,39.6,50.2,16,0.5,10.431871227597743,0.9344338769988834,0.4256026758215043,0.24253562503633297,0.811334246715155,0.23749456347507064,38.07778905398615,51.399896782838525,71.39989678283852
ITA,Italy,2019,35178.2,8.75,33.8,58.0,16,1.5,10.468181851547648,0.965441445815643,0.4347692645107398,0.7276068751089989,0.015460084304302155,0.7182361539003858,33.95161805422726,56.982899655359574,76.98289965535957
ITA,Italy,2019,35178.2,8.75,33.8,53.9,16,1.5,10.468181851547648,0.965441445815643,0.4347692645107398,0.7276068751089989,0.015460084304302155,0.4655386512409251,33.96432681625946,54.12492059041711,74.1249205904171
ITA,Italy,2019,35178.2,8.75,33.8,51.0,16,1.5,10.468181851547648,0.965441445815643,0.4347692645107398,0.7276068751089989,0.015460084304302155,0.28680139326228227,33.9499601824338,52.10499453358115,72.10499453358115
ITA,Italy,2019,35178.2,8.75,28.6,58.0,16,1.5,10.468181851547648,0.965441445815643,0.4347692645107398,0.7276068751089989,-0.6980822682019785,0.7182361539003858,30.295854433370824,56.90568489188029,76.9056848918803
ITA,Italy,2019,35178.2,8.75,28.6,53.9,16,1.5,10.468181851547648,0.965441445815643,0.4347692645107398,0.7276068751089989,-0.6980822682019785,0.4655386512409251,30.30292131715666,54.006994197983126,74.00699419798312
ITA,Italy,2019,35178.2,8.75,28.6,51.0,16,1.5,10.468181851547648,0.965441445815643,0.4347692645107398,0.7276068751089989,-0.6980822682019785,0.28680139326228227,30.29671784454213,51.994794656736126,71.99479465673613
ITA,Italy,2019,35178.2,8.75,39.1,58.0,16,1.5,10.468181851547648,0.965441445815643,0.4347692645107398,0.7276068751089989,0.7427244051280125,0.7182361539003858,37.694205248658115,57.075545307039334,77.07554530703933
ITA,Italy,2019,35178.2,8.75,39.1,53.9,16,1.5,10.468181851547648,0.965441445815643,0.4347692645107398,0.7276068751089989,0.7427244051280125,0.4655386512409251,37.66405032363534,54.20461738236609,74.20461738236608
ITA,Italy,2019,35178.2,8.75,39.1,51.0,16,1.5,10.468181851547648,0.965441445815643,0.4347692645107398,0.7276068751089989,0.7427244051280125,0.28680139326228227,37.679496480079,52.17954437874959,72.1795443787496
JPN,Japan,2015,40365.42,10.83,40.0,50.8,17,-2.5,10.605728756828867,1.0829000479295523,1.0703194136310805,-1.212678125181665,0.8662221199848686,0.2744746858154792,37.591489919100795,50.12686701817451,70.12686701817451
JPN,Japan,2015,40365.42,10.83,40.0,46.3,17,-2.5,10.605728756828867,1.0829000479295523,1.0703194136310805,-1.212678125181665,0.8662221199848686,-0.0028762317375873683,37.61034598771549,46.933798904667746,66.93379890466775
JPN,Japan,2015,40365.42,10.83,40.0,43.7,17,-2.5,10.605728756828867,1.0829000479295523,1.0703194136310805,-1.212678125181665,0.8662221199848686,-0.16312342854602546,37.59491253619738,45.14779526794312,65.14779526794311
JPN,Japan,2015,40365.42,10.83,31.9,50.8,17,-2.5,10.605728756828867,1.0829000479295523,1.0703194136310805,-1.212678125181665,-0.24525731372683887,0.2744746858154792,31.918898129868168,49.96286394555982,69.96286394555982
JPN,Japan,2015,40365.42,10.83,31.9,46.3,17,-2.5,10.605728756828867,1.0829000479295523,1.0703194136310805,-1.212678125181665,-0.24525731372683887,-0.0028762317375873683,31.92357420416718,46.82083672964272,66.82083672964272
JPN,Japan,2015,40365.42,10.83,31.9,43.7,17,-2.5,10.605728756828867,1.0829000479295523,1.0703194136310805,-1.212678125181665,-0.24525731372683887,-0.16312342854602546,31.950190310144354,45.007086699883295,65.0070866998833
JPN,Japan,2015,40365.42,10.83,23.7,50.8,17,-2.5,10.605728756828867,1.0829000479295523,1.0703194136310805,-1.212678125181665,-1.3704587157559747,0.2744746858154792,26.164080149635392,49.83523705597207,69.83523705597207
JPN,Japan,2015,40365.42,10.83,23.7,46.3,17,-2.5,10.605728756828867,1.0829000479295523,1.0703194136310805,-1.212678125181665,-1.3704587157559747,-0.0028762317375873683,26.176488554459077,46.70858740917601,66.708587409176
JPN,Japan,2015,40365.42,10.83,23.7,43.7,17,-2.5,10.605728756828867,1.0829000479295523,1.0703194136310805,-1.212678125181665,-1.3704587157559747,-0.16312342854602546,26.16449040137023,44.85314980318698,64.85314980318698
JPN,Japan,2016,39842.89,10.87,23.4,46.7,17,-1.5,10.592699249228266,1.0717734599058513,1.0825415318833944,-0.7276068751089989,-1.4116246207082601,0.021777183156018894,25.926010460003596,47.054002171295245,67.05400217129525
JPN,Japan,2016,39842.89,10.87,23.4,44.3,17,-1.5,10.592699249228266,1.0717734599058513,1.0825415318833944,-0.7276068751089989,-1.4116246207082601,-0.12614330620561692,25.934330346910524,45.38949689246587,65.38949689246587
JPN,Japan,2016,39842.89,10.87,23.4,51.0,17,-1.5,10.592699249228266,1.0717734599058513,1.0825415318833944,-0.7276068751089989,-1.4116246207082601,0.28680139326228227,25.974580090540556,50.05018408813162,70.05018408813163
JPN,Japan,2016,39842.89,10.87,31.8,46.7,17,-1.5,10.592699249228266,1.0717734599058513,1.0825415318833944,-0.7276068751089989,-0.25897928204426707,0.021777183156018894,31.84050403272121,47.19186161165283,67.19186161165283
JPN,Japan,2016,39842.89,10.87,31.8,44.3,17,-1.5,10.592699249228266,1.0717734599058513,1.0825415318833944,-0.7276068751089989,-0.25897928204426707,-0.12614330620561692,31.8270491985717,45.489010445765686,65.48901044576569
JPN,Japan,2016,39842.89,10.87,31.8,51.0,17,-1.5,10.592699249228266,1.0717734599058513,1.0825415318833944,-0.7276068751089989,-0.25897928204426707,0.28680139326228227,31.792939433942852,50.16603127972435,70.16603127972435
JPN,Japan,2016,39842.89,10.87,40.1,46.7,17,-1.5,10.592699249228266,1.0717734599058513,1.0825415318833944,-0.7276068751089989,0.8799440883022973,0.021777183156018894,37.656196164799475,47.309129827936225,67.30912982793623
JPN,Japan,2016,39842.89,10.87,40.1,44.3,17,-1.5,10.592699249228266,1.0717734599058513,1.0825415318833944,-0.7276068751089989,0.8799440883022973,-0.12614330620561692,37.63317363220189,45.64682207800663,65.64682207800664
JPN,Japan,2016,39842.89,10.87,40.1,51.0,17,-1.5,10.592699249228266,1.0717734599058513,1.0825415318833944,-0.7276068751089989,0.8799440883022973,0.28680139326228227,37.629367140648704,50.33708042069986,70.33708042069986
JPN,Japan,2017,39309.99,10.98,23.1,51.0,17,-0.5,10.579233964027678,1.0602747382625501,1.116152357077259,-0.24253562503633297,-1.4527905256605453,0.28680139326228227,25.697217049554464,50.123630631523866,70.12363063152387
JPN,Japan,2017,39309.99,10.98,23.1,44.9,17,-0.5,10.579233964027678,1.0602747382625501,1.116152357077259,-0.24253562503633297,-1.4527905256605453,-0.08916318386520798,25.704594768753438,45.88436770886509,65.88436770886508
JPN,Japan,2017,39309.99,10.98,23.1,47.0,17,-0.5,10.579233964027678,1.0602747382625501,1.116152357077259,-0.24253562503633297,-1.4527905256605453,0.04026724432622315,25.6717868106345,47.356815877143006,67.356815877143
JPN,Japan,2017,39309.99,10.98,31.7,51.0,17,-0.5,10.579233964027678,1.0602747382625501,1.116152357077259,-0.24253562503633297,-0.27270125036169574,0.28680139326228227,31.734444629966667,50.30098442530514,70.30098442530513
JPN,Japan,2017,39309.99,10.98,31.7,44.9,17,-0.5,10.579233964027678,1.0602747382625501,1.116152357077259,-0.24253562503633297,-0.27270125036169574,-0.08916318386520798,31.73347820244419,46.01569495576687,66.01569495576686
JPN,Japan,2017,39309.99,10.98,31.7,47.0,17,-0.5,10.579233964027678,1.0602747382625501,1.116152357077259,-0.24253562503633297,-0.27270125036169574,0.04026724432622315,31.72583755249528,47.463053929359546,67.46305392935955
JPN,Japan,2017,39309.99,10.98,40.2,51.0,17,-0.5,10.579233964027678,1.0602747382625501,1.116152357077259,-0.24253562503633297,0.893666056619726,0.28680139326228227,37.669749417162635,50.41409527215382,70.41409527215382
JPN,Japan,2017,39309.99,10.98,40.2,44.9,17,-0.5,10.579233964027678,1.0602747382625501,1.116152357077259,-0.24253562503633297,0.893666056619726,-0.08916318386520798,37.690045104698086,46.148673098044426,66.14867309804443
JPN,Japan,2017,39309.99,10.98,40.2,47.0,17,-0.5,10.579233964027678,1.0602747382625501,1.116152357077259,-0.24253562503633297,0.893666056619726,0.04026724432622315,37.691590722442214,47.60443409717349,67.60443409717348
JPN,Japan,2018,40024.48,10.94,31.6,51.1,17,0.5,10.597246545900445,1.0756566378619046,1.1039302388249443,0.24253562503633297,-0.28642321867912396,0.29296474698568387,31.61896466462431,50.49677132213855,70.49677132213856
JPN,Japan,2018,40024.48,10.94,31.6,45.4,17,0.5,10.597246545900445,1.0756566378619046,1.1039302388249443,0.24253562503633297,-0.28642321867912396,-0.058346415248200584,31.606195907019302,46.49247348839014,66.49247348839015
JPN,Japan,2018,40024.48,10.94,31.6,47.3,17,0.5,10.597246545900445,1.0756566378619046,1.1039302388249443,0.24253562503633297,-0.28642321867912396,0.058757305496427416,31.623276355739918,47.81671430644804,67.81671430644803
JPN,Japan,2018,40024.48,10.94,40.2,51.1,17,0.5,10.597246545900445,1.0756566378619046,1.1039302388249443,0.24253562503633297,0.893666056619726,0.29296474698568387,37.63524195161132,50.611901041358266,70.61190104135827
JPN,Japan,2018,40024.48,10.94,40.2,45.4,17,0.5,10.597246545900445,1.0756566378619046,1.1039302388249443,0.24253562503633297,0.893666056619726,-0.058346415248200584,37.63448338583071,46.63260673863384,66.63260673863384
JPN,Japan,2018,40024.48,10.94,40.2,47.3,17,0.5,10.597246545900445,1.0756566378619046,1.1039302388249443,0.24253562503633297,0.893666056619726,0.058757305496427416,37.65866316544687,47.933183814885,67.933183814885
JPN,Japan,2018,40024.48,10.94,22.8,51.1,17,0.5,10.597246545900445,1.0756566378619046,1.1039302388249443,0.24253562503633297,-1.4939564306128308,0.29296474698568387,25.479498304487286,50.32188090374775,70.32188090374774
JPN,Japan,2018,40024.48,10.94,22.8,45.4,17,0.5,10.597246545900445,1.0756566378619046,1.1039302388249443,0.24253562503633297,-1.4939564306128308,-0.058346415248200584,25.442176631291574,46.36318919388574,66.36318919388574
JPN,Japan,2018,40024.48,10.94,22.8,47.3,17,0.5,10.597246545900445,1.0756566378619046,1.1039302388249443,0.24253562503633297,-1.4939564306128308,0.058757305496427416,25.447834546259713,47.6585550814909,67.6585550814909
JPN,Japan,2019,40917.93,11.0,40.3,47.7,17,1.5,10.619323632275758,1.0945094335616012,1.122263416203416,0.7276068751089989,0.9073880249371538,0.08341072039003368,37.68546773801611,48.43310414898361,68.4331041489836
JPN,Japan,2019,40917.93,11.0,40.3,51.2,17,1.5,10.619323632275758,1.0945094335616012,1.122263416203416,0.7276068751089989,0.9073880249371538,0.2991281007090854,37.642368527938956,50.83008617678929,70.83008617678928
JPN,Japan,2019,40917.93,11.0,40.3,45.9,17,1.5,10.619323632275758,1.0945094335616012,1.122263416203416,0.7276068751089989,0.9073880249371538,-0.027529646631193193,37.66108553483916,47.14041195679677,67.14041195679677
JPN,Japan,2019,40917.93,11.0,31.4,47.7,17,1.5,10.619323632275758,1.0945094335616012,1.122263416203416,0.7276068751089989,-0.3138671553139813,0.08341072039003368,31.435581216108897,48.26520220137821,68.2652022013782
JPN,Japan,2019,40917.93,11.0,31.4,51.2,17,1.5,10.619323632275758,1.0945094335616012,1.122263416203416,0.7276068751089989,-0.3138671553139813,0.2991281007090854,31.424993029277815,50.71030132007439,70.7103013200744
JPN,Japan,2019,40917.93,11.0,31.4,45.9,17,1.5,10.619323632275758,1.0945094335616012,1.122263416203416,0.7276068751089989,-0.3138671553139813,-0.027529646631193193,31.42574653812832,47.015594477646104,67.0155944776461
JPN,Japan,2019,40917.93,11.0,22.5,47.7,17,1.5,10.619323632275758,1.0945094335616012,1.122263416203416,0.7276068751089989,-1.5351223355651165,0.08341072039003368,25.189174283841893,48.13027478400399,68.13027478400399
JPN,Japan,2019,40917.93,11.0,22.5,51.2,17,1.5,10.619323632275758,1.0945094335616012,1.122263416203416,0.7276068751089989,-1.5351223355651165,0.2991281007090854,25.190366374189225,50.55986412544384,70.55986412544384
JPN,Japan,2019,40917.93,11.0,22.5,45.9,17,1.5,10.619323632275758,1.0945094335616012,1.122263416203416,0.7276068751089989,-1.5351223355651165,-0.027529646631193193,25.2138949923669,46.85976632640786,66.85976632640785
KEN,Kenya,2015,1793.19,4.62,33.7,18.1,18,-2.5,7.4917514356429376,-1.5762904472189936,-0.8271644450407059,-1.212678125181665,0.001738115986874449,-1.740941981736804,33.8980104613147,17.122920053231294,37.1229200532313
KEN,Kenya,2015,1793.19,4.62,33.7,13.7,18,-2.5,7.4917514356429376,-1.5762904472189936,-0.8271644450407059,-1.212678125181665,0.001738115986874449,-2.012129545566469,33.93141138706029,14.061732686263564,34.06173268626357
KEN,Kenya,2015,1793.19,4.62,33.7,8.4,18,-2.5,7.4917514356429376,-1.5762904472189936,-0.8271644450407059,-1.212678125181665,0.001738115986874449,-2.3387872929067477,33.93211047435519,10.314442797744174,30.314442797744174
KEN,Kenya,2015,1793.19,4.62,35.2,18.1,18,-2.5,7.4917514356429376,-1.5762904472189936,-0.8271644450407059,-1.212678125181665,0.20756764074830172,-1.740941981736804,34.99206628294556,17.150745655201632,37.15074565520163
KEN,Kenya,2015,1793.19,4.62,35.2,13.7,18,-2.5,7.4917514356429376,-1.5762904472189936,-0.8271644450407059,-1.212678125181665,0.20756764074830172,-2.012129545566469,34.9601459919531,14.060626094382805,34.060626094382805
KEN,Kenya,2015,1793.19,4.62,35.2,8.4,18,-2.5,7.4917514356429376,-1.5762904472189936,-0.8271644450407059,-1.212678125181665,0.20756764074830172,-2.3387872929067477,34.97363377241376,10.344666671992748,30.344666671992748
KEN,Kenya,2015,1793.19,4.62,36.4,18.1,18,-2.5,7.4917514356429376,-1.5762904472189936,-0.8271644450407059,-1.212678125181665,0.372231260557443,-1.740941981736804,35.78153050910801,17.174680015198287,37.17468001519829
KEN,Kenya,2015,1793.19,4.62,36.4,13.7,18,-2.5,7.4917514356429376,-1.5762904472189936,-0.8271644450407059,-1.212678125181665,0.372231260557443,-2.012129545566469,35.82371595040061,14.062843961060699,34.0628439610607
KEN,Kenya,2015,1793.19,4.62,36.4,8.4,18,-2.5,7.4917514356429376,-1.5762904472189936,-0.8271644450407059,-1.212678125181665,0.372231260557443,-2.3387872929067477,35.83357910078966,10.341456169948925,30.341456169948927
KEN,Kenya,2016,1819.03,4.67,36.0,18.7,18,-1.5,7.506058670960461,-1.5640727396880594,-0.8118867972253131,-0.7276068751089989,0.3173433872877292,-1.7039618593963952,35.49111106722858,17.71179452044464,37.71179452044464
KEN,Kenya,2016,1819.03,4.67,36.0,8.8,18,-1.5,7.506058670960461,-1.5640727396880594,-0.8118867972253131,-0.7276068751089989,0.3173433872877292,-2.3141338780131417,35.4880380920141,10.801171795468926,30.801171795468925
KEN,Kenya,2016,1819.03,4.67,36.0,14.2,18,-1.5,7.506058670960461,-1.5640727396880594,-0.8118867972253131,-0.7276068751089989,0.3173433872877292,-1.9813127769494616,35.53113355609605,14.596655229887864,34.596655229887865
KEN,Kenya,2016,1819.03,4.67,33.1,18.7,18,-1.5,7.506058670960461,-1.5640727396880594,-0.8118867972253131,-0.7276068751089989,-0.08059369391769666,-1.7039618593963952,33.43688787516478,17.68571052866028,37.68571052866028
KEN,Kenya,2016,1819.03,4.67,33.1,8.8,18,-1.5,7.506058670960461,-1.5640727396880594,-0.8118867972253131,-0.7276068751089989,-0.08059369391769666,-2.3141338780131417,33.460030817429704,10.749346568314811,30.749346568314813
KEN,Kenya,2016,1819.03,4.67,33.1,14.2,18,-1.5,7.506058670960461,-1.5640727396880594,-0.8118867972253131,-0.7276068751089989,-0.08059369391769666,-1.9813127769494616,33.44402122371436,14.532856128548252,34.532856128548254
KEN,Kenya,2016,1819.03,4.67,34.7,18.7,18,-1.5,7.506058670960461,-1.5640727396880594,-0.8118867972253131,-0.7276068751089989,0.1389577991611593,-1.7039618593963952,34.602182716387446,17.708519155130706,37.7085191551307
KEN,Kenya,2016,1819.03,4.67,34.7,8.8,18,-1.5,7.506058670960461,-1.5640727396880594,-0.8118867972253131,-0.7276068751089989,0.1389577991611593,-2.3141338780131417,34.57809946668457,10.75499449437307,30.754994494373072
KEN,Kenya,2016,1819.03,4.67,34.7,14.2,18,-1.5,7.506058670960461,-1.5640727396880594,-0.8118867972253131,-0.7276068751089989,0.1389577991611593,-1.9813127769494616,34.60297150337194,14.579498897030756,34.57949889703076
KEN,Kenya,2017,1799.66,4.54,32.5,19.2,18,-0.5,7.495353037153614,-1.5732148485499395,-0.8516086815453343,-0.24253562503633297,-0.16292550382226778,-1.673145090779388,32.997467118451326,18.07215563418906,38.07215563418906
KEN,Kenya,2017,1799.66,4.54,32.5,14.7,18,-0.5,7.495353037153614,-1.5732148485499395,-0.8516086815453343,-0.24253562503633297,-0.16292550382226778,-1.9504960083324543,32.99231637336417,14.922126920144002,34.922126920144
KEN,Kenya,2017,1799.66,4.54,32.5,9.1,18,-0.5,7.495353037153614,-1.5732148485499395,-0.8516086815453343,-0.24253562503633297,-0.16292550382226778,-2.295643816842937,32.97932034203152,11.004757142386403,31.004757142386403
KEN,Kenya,2017,1799.66,4.54,34.2,19.2,18,-0.5,7.495353037153614,-1.5732148485499395,-0.8516086815453343,-0.24253562503633297,0.07034795757401688,-1.673145090779388,34.203520609023975,18.0633454299124,38.0633454299124
KEN,Kenya,2017,1799.66,4.54,34.2,14.7,18,-0.5,7.495353037153614,-1.5732148485499395,-0.8516086815453343,-0.24253562503633297,0.07034795757401688,-1.9504960083324543,34.183128543882574,14.90748686944481,34.90748686944481
KEN,Kenya,2017,1799.66,4.54,34.2,9.1,18,-0.5,7.495353037153614,-1.5732148485499395,-0.8516086815453343,-0.24253562503633297,0.07034795757401688,-2.295643816842937,34.187228416687304,10.992723373994101,30.992723373994103
KEN,Kenya,2017,1799.66,4.54,35.5,19.2,18,-0.5,7.495353037153614,-1.5732148485499395,-0.8516086815453343,-0.24253562503633297,0.2487335457005868,-1.673145090779388,35.11425779249917,18.120856308764086,38.12085630876409
KEN,Kenya,2017,1799.66,4.54,35.5,14.7,18,-0.5,7.495353037153614,-1.5732148485499395,-0.8516086815453343,-0.24253562503633297,0.2487335457005868,-1.9504960083324543,35.11629354978331,14.941033370381168,34.94103337038117
KEN,Kenya,2017,1799.66,4.54,35.5,9.1,18,-0.5,7.495353037153614,-1.5732148485499395,-0.8516086815453343,-0.24253562503633297,0.2487335457005868,-2.295643816842937,35.09028193660779,11.055960061821677,31.05596006182168
KEN,Kenya,2018,1856.42,4.6,33.7,9.5,18,0.5,7.526405180849172,-1.5466977750929736,-0.8332755041668631,0.24253562503633297,0.001738115986874449,-2.270990401949331,33.81038501841342,11.481103697044208,31.481103697044208
KEN,Kenya,2018,1856.42,4.6,33.7,15.2,18,0.5,7.526405180849172,-1.5466977750929736,-0.8332755041668631,0.24253562503633297,0.001738115986874449,-1.919679239715447,33.78090721185695,15.463110993494826,35.46311099349482
KEN,Kenya,2018,1856.42,4.6,33.7,19.9,18,0.5,7.526405180849172,-1.5466977750929736,-0.8332755041668631,0.24253562503633297,0.001738115986874449,-1.6300016147155776,33.77902972465657,18.751205830547814,38.75120583054782
KEN,Kenya,2018,1856.42,4.6,32.0,9.5,18,0.5,7.526405180849172,-1.5466977750929736,-0.8332755041668631,0.24253562503633297,-0.2315353454094102,-2.270990401949331,32.57430361970003,11.445403180724165,31.445403180724163
KEN,Kenya,2018,1856.42,4.6,32.0,15.2,18,0.5,7.526405180849172,-1.5466977750929736,-0.8332755041668631,0.24253562503633297,-0.2315353454094102,-1.919679239715447,32.62775117279333,15.451520227507775,35.45152022750777
KEN,Kenya,2018,1856.42,4.6,32.0,19.9,18,0.5,7.526405180849172,-1.5466977750929736,-0.8332755041668631,0.24253562503633297,-0.2315353454094102,-1.6300016147155776,32.592238927987744,18.71515567417345,38.715155674173445
KEN,Kenya,2018,1856.42,4.6,35.1,9.5,18,0.5,7.526405180849172,-1.5466977750929736,-0.8332755041668631,0.24253562503633297,0.19384567243087306,-2.270990401949331,34.77063243699116,11.464873815429412,31.464873815429414
KEN,Kenya,2018,1856.42,4.6,35.1,15.2,18,0.5,7.526405180849172,-1.5466977750929736,-0.8332755041668631,0.24253562503633297,0.19384567243087306,-1.919679239715447,34.78876666931801,15.4771485889106,35.4771485889106
KEN,Kenya,2018,1856.42,4.6,35.1,19.9,18,0.5,7.526405180849172,-1.5466977750929736,-0.8332755041668631,0.24253562503633297,0.19384567243087306,-1.6300016147155776,34.786620651151985,18.7649562300888,38.7649562300888
KEN,Kenya,2019,1864.13,4.64,31.4,20.5,18,1.5,7.5305497353029125,-1.5431585200910085,-0.8210533859145488,0.7276068751089989,-0.3138671553139813,-1.5930214923751687,32.13201890457475,19.258294419483192,39.25829441948319
KEN,Kenya,2019,1864.13,4.64,31.4,15.8,18,1.5,7.5305497353029125,-1.5431585200910085,-0.8210533859145488,0.7276068751089989,-0.3138671553139813,-1.882699117375038,32.14272696503896,15.939939934579904,35.939939934579904
KEN,Kenya,2019,1864.13,4.64,31.4,9.9,18,1.5,7.5305497353029125,-1.5431585200910085,-0.8210533859145488,0.7276068751089989,-0.3138671553139813,-2.2463369870557255,32.13593036663533,11.827922450780566,31.827922450780566
KEN,Kenya,2019,1864.13,4.64,33.2,20.5,18,1.5,7.5305497353029125,-1.5431585200910085,-0.8210533859145488,0.7276068751089989,-0.06687172560026798,-1.5930214923751687,33.40418046426704,19.270957401129635,39.270957401129635
KEN,Kenya,2019,1864.13,4.64,33.2,15.8,18,1.5,7.5305497353029125,-1.5431585200910085,-0.8210533859145488,0.7276068751089989,-0.06687172560026798,-1.882699117375038,33.408374679070796,15.992131022100654,35.99213102210065
KEN,Kenya,2019,1864.13,4.64,33.2,9.9,18,1.5,7.5305497353029125,-1.5431585200910085,-0.8210533859145488,0.7276068751089989,-0.06687172560026798,-2.2463369870557255,33.40350110763424,11.84014090233889,31.840140902338888
KEN,Kenya,2019,1864.13,4.64,34.7,20.5,18,1.5,7.5305497353029125,-1.5431585200910085,-0.8210533859145488,0.7276068751089989,0.1389577991611593,-1.5930214923751687,34.42283350471789,19.294336239794468,39.29433623979447
KEN,Kenya,2019,1864.13,4.64,34.7,15.8,18,1.5,7.5305497353029125,-1.5431585200910085,-0.8210533859145488,0.7276068751089989,0.1389577991611593,-1.882699117375038,34.41375498530631,16.015936781482456,36.01593678148245
KEN,Kenya,2019,1864.13,4.64,34.7,9.9,18,1.5,7.5305497353029125,-1.5431585200910085,-0.8210533859145488,0.7276068751089989,0.1389577991611593,-2.2463369870557255,34.45784420878208,11.880533197464787,31.880533197464786
KOR,"Korea, Rep.",2015,32835.84,8.42,27.2,67.6,19,-2.5,10.39927588075559,0.9065989804763517,0.33393678892914724,-1.212678125181665,-0.8901898246459776,1.3099181113469274,27.265254613213212,67.82678519029892,87.82678519029892
KOR,"Korea, Rep.",2015,32835.84,8.42,27.2,62.3,19,-2.5,10.39927588075559,0.9065989804763517,0.33393678892914724,-1.212678125181665,-0.8901898246459776,0.9832603640066492,27.253387734945505,64.09391865486656,84.09391865486656
KOR,"Korea, Rep.",2015,32835.84,8.42,27.2,75.4,19,-2.5,10.39927588075559,0.9065989804763517,0.33393678892914724,-1.212678125181665,-0.8901898246459776,1.7906597017722434,27.28873615934235,73.27986028225375,93.27986028225375
KOR,"Korea, Rep.",2015,32835.84,8.42,31.9,67.6,19,-2.5,10.39927588075559,0.9065989804763517,0.33393678892914724,-1.212678125181665,-0.24525731372683887,1.3099181113469274,30.571960506640977,67.9260694655777,87.9260694655777
KOR,"Korea, Rep.",2015,32835.84,8.42,31.9,62.3,19,-2.5,10.39927588075559,0.9065989804763517,0.33393678892914724,-1.212678125181665,-0.24525731372683887,0.9832603640066492,30.565282821419483,64.18600218123615,84.18600218123615
KOR,"Korea, Rep.",2015,32835.84,8.42,31.9,75.4,19,-2.5,10.39927588075559,0.9065989804763517,0.33393678892914724,-1.212678125181665,-0.24525731372683887,1.7906597017722434,30.558278467169576,73.3718360297393,93.3718360297393
KOR,"Korea, Rep.",2015,32835.84,8.42,22.3,67.6,19,-2.5,10.39927588075559,0.9065989804763517,0.33393678892914724,-1.212678125181665,-1.5625662721999731,1.3099181113469274,23.827417892198326,67.77522672017491,87.77522672017491
KOR,"Korea, Rep.",2015,32835.84,8.42,22.3,62.3,19,-2.5,10.39927588075559,0.9065989804763517,0.33393678892914724,-1.212678125181665,-1.5625662721999731,0.9832603640066492,23.831072101645205,64.04695009994998,84.04695009994998
KOR,"Korea, Rep.",2015,32835.84,8.42,22.3,75.4,19,-2.5,10.39927588075559,0.9065989804763517,0.33393678892914724,-1.212678125181665,-1.5625662721999731,1.7906597017722434,23.867240080864907,73.23672282652194,93.23672282652194
KOR,"Korea, Rep.",2016,31843.67,8.5,31.9,76.0,19,-1.5,10.368593897135051,0.8803980063520543,0.35838102543377576,-0.7276068751089989,-0.24525731372683887,1.827639824112652,30.5230050474299,73.80507199239291,93.80507199239291
KOR,"Korea, Rep.",2016,31843.67,8.5,31.9,63.6,19,-1.5,10.368593897135051,0.8803980063520543,0.35838102543377576,-0.7276068751089989,-0.24525731372683887,1.0633839624108687,30.55230649851718,65.11318026869364,85.11318026869364
KOR,"Korea, Rep.",2016,31843.67,8.5,31.9,68.5,19,-1.5,10.368593897135051,0.8803980063520543,0.35838102543377576,-0.7276068751089989,-0.24525731372683887,1.365388294857541,30.561878579290163,68.55178879177983,88.55178879177983
KOR,"Korea, Rep.",2016,31843.67,8.5,22.0,76.0,19,-1.5,10.368593897135051,0.8803980063520543,0.35838102543377576,-0.7276068751089989,-1.6037321771522588,1.827639824112652,23.61948909569472,73.67199793293628,93.67199793293628
KOR,"Korea, Rep.",2016,31843.67,8.5,22.0,63.6,19,-1.5,10.368593897135051,0.8803980063520543,0.35838102543377576,-0.7276068751089989,-1.6037321771522588,1.0633839624108687,23.632821254137006,64.9906172309665,84.9906172309665
KOR,"Korea, Rep.",2016,31843.67,8.5,22.0,68.5,19,-1.5,10.368593897135051,0.8803980063520543,0.35838102543377576,-0.7276068751089989,-1.6037321771522588,1.365388294857541,23.62564631421328,68.4199452412537,88.4199452412537
KOR,"Korea, Rep.",2016,31843.67,8.5,27.1,76.0,19,-1.5,10.368593897135051,0.8803980063520543,0.35838102543377576,-0.7276068751089989,-0.9039117929634058,1.827639824112652,27.16938658570459,73.76418028956468,93.76418028956468
KOR,"Korea, Rep.",2016,31843.67,8.5,27.1,63.6,19,-1.5,10.368593897135051,0.8803980063520543,0.35838102543377576,-0.7276068751089989,-0.9039117929634058,1.0633839624108687,27.168354514691455,65.06018870002686,85.06018870002686
KOR,"Korea, Rep.",2016,31843.67,8.5,27.1,68.5,19,-1.5,10.368593897135051,0.8803980063520543,0.35838102543377576,-0.7276068751089989,-0.9039117929634058,1.365388294857541,27.183824146919665,68.53806892076507,88.53806892076507
KOR,"Korea, Rep.",2017,32487.74,8.55,27.0,69.4,19,-0.5,10.388618066379173,0.8974977071639203,0.3736586732491688,-0.24253562503633297,-0.9176337612808345,1.4208584783681546,27.083800622935996,69.29598958613154,89.29598958613154
KOR,"Korea, Rep.",2017,32487.74,8.55,27.0,64.8,19,-0.5,10.388618066379173,0.8974977071639203,0.3736586732491688,-0.24253562503633297,-0.9176337612808345,1.1373442070916862,27.0730087676702,66.04895891155651,86.04895891155651
KOR,"Korea, Rep.",2017,32487.74,8.55,27.0,76.5,19,-0.5,10.388618066379173,0.8974977071639203,0.3736586732491688,-0.24253562503633297,-0.9176337612808345,1.8584565927296592,27.07299213204218,74.25905609635835,94.25905609635835
KOR,"Korea, Rep.",2017,32487.74,8.55,21.7,69.4,19,-0.5,10.388618066379173,0.8974977071639203,0.3736586732491688,-0.24253562503633297,-1.6448980821045442,1.4208584783681546,23.34209591190434,69.1843757047655,89.1843757047655
KOR,"Korea, Rep.",2017,32487.74,8.55,21.7,64.8,19,-0.5,10.388618066379173,0.8974977071639203,0.3736586732491688,-0.24253562503633297,-1.6448980821045442,1.1373442070916862,23.344990067003337,65.9988141546108,85.9988141546108
KOR,"Korea, Rep.",2017,32487.74,8.55,21.7,76.5,19,-0.5,10.388618066379173,0.8974977071639203,0.3736586732491688,-0.24253562503633297,-1.6448980821045442,1.8584565927296592,23.333629137323346,74.17375769857965,94.17375769857965
KOR,"Korea, Rep.",2017,32487.74,8.55,31.9,69.4,19,-0.5,10.388618066379173,0.8974977071639203,0.3736586732491688,-0.24253562503633297,-0.24525731372683887,1.4208584783681546,30.508787347562585,69.36829448787377,89.36829448787377
KOR,"Korea, Rep.",2017,32487.74,8.55,31.9,64.8,19,-0.5,10.388618066379173,0.8974977071639203,0.3736586732491688,-0.24253562503633297,-0.24525731372683887,1.1373442070916862,30.476740446624817,66.15067912857128,86.15067912857128
KOR,"Korea, Rep.",2017,32487.74,8.55,31.9,76.5,19,-0.5,10.388618066379173,0.8974977071639203,0.3736586732491688,-0.24253562503633297,-0.24525731372683887,1.8584565927296592,30.510556389107826,74.32820540217371,94.32820540217371
KOR,"Korea, Rep.",2018,32437.27,8.33,31.9,70.3,19,0.5,10.38706334932434,0.8961700517610592,0.30643702286144026,0.24253562503633297,-0.24525731372683887,1.4763286618787674,30.44738469702966,70.0475080315001,90.0475080315001
KOR,"Korea, Rep.",2018,32437.27,8.33,31.9,66.0,19,0.5,10.38706334932434,0.8961700517610592,0.30643702286144026,0.24253562503633297,-0.24525731372683887,1.211304451772504,30.43167653418279,67.0301386209925,87.0301386209925
KOR,"Korea, Rep.",2018,32437.27,8.33,31.9,77.0,19,0.5,10.38706334932434,0.8961700517610592,0.30643702286144026,0.24253562503633297,-0.24525731372683887,1.8892733613466666,30.463646376738247,74.72178823278077,94.72178823278077
KOR,"Korea, Rep.",2018,32437.27,8.33,26.8,70.3,19,0.5,10.38706334932434,0.8961700517610592,0.30643702286144026,0.24253562503633297,-0.9450776979156914,1.4763286618787674,26.87824424828202,69.95330399331597,89.95330399331597
KOR,"Korea, Rep.",2018,32437.27,8.33,26.8,66.0,19,0.5,10.38706334932434,0.8961700517610592,0.30643702286144026,0.24253562503633297,-0.9450776979156914,1.211304451772504,26.914623307711935,66.9285311580596,86.9285311580596
KOR,"Korea, Rep.",2018,32437.27,8.33,26.8,77.0,19,0.5,10.38706334932434,0.8961700517610592,0.30643702286144026,0.24253562503633297,-0.9450776979156914,1.8892733613466666,26.868681435227785,74.64752357616793,94.64752357616793
KOR,"Korea, Rep.",2018,32437.27,8.33,21.5,70.3,19,0.5,10.38706334932434,0.8961700517610592,0.30643702286144026,0.24253562503633297,-1.6723420187394011,1.4763286618787674,23.175333842080356,69.85721550488988,89.85721550488988
KOR,"Korea, Rep.",2018,32437.27,8.33,21.5,66.0,19,0.5,10.38706334932434,0.8961700517610592,0.30643702286144026,0.24253562503633297,-1.6723420187394011,1.211304451772504,23.177600783279136,66.84451885567643,86.84451885567643
KOR,"Korea, Rep.",2018,32437.27,8.33,21.5,77.0,19,0.5,10.38706334932434,0.8961700517610592,0.30643702286144026,0.24253562503633297,-1.6723420187394011,1.8892733613466666,23.19360813435745,74.54791025226257,94.54791025226257
KOR,"Korea, Rep.",2019,31551.04,8.58,32.0,77.5,19,1.5,10.359361830975994,0.8725142551077134,0.38282526193840427,0.7276068751089989,-0.2315353454094102,1.9200901299636741,30.5321307396197,75.17637148536107,95.17637148536107
KOR,"Korea, Rep.",2019,31551.04,8.58,32.0,67.2,19,1.5,10.359361830975994,0.8725142551077134,0.38282526193840427,0.7276068751089989,-0.2315353454094102,1.2852646964533219,30.509458297176852,67.93763816751779,87.93763816751779
KOR,"Korea, Rep.",2019,31551.04,8.58,32.0,71.1,19,1.5,10.359361830975994,0.8725142551077134,0.38282526193840427,0.7276068751089989,-0.2315353454094102,1.5256354916659791,30.5481152134922,70.65955829837827,90.65955829837827
KOR,"Korea, Rep.",2019,31551.04,8.58,26.7,77.5,19,1.5,10.359361830975994,0.8725142551077134,0.38282526193840427,0.7276068751089989,-0.9587996662331201,1.9200901299636741,26.81085856395975,75.08830389154663,95.08830389154663
KOR,"Korea, Rep.",2019,31551.04,8.58,26.7,67.2,19,1.5,10.359361830975994,0.8725142551077134,0.38282526193840427,0.7276068751089989,-0.9587996662331201,1.2852646964533219,26.817819154650405,67.85884484786176,87.85884484786176
KOR,"Korea, Rep.",2019,31551.04,8.58,26.7,71.1,19,1.5,10.359361830975994,0.8725142551077134,0.38282526193840427,0.7276068751089989,-0.9587996662331201,1.5256354916659791,26.776391704911802,70.57999566868273,90.57999566868273
KOR,"Korea, Rep.",2019,31551.04,8.58,21.2,77.5,19,1.5,10.359361830975994,0.8725142551077134,0.38282526193840427,0.7276068751089989,-1.7135079236916868,1.9200901299636741,22.95987842247828,75.00907674114302,95.00907674114302
KOR,"Korea, Rep.",2019,31551.04,8.58,21.2,67.2,19,1.5,10.359361830975994,0.8725142551077134,0.38282526193840427,0.7276068751089989,-1.7135079236916868,1.2852646964533219,22.988598946073413,67.77324446132116,87.77324446132116
KOR,"Korea, Rep.",2019,31551.04,8.58,21.2,71.1,19,1.5,10.359361830975994,0.8725142551077134,0.38282526193840427,0.7276068751089989,-1.7135079236916868,1.5256354916659791,22.94284397457224,70.5583429734851,90.5583429734851
MEX,Mexico,2015,9955.23,5.41,32.9,46.6,20,-2.5,9.20585332019926,-0.11252787961221851,-0.5857776095574995,-1.212678125181665,-0.10803763055255403,0.01561382943261733,32.98317065708431,46.687444361744085,66.68744436174408
MEX,Mexico,2015,9955.23,5.41,32.9,56.7,20,-2.5,9.20585332019926,-0.11252787961221851,-0.5857776095574995,-1.212678125181665,-0.10803763055255403,0.6381125554961667,32.967327847672394,53.73181076194063,73.73181076194064
MEX,Mexico,2015,9955.23,5.41,32.9,35.8,20,-2.5,9.20585332019926,-0.11252787961221851,-0.5857776095574995,-1.212678125181665,-0.10803763055255403,-0.6500283726947426,32.97910337324583,39.11667054348983,59.11667054348983
MEX,Mexico,2015,9955.23,5.41,34.3,46.6,20,-2.5,9.20585332019926,-0.11252787961221851,-0.5857776095574995,-1.212678125181665,0.08406992589144459,0.01561382943261733,33.92942204008916,46.69351169213144,66.69351169213144
MEX,Mexico,2015,9955.23,5.41,34.3,56.7,20,-2.5,9.20585332019926,-0.11252787961221851,-0.5857776095574995,-1.212678125181665,0.08406992589144459,0.6381125554961667,33.97472951153832,53.76805403367363,73.76805403367362
MEX,Mexico,2015,9955.23,5.41,34.3,35.8,20,-2.5,9.20585332019926,-0.11252787961221851,-0.5857776095574995,-1.212678125181665,0.08406992589144459,-0.6500283726947426,33.92473981183945,39.13937990036343,59.13937990036343
MEX,Mexico,2015,9955.23,5.41,33.6,46.6,20,-2.5,9.20585332019926,-0.11252787961221851,-0.5857776095574995,-1.212678125181665,-0.011983852330554231,0.01561382943261733,33.45754800582765,46.66834032305369,66.66834032305368
MEX,Mexico,2015,9955.23,5.41,33.6,56.7,20,-2.5,9.20585332019926,-0.11252787961221851,-0.5857776095574995,-1.212678125181665,-0.011983852330554231,0.6381125554961667,33.439658766826334,53.76510510229236,73.76510510229235
MEX,Mexico,2015,9955.23,5.41,33.6,35.8,20,-2.5,9.20585332019926,-0.11252787961221851,-0.5857776095574995,-1.212678125181665,-0.011983852330554231,-0.6500283726947426,33.45884901252718,39.118996185099846,59.118996185099846
MEX,Mexico,2016,10068.65,5.35,33.2,57.6,20,-1.5,9.217181915156536,-0.1028537911630768,-0.604110786935971,-0.7276068751089989,-0.06687172560026798,0.6935827390067799,33.10641119368239,54.4963673780328,74.4963673780328
MEX,Mexico,2016,10068.65,5.35,33.2,36.7,20,-1.5,9.217181915156536,-0.1028537911630768,-0.604110786935971,-0.7276068751089989,-0.06687172560026798,-0.594558189184129,33.12173679518589,39.86200350940416,59.86200350940416
MEX,Mexico,2016,10068.65,5.35,33.2,47.5,20,-1.5,9.217181915156536,-0.1028537911630768,-0.604110786935971,-0.7276068751089989,-0.06687172560026798,0.07108401294323055,33.123300276917014,47.415025556985206,67.4150255569852
MEX,Mexico,2016,10068.65,5.35,32.5,57.6,20,-1.5,9.217181915156536,-0.1028537911630768,-0.604110786935971,-0.7276068751089989,-0.16292550382226778,0.6935827390067799,32.603055409598134,54.46331603668518,74.46331603668517
MEX,Mexico,2016,10068.65,5.35,32.5,36.7,20,-1.5,9.217181915156536,-0.1028537911630768,-0.604110786935971,-0.7276068751089989,-0.16292550382226778,-0.594558189184129,32.66589017189734,39.84032507110935,59.84032507110935
MEX,Mexico,2016,10068.65,5.35,32.5,47.5,20,-1.5,9.217181915156536,-0.1028537911630768,-0.604110786935971,-0.7276068751089989,-0.16292550382226778,0.07108401294323055,32.64335419684176,47.403209551770594,67.4032095517706
MEX,Mexico,2016,10068.65,5.35,33.9,57.6,20,-1.5,9.217181915156536,-0.1028537911630768,-0.604110786935971,-0.7276068751089989,0.029182052621730837,0.6935827390067799,33.60883218657215,54.49125226365465,74.49125226365464
MEX,Mexico,2016,10068.65,5.35,33.9,36.7,20,-1.5,9.217181915156536,-0.1028537911630768,-0.604110786935971,-0.7276068751089989,0.029182052621730837,-0.594558189184129,33.58836009925538,39.891035280127916,59.891035280127916
MEX,Mexico,2016,10068.65,5.35,33.9,47.5,20,-1.5,9.217181915156536,-0.1028537911630768,-0.604110786935971,-0.7276068751089989,0.029182052621730837,0.07108401294323055,33.588278513123846,47.45016111981651,67.4501611198165
MEX,Mexico,2017,10084.76,5.42,32.1,37.6,20,-0.5,9.218780652385757,-0.10148854459713005,-0.582722079994421,-0.24253562503633297,-0.2178133770919815,-0.5390880056735157,32.31163863474947,40.59199077404523,60.59199077404523
MEX,Mexico,2017,10084.76,5.42,32.1,48.3,20,-0.5,9.218780652385757,-0.10148854459713005,-0.582722079994421,-0.24253562503633297,-0.2178133770919815,0.1203908427304422,32.307593601861626,48.07160516105122,68.07160516105122
MEX,Mexico,2017,10084.76,5.42,32.1,58.3,20,-0.5,9.218780652385757,-0.10148854459713005,-0.582722079994421,-0.24253562503633297,-0.2178133770919815,0.73672621507059,32.34337717652934,55.09047152641617,75.09047152641617
MEX,Mexico,2017,10084.76,5.42,32.8,37.6,20,-0.5,9.218780652385757,-0.10148854459713005,-0.582722079994421,-0.24253562503633297,-0.12175959886998271,-0.5390880056735157,32.82124402338164,40.58850872667334,60.58850872667334
MEX,Mexico,2017,10084.76,5.42,32.8,48.3,20,-0.5,9.218780652385757,-0.10148854459713005,-0.582722079994421,-0.24253562503633297,-0.12175959886998271,0.1203908427304422,32.793075264226175,48.090928808023385,68.09092880802339
MEX,Mexico,2017,10084.76,5.42,32.8,58.3,20,-0.5,9.218780652385757,-0.10148854459713005,-0.582722079994421,-0.24253562503633297,-0.12175959886998271,0.73672621507059,32.8008333902282,55.09349412535841,75.0934941253584
MEX,Mexico,2017,10084.76,5.42,33.5,37.6,20,-0.5,9.218780652385757,-0.10148854459713005,-0.582722079994421,-0.24253562503633297,-0.02570582064798291,-0.5390880056735157,33.30655103554722,40.60964402209127,60.60964402209127
MEX,Mexico,2017,10084.76,5.42,33.5,48.3,20,-0.5,9.218780652385757,-0.10148854459713005,-0.582722079994421,-0.24253562503633297,-0.02570582064798291,0.1203908427304422,33.308223799524995,48.112965877486886,68.11296587748689
MEX,Mexico,2017,10084.76,5.42,33.5,58.3,20,-0.5,9.218780652385757,-0.10148854459713005,-0.582722079994421,-0.24253562503633297,-0.02570582064798291,0.73672621507059,33.31160813809767,55.07841978091161,75.07841978091162
MEX,Mexico,2018,10603.49,5.52,31.7,59.0,20,0.5,9.268938471193843,-0.05865612121228317,-0.5521667843636355,0.24253562503633297,-0.27270125036169574,0.7798696911344005,32.018439935015174,55.82328313293229,75.82328313293229
MEX,Mexico,2018,10603.49,5.52,31.7,38.5,20,0.5,9.268938471193843,-0.05865612121228317,-0.5521667843636355,0.24253562503633297,-0.27270125036169574,-0.4836178221629025,32.00906522359817,41.44435566450952,61.44435566450952
MEX,Mexico,2018,10603.49,5.52,31.7,49.1,20,0.5,9.268938471193843,-0.05865612121228317,-0.5521667843636355,0.24253562503633297,-0.27270125036169574,0.16969767251765427,31.988960459663144,48.883370308558725,68.88337030855872
MEX,Mexico,2018,10603.49,5.52,32.4,59.0,20,0.5,9.268938471193843,-0.05865612121228317,-0.5521667843636355,0.24253562503633297,-0.17664747213969645,0.7798696911344005,32.48697448164824,55.809287954401356,75.80928795440136
MEX,Mexico,2018,10603.49,5.52,32.4,38.5,20,0.5,9.268938471193843,-0.05865612121228317,-0.5521667843636355,0.24253562503633297,-0.17664747213969645,-0.4836178221629025,32.47330608577207,41.46376784641392,61.46376784641392
MEX,Mexico,2018,10603.49,5.52,32.4,49.1,20,0.5,9.268938471193843,-0.05865612121228317,-0.5521667843636355,0.24253562503633297,-0.17664747213969645,0.16969767251765427,32.46501642687792,48.89821802267175,68.89821802267176
MEX,Mexico,2018,10603.49,5.52,33.1,59.0,20,0.5,9.268938471193843,-0.05865612121228317,-0.5521667843636355,0.24253562503633297,-0.08059369391769666,0.7798696911344005,32.966107774474175,55.82060009330208,75.82060009330209
MEX,Mexico,2018,10603.49,5.52,33.1,38.5,20,0.5,9.268938471193843,-0.05865612121228317,-0.5521667843636355,0.24253562503633297,-0.08059369391769666,-0.4836178221629025,32.97950220477527,41.490087138694655,61.490087138694655
MEX,Mexico,2018,10603.49,5.52,33.1,49.1,20,0.5,9.268938471193843,-0.05865612121228317,-0.5521667843636355,0.24253562503633297,-0.08059369391769666,0.16969767251765427,32.97214126803793,48.89826030618224,68.89826030618224
MEX,Mexico,2019,9962.68,5.41,32.8,59.7,20,1.5,9.206601390689329,-0.11188906252021283,-0.5857776095574995,0.7276068751089989,-0.12175959886998271,0.823013167198211,32.758450824991016,56.25154405213943,76.25154405213942
MEX,Mexico,2019,9962.68,5.41,32.8,49.9,20,1.5,9.206601390689329,-0.11188906252021283,-0.5857776095574995,0.7276068751089989,-0.12175959886998271,0.21900450230486593,32.73527359322541,49.35783345978666,69.35783345978666
MEX,Mexico,2019,9962.68,5.41,32.8,39.3,20,1.5,9.206601390689329,-0.11188906252021283,-0.5857776095574995,0.7276068751089989,-0.12175959886998271,-0.4343109923756909,32.70994277573778,41.92389654364572,61.92389654364572
MEX,Mexico,2019,9962.68,5.41,31.4,59.7,20,1.5,9.206601390689329,-0.11188906252021283,-0.5857776095574995,0.7276068751089989,-0.3138671553139813,0.823013167198211,31.7576999388114,56.194933061189495,76.19493306118949
MEX,Mexico,2019,9962.68,5.41,31.4,49.9,20,1.5,9.206601390689329,-0.11188906252021283,-0.5857776095574995,0.7276068751089989,-0.3138671553139813,0.21900450230486593,31.754301839586084,49.354153290086224,69.35415329008623
MEX,Mexico,2019,9962.68,5.41,31.4,39.3,20,1.5,9.206601390689329,-0.11188906252021283,-0.5857776095574995,0.7276068751089989,-0.3138671553139813,-0.4343109923756909,31.758249300492036,41.928113928521846,61.928113928521846
MEX,Mexico,2019,9962.68,5.41,32.1,59.7,20,1.5,9.206601390689329,-0.11188906252021283,-0.5857776095574995,0.7276068751089989,-0.2178133770919815,0.823013167198211,32.24961155723003,56.21216049561739,76.21216049561738
MEX,Mexico,2019,9962.68,5.41,32.1,49.9,20,1.5,9.206601390689329,-0.11188906252021283,-0.5857776095574995,0.7276068751089989,-0.2178133770919815,0.21900450230486593,32.25387438212987,49.349470555555484,69.34947055555548
MEX,Mexico,2019,9962.68,5.41,32.1,39.3,20,1.5,9.206601390689329,-0.11188906252021283,-0.5857776095574995,0.7276068751089989,-0.2178133770919815,-0.4343109923756909,32.24200653920328,41.93599150949056,61.93599150949056
NGA,Nigeria,2015,2092.46,3.81,38.5,21.4,21,-2.5,7.646095686290836,-1.4444877004515873,-1.0746623396500692,-1.212678125181665,0.6603925952234414,-1.5375513088645554,37.83213150019814,22.658253770909237,42.65825377090924
NGA,Nigeria,2015,2092.46,3.81,38.5,23.2,21,-2.5,7.646095686290836,-1.4444877004515873,-1.0746623396500692,-1.212678125181665,0.6603925952234414,-1.4266109418433288,37.82869317300914,23.953467966367747,43.95346796636775
NGA,Nigeria,2015,2092.46,3.81,38.5,24.9,21,-2.5,7.646095686290836,-1.4444877004515873,-1.0746623396500692,-1.212678125181665,0.6603925952234414,-1.3218339285455036,37.830423633229394,25.108988152262846,45.108988152262846
NGA,Nigeria,2015,2092.46,3.81,36.1,21.4,21,-2.5,7.646095686290836,-1.4444877004515873,-1.0746623396500692,-1.212678125181665,0.33106535560515793,-1.5375513088645554,36.14916968273426,22.61634136556433,42.61634136556433
NGA,Nigeria,2015,2092.46,3.81,36.1,23.2,21,-2.5,7.646095686290836,-1.4444877004515873,-1.0746623396500692,-1.212678125181665,0.33106535560515793,-1.4266109418433288,36.178476648225704,23.860766454272873,43.86076645427288
NGA,Nigeria,2015,2092.46,3.81,36.1,24.9,21,-2.5,7.646095686290836,-1.4444877004515873,-1.0746623396500692,-1.212678125181665,0.33106535560515793,-1.3218339285455036,36.16484464471559,25.09232772165194,45.09232772165194
NGA,Nigeria,2015,2092.46,3.81,33.6,21.4,21,-2.5,7.646095686290836,-1.4444877004515873,-1.0746623396500692,-1.212678125181665,-0.011983852330554231,-1.5375513088645554,34.3978688305806,22.57768825413675,42.577688254136746
NGA,Nigeria,2015,2092.46,3.81,33.6,23.2,21,-2.5,7.646095686290836,-1.4444877004515873,-1.0746623396500692,-1.212678125181665,-0.011983852330554231,-1.4266109418433288,34.4176124774996,23.847929386618155,43.847929386618155
NGA,Nigeria,2015,2092.46,3.81,33.6,24.9,21,-2.5,7.646095686290836,-1.4444877004515873,-1.0746623396500692,-1.212678125181665,-0.011983852330554231,-1.3218339285455036,34.40686556350546,25.05650995693354,45.05650995693354
NGA,Nigeria,2016,2141.46,3.79,36.1,24.5,21,-1.5,7.6692431183846,-1.4247208797390356,-1.0807733987762265,-0.7276068751089989,0.33106535560515793,-1.3464873434391094,36.09778073879493,24.91999420326101,44.91999420326101
NGA,Nigeria,2016,2141.46,3.79,36.1,22.8,21,-1.5,7.6692431183846,-1.4247208797390356,-1.0807733987762265,-0.7276068751089989,0.33106535560515793,-1.4512643567369345,36.105729747105144,23.74910130909649,43.74910130909649
NGA,Nigeria,2016,2141.46,3.79,36.1,26.0,21,-1.5,7.6692431183846,-1.4247208797390356,-1.0807733987762265,-0.7276068751089989,0.33106535560515793,-1.2540370375880874,36.106152626564054,25.985140369719613,45.985140369719616
NGA,Nigeria,2016,2141.46,3.79,33.5,24.5,21,-1.5,7.6692431183846,-1.4247208797390356,-1.0807733987762265,-0.7276068751089989,-0.02570582064798291,-1.3464873434391094,34.29987803580415,24.910075644777905,44.910075644777905
NGA,Nigeria,2016,2141.46,3.79,33.5,22.8,21,-1.5,7.6692431183846,-1.4247208797390356,-1.0807733987762265,-0.7276068751089989,-0.02570582064798291,-1.4512643567369345,34.28601641112185,23.70629521053428,43.70629521053428
NGA,Nigeria,2016,2141.46,3.79,33.5,26.0,21,-1.5,7.6692431183846,-1.4247208797390356,-1.0807733987762265,-0.7276068751089989,-0.02570582064798291,-1.2540370375880874,34.28179208746357,25.94569085949982,45.94569085949982
NGA,Nigeria,2016,2141.46,3.79,38.6,24.5,21,-1.5,7.6692431183846,-1.4247208797390356,-1.0807733987762265,-0.7276068751089989,0.6741145635408701,-1.3464873434391094,37.87704434287034,24.98658181386788,44.98658181386788
NGA,Nigeria,2016,2141.46,3.79,38.6,22.8,21,-1.5,7.6692431183846,-1.4247208797390356,-1.0807733987762265,-0.7276068751089989,0.6741145635408701,-1.4512643567369345,37.85459531339161,23.78497543790983,43.78497543790983
NGA,Nigeria,2016,2141.46,3.79,38.6,26.0,21,-1.5,7.6692431183846,-1.4247208797390356,-1.0807733987762265,-0.7276068751089989,0.6741145635408701,-1.2540370375880874,37.84690164305569,26.04667175010778,46.04667175010778
NGA,Nigeria,2017,2135.89,3.8,36.1,25.8,21,-0.5,7.66663870062667,-1.426944930280497,-1.077717869213148,-0.24253562503633297,0.33106535560515793,-1.2663637450348901,36.07220075390581,25.98077084954259,45.980770849542594
NGA,Nigeria,2017,2135.89,3.8,36.1,27.1,21,-0.5,7.66663870062667,-1.426944930280497,-1.077717869213148,-0.24253562503633297,0.33106535560515793,-1.186240146630671,36.06413613171818,26.863214199111894,46.863214199111894
NGA,Nigeria,2017,2135.89,3.8,36.1,24.3,21,-0.5,7.66663870062667,-1.426944930280497,-1.077717869213148,-0.24253562503633297,0.33106535560515793,-1.3588140508859123,36.090086583903805,24.89930785166362,44.89930785166362
NGA,Nigeria,2017,2135.89,3.8,38.8,25.8,21,-0.5,7.66663870062667,-1.426944930280497,-1.077717869213148,-0.24253562503633297,0.7015585001757264,-1.2663637450348901,37.95487405532224,25.988178949624114,45.988178949624114
NGA,Nigeria,2017,2135.89,3.8,38.8,27.1,21,-0.5,7.66663870062667,-1.426944930280497,-1.077717869213148,-0.24253562503633297,0.7015585001757264,-1.186240146630671,37.968229006020216,26.87260725213583,46.87260725213583
NGA,Nigeria,2017,2135.89,3.8,38.8,24.3,21,-0.5,7.66663870062667,-1.426944930280497,-1.077717869213148,-0.24253562503633297,0.7015585001757264,-1.3588140508859123,37.96743282677554,24.9299800013106,44.9299800013106
NGA,Nigeria,2017,2135.89,3.8,33.3,25.8,21,-0.5,7.66663870062667,-1.426944930280497,-1.077717869213148,-0.24253562503633297,-0.05314975728284027,-1.2663637450348901,34.082052076707534,25.889891571851418,45.88989157185142
NGA,Nigeria,2017,2135.89,3.8,33.3,27.1,21,-0.5,7.66663870062667,-1.426944930280497,-1.077717869213148,-0.24253562503633297,-0.05314975728284027,-1.186240146630671,34.10997126274734,26.797930783980245,46.79793078398025
NGA,Nigeria,2017,2135.89,3.8,33.3,24.3,21,-0.5,7.66663870062667,-1.426944930280497,-1.077717869213148,-0.24253562503633297,-0.05314975728284027,-1.3588140508859123,34.1269937354872,24.852407710004865,44.85240771000487
NGA,Nigeria,2018,2116.06,3.84,33.2,27.2,21,0.5,7.657311147963707,-1.4349102225180472,-1.0654957509608336,0.24253562503633297,-0.06687172560026798,-1.1800767929072695,34.01738402763069,26.96556404266589,46.96556404266589
NGA,Nigeria,2018,2116.06,3.84,33.2,25.8,21,0.5,7.657311147963707,-1.4349102225180472,-1.0654957509608336,0.24253562503633297,-0.06687172560026798,-1.2663637450348901,33.99046850570409,25.984438244998312,45.984438244998316
NGA,Nigeria,2018,2116.06,3.84,33.2,28.4,21,0.5,7.657311147963707,-1.4349102225180472,-1.0654957509608336,0.24253562503633297,-0.06687172560026798,-1.106116548226452,34.00275835903646,27.804488532801436,47.804488532801436
NGA,Nigeria,2018,2116.06,3.84,38.9,27.2,21,0.5,7.657311147963707,-1.4349102225180472,-1.0654957509608336,0.24253562503633297,0.7152804684931551,-1.1800767929072695,38.00082686970013,27.068224402523004,47.068224402523
NGA,Nigeria,2018,2116.06,3.84,38.9,25.8,21,0.5,7.657311147963707,-1.4349102225180472,-1.0654957509608336,0.24253562503633297,0.7152804684931551,-1.2663637450348901,38.017366234878985,26.050024911629485,46.050024911629485
NGA,Nigeria,2018,2116.06,3.84,38.9,28.4,21,0.5,7.657311147963707,-1.4349102225180472,-1.0654957509608336,0.24253562503633297,0.7152804684931551,-1.106116548226452,37.99471937513478,27.882964102947263,47.88296410294726
NGA,Nigeria,2018,2116.06,3.84,36.1,27.2,21,0.5,7.657311147963707,-1.4349102225180472,-1.0654957509608336,0.24253562503633297,0.33106535560515793,-1.1800767929072695,36.05728687146677,26.991097342218882,46.99109734221888
NGA,Nigeria,2018,2116.06,3.84,36.1,25.8,21,0.5,7.657311147963707,-1.4349102225180472,-1.0654957509608336,0.24253562503633297,0.33106535560515793,-1.2663637450348901,36.03741343757088,25.992350752653298,45.992350752653294
NGA,Nigeria,2018,2116.06,3.84,36.1,28.4,21,0.5,7.657311147963707,-1.4349102225180472,-1.0654957509608336,0.24253562503633297,0.33106535560515793,-1.106116548226452,36.03570199109991,27.858388176540043,47.858388176540046
NGA,Nigeria,2019,2044.29,3.77,33.0,27.4,21,1.5,7.622805819929044,-1.4643761533446769,-1.0868844579023835,0.7276068751089989,-0.09431566223512534,-1.1677500854604668,33.84428312239614,27.058560980267643,47.05856098026764
NGA,Nigeria,2019,2044.29,3.77,33.0,28.6,21,1.5,7.622805819929044,-1.4643761533446769,-1.0868844579023835,0.7276068751089989,-0.09431566223512534,-1.0937898407796487,33.85159672767555,27.937612312680386,47.937612312680386
NGA,Nigeria,2019,2044.29,3.77,33.0,29.6,21,1.5,7.622805819929044,-1.4643761533446769,-1.0868844579023835,0.7276068751089989,-0.09431566223512534,-1.032156303545634,33.83356688241058,28.600852264761993,48.600852264762
NGA,Nigeria,2019,2044.29,3.77,39.0,27.4,21,1.5,7.622805819929044,-1.4643761533446769,-1.0868844579023835,0.7276068751089989,0.7290024368105839,-1.1677500854604668,38.03027231485071,27.21355025416791,47.21355025416791
NGA,Nigeria,2019,2044.29,3.77,39.0,28.6,21,1.5,7.622805819929044,-1.4643761533446769,-1.0868844579023835,0.7276068751089989,0.7290024368105839,-1.0937898407796487,38.04696000663774,28.031028721244734,48.03102872124474
NGA,Nigeria,2019,2044.29,3.77,39.0,29.6,21,1.5,7.622805819929044,-1.4643761533446769,-1.0868844579023835,0.7276068751089989,0.7290024368105839,-1.032156303545634,38.06082623354261,28.723442697977674,48.723442697977674
NGA,Nigeria,2019,2044.29,3.77,36.1,27.4,21,1.5,7.622805819929044,-1.4643761533446769,-1.0868844579023835,0.7276068751089989,0.33106535560515793,-1.1677500854604668,35.987891272209446,27.130273999895135,47.13027399989514
NGA,Nigeria,2019,2044.29,3.77,36.1,28.6,21,1.5,7.622805819929044,-1.4643761533446769,-1.0868844579023835,0.7276068751089989,0.33106535560515793,-1.0937898407796487,36.02222110102827,27.939868556129753,47.93986855612975
NGA,Nigeria,2019,2044.29,3.77,36.1,29.6,21,1.5,7.622805819929044,-1.4643761533446769,-1.0868844579023835,0.7276068751089989,0.33106535560515793,-1.032156303545634,35.9876302160725,28.658115387127907,48.65811538712791
POL,Poland,2015,16975.97,6.32,41.8,57.5,22,-2.5,9.73955409365145,0.3432275346491142,-0.30772441931735045,-1.212678125181665,1.113217549698581,0.6874193852833784,43.591584199640295,57.62731788405432,77.62731788405432
POL,Poland,2015,16975.97,6.32,41.8,50.7,22,-2.5,9.73955409365145,0.3432275346491142,-0.30772441931735045,-1.212678125181665,1.113217549698581,0.268311332092078,43.60802503699422,52.832578213762616,72.83257821376262
POL,Poland,2015,16975.97,6.32,41.8,65.6,22,-2.5,9.73955409365145,0.3432275346491142,-0.30772441931735045,-1.212678125181665,1.113217549698581,1.1866510368788978,43.58374388494291,63.28834866628271,83.2883486662827
POL,Poland,2015,16975.97,6.32,54.1,57.5,22,-2.5,9.73955409365145,0.3432275346491142,-0.30772441931735045,-1.212678125181665,2.8010196527422853,0.6874193852833784,52.19401855064522,57.83011866095729,77.83011866095728
POL,Poland,2015,16975.97,6.32,54.1,50.7,22,-2.5,9.73955409365145,0.3432275346491142,-0.30772441931735045,-1.212678125181665,2.8010196527422853,0.268311332092078,52.19809133229054,53.03031956669636,73.03031956669636
POL,Poland,2015,16975.97,6.32,54.1,65.6,22,-2.5,9.73955409365145,0.3432275346491142,-0.30772441931735045,-1.212678125181665,2.8010196527422853,1.1866510368788978,52.25259878534059,63.50928697415544,83.50928697415543
POL,Poland,2015,16975.97,6.32,48.1,57.5,22,-2.5,9.73955409365145,0.3432275346491142,-0.30772441931735045,-1.212678125181665,1.9777015536965763,0.6874193852833784,48.00853797394334,57.72711771067072,77.72711771067071
POL,Poland,2015,16975.97,6.32,48.1,50.7,22,-2.5,9.73955409365145,0.3432275346491142,-0.30772441931735045,-1.212678125181665,1.9777015536965763,0.268311332092078,48.01377024276724,52.94450462224016,72.94450462224016
POL,Poland,2015,16975.97,6.32,48.1,65.6,22,-2.5,9.73955409365145,0.3432275346491142,-0.30772441931735045,-1.212678125181665,1.9777015536965763,1.1866510368788978,48.03071758392987,63.40425168880633,83.40425168880634
POL,Poland,2016,17074.05,6.26,48.4,58.5,22,-1.5,9.745315045995154,0.34814711759249584,-0.32605759669582196,-0.7276068751089989,2.0188674586488613,0.7490529225173932,48.182389754703145,58.47781713625473,78.47781713625473
POL,Poland,2016,17074.05,6.26,48.4,52.2,22,-1.5,9.745315045995154,0.34814711759249584,-0.32605759669582196,-0.7276068751089989,2.0188674586488613,0.3607616379431002,48.197922353983614,54.10806652373323,74.10806652373323
POL,Poland,2016,17074.05,6.26,48.4,66.2,22,-1.5,9.745315045995154,0.34814711759249584,-0.32605759669582196,-0.7276068751089989,2.0188674586488613,1.2236311592193072,48.167150872544525,63.93216241591949,83.93216241591949
POL,Poland,2016,17074.05,6.26,54.5,58.5,22,-1.5,9.745315045995154,0.34814711759249584,-0.32605759669582196,-0.7276068751089989,2.855907526011999,0.7490529225173932,52.459348986432765,58.61319507534462,78.61319507534462
POL,Poland,2016,17074.05,6.26,54.5,52.2,22,-1.5,9.745315045995154,0.34814711759249584,-0.32605759669582196,-0.7276068751089989,2.855907526011999,0.3607616379431002,52.464349839923585,54.2275075325945,74.2275075325945
POL,Poland,2016,17074.05,6.26,54.5,66.2,22,-1.5,9.745315045995154,0.34814711759249584,-0.32605759669582196,-0.7276068751089989,2.855907526011999,1.2236311592193072,52.45226471665793,64.01973641170554,84.01973641170554
POL,Poland,2016,17074.05,6.26,42.0,58.5,22,-1.5,9.745315045995154,0.34814711759249584,-0.32605759669582196,-0.7276068751089989,1.1406614863334383,0.7490529225173932,43.70265758861257,58.41815441575997,78.41815441575997
POL,Poland,2016,17074.05,6.26,42.0,52.2,22,-1.5,9.745315045995154,0.34814711759249584,-0.32605759669582196,-0.7276068751089989,1.1406614863334383,0.3607616379431002,43.71312463800182,54.04586541272034,74.04586541272033
POL,Poland,2016,17074.05,6.26,42.0,66.2,22,-1.5,9.745315045995154,0.34814711759249584,-0.32605759669582196,-0.7276068751089989,1.1406614863334383,1.2236311592193072,43.704919753902345,63.80600162004305,83.80600162004305
POL,Poland,2017,17419.4,6.36,42.2,53.5,22,-0.5,9.765339806644542,0.36524732343670474,-0.29550230106503617,-0.24253562503633297,1.1681054229682957,0.44088523634731924,43.8070211144672,55.08906445864266,75.08906445864267
POL,Poland,2017,17419.4,6.36,42.2,66.7,22,-0.5,9.765339806644542,0.36524732343670474,-0.29550230106503617,-0.24253562503633297,1.1681054229682957,1.2544479278363145,43.79852048710512,64.32551150295004,84.32551150295004
POL,Poland,2017,17419.4,6.36,42.2,59.5,22,-0.5,9.765339806644542,0.36524732343670474,-0.29550230106503617,-0.24253562503633297,1.1681054229682957,0.810686459751408,43.782571798920785,59.29441778033538,79.29441778033538
POL,Poland,2017,17419.4,6.36,48.7,53.5,22,-0.5,9.765339806644542,0.36524732343670474,-0.29550230106503617,-0.24253562503633297,2.060033363601147,0.44088523634731924,48.33385707187924,55.219271513552755,75.21927151355275
POL,Poland,2017,17419.4,6.36,48.7,66.7,22,-0.5,9.765339806644542,0.36524732343670474,-0.29550230106503617,-0.24253562503633297,2.060033363601147,1.2544479278363145,48.3514439535335,64.416699975176,84.416699975176
POL,Poland,2017,17419.4,6.36,48.7,59.5,22,-0.5,9.765339806644542,0.36524732343670474,-0.29550230106503617,-0.24253562503633297,2.060033363601147,0.810686459751408,48.346345195267745,59.402456414765325,79.40245641476533
POL,Poland,2017,17419.4,6.36,54.8,53.5,22,-0.5,9.765339806644542,0.36524732343670474,-0.29550230106503617,-0.24253562503633297,2.897073430964284,0.44088523634731924,52.64326230584953,55.31326159157172,75.31326159157172
POL,Poland,2017,17419.4,6.36,54.8,66.7,22,-0.5,9.765339806644542,0.36524732343670474,-0.29550230106503617,-0.24253562503633297,2.897073430964284,1.2544479278363145,52.62646110570946,64.55270568758645,84.55270568758645
POL,Poland,2017,17419.4,6.36,54.8,59.5,22,-0.5,9.765339806644542,0.36524732343670474,-0.29550230106503617,-0.24253562503633297,2.897073430964284,0.810686459751408,52.63966943030469,59.51898887609327,79.51898887609326
POL,Poland,2018,17115.72,6.28,48.9,60.4,22,0.5,9.747752618440524,0.35022869006698476,-0.3199465375696647,0.24253562503633297,2.087477300236004,0.8661566432620211,48.4321068729336,60.04975579798972,80.04975579798972
POL,Poland,2018,17115.72,6.28,48.9,54.9,22,0.5,9.747752618440524,0.35022869006698476,-0.3199465375696647,0.24253562503633297,2.087477300236004,0.5271721884749399,48.45498065517245,56.22239833252565,76.22239833252564
POL,Poland,2018,17115.72,6.28,48.9,67.1,22,0.5,9.747752618440524,0.35022869006698476,-0.3199465375696647,0.24253562503633297,2.087477300236004,1.27910134272992,48.459560983179486,64.75490296449489,84.75490296449489
POL,Poland,2018,17115.72,6.28,55.1,60.4,22,0.5,9.747752618440524,0.35022869006698476,-0.3199465375696647,0.24253562503633297,2.9382393359165704,0.8661566432620211,52.780988875144,60.160207768277004,80.160207768277
POL,Poland,2018,17115.72,6.28,55.1,54.9,22,0.5,9.747752618440524,0.35022869006698476,-0.3199465375696647,0.24253562503633297,2.9382393359165704,0.5271721884749399,52.78252723266889,56.287162328490474,76.28716232849047
POL,Poland,2018,17115.72,6.28,55.1,67.1,22,0.5,9.747752618440524,0.35022869006698476,-0.3199465375696647,0.24253562503633297,2.9382393359165704,1.27910134272992,52.80356117381936,64.85861548714882,84.85861548714882
POL,Poland,2018,17115.72,6.28,42.4,60.4,22,0.5,9.747752618440524,0.35022869006698476,-0.3199465375696647,0.24253562503633297,1.1955493596031521,0.8661566432620211,43.90568204859873,59.94846317699507,79.94846317699506
POL,Poland,2018,17115.72,6.28,42.4,54.9,22,0.5,9.747752618440524,0.35022869006698476,-0.3199465375696647,0.24253562503633297,1.1955493596031521,0.5271721884749399,43.91947982090206,56.11731671009006,76.11731671009005
POL,Poland,2018,17115.72,6.28,42.4,67.1,22,0.5,9.747752618440524,0.35022869006698476,-0.3199465375696647,0.24253562503633297,1.1955493596031521,1.27910134272992,43.89830703948088,64.64663566308369,84.64663566308369
POL,Poland,2019,17413.13,6.34,42.7,61.3,22,1.5,9.764979798338072,0.3649398932379591,-0.30161336019119345,0.7276068751089989,1.2367152645554382,0.9216268267726344,44.084874397263576,60.713296195605096,80.7132961956051
POL,Poland,2019,17413.13,6.34,42.7,67.6,22,1.5,9.764979798338072,0.3649398932379591,-0.30161336019119345,0.7276068751089989,1.2367152645554382,1.3099181113469274,44.07570227963508,65.15147546691168,85.15147546691168
POL,Poland,2019,17413.13,6.34,42.7,56.2,22,1.5,9.764979798338072,0.3649398932379591,-0.30161336019119345,0.7276068751089989,1.2367152645554382,0.6072957868791593,44.09099707839829,57.19720224028928,77.19720224028927
POL,Poland,2019,17413.13,6.34,55.5,61.3,22,1.5,9.764979798338072,0.3649398932379591,-0.30161336019119345,0.7276068751089989,2.993127209186284,0.9216268267726344,53.02920712639104,60.93737377358928,80.93737377358929
POL,Poland,2019,17413.13,6.34,55.5,67.6,22,1.5,9.764979798338072,0.3649398932379591,-0.30161336019119345,0.7276068751089989,2.993127209186284,1.3099181113469274,53.02696340441286,65.36809648933959,85.36809648933959
POL,Poland,2019,17413.13,6.34,55.5,56.2,22,1.5,9.764979798338072,0.3649398932379591,-0.30161336019119345,0.7276068751089989,2.993127209186284,0.6072957868791593,53.04808935533189,57.34700058661708,77.34700058661707
POL,Poland,2019,17413.13,6.34,49.2,61.3,22,1.5,9.764979798338072,0.3649398932379591,-0.30161336019119345,0.7276068751089989,2.1286432051882898,0.9216268267726344,48.6149033286314,60.867954768859484,80.86795476885948
POL,Poland,2019,17413.13,6.34,49.2,67.6,22,1.5,9.764979798338072,0.3649398932379591,-0.30161336019119345,0.7276068751089989,2.1286432051882898,1.3099181113469274,48.63611179601087,65.24201298383875,85.24201298383875
POL,Poland,2019,17413.13,6.34,49.2,56.2,22,1.5,9.764979798338072,0.3649398932379591,-0.30161336019119345,0.7276068751089989,2.1286432051882898,0.6072957868791593,48.61638026149389,57.30159112857365,77.30159112857365
RUS,Russian Federation,2015,11112.11,5.26,46.3,58.4,23,-2.5,9.315790783593247,-0.01864644517495876,-0.6316105530036781,-1.212678125181665,1.730706123982863,0.7428895687939916,45.87481958370424,55.361442060865336,75.36144206086533
RUS,Russian Federation,2015,11112.11,5.26,46.3,39.8,23,-2.5,9.315790783593247,-0.01864644517495876,-0.6316105530036781,-1.212678125181665,1.730706123982863,-0.40349422375868343,45.85554908698208,42.34855602354743,62.34855602354743
RUS,Russian Federation,2015,11112.11,5.26,46.3,49.4,23,-2.5,9.315790783593247,-0.01864644517495876,-0.6316105530036781,-1.212678125181665,1.730706123982863,0.18818773368785854,45.86721450470569,49.08276504585175,69.08276504585174
RUS,Russian Federation,2015,11112.11,5.26,43.1,58.4,23,-2.5,9.315790783593247,-0.01864644517495876,-0.6316105530036781,-1.212678125181665,1.291603137825152,0.7428895687939916,43.62807974223906,55.34115520989656,75.34115520989656
RUS,Russian Federation,2015,11112.11,5.26,43.1,39.8,23,-2.5,9.315790783593247,-0.01864644517495876,-0.6316105530036781,-1.212678125181665,1.291603137825152,-0.40349422375868343,43.58820241688839,42.29325806227082,62.29325806227082
RUS,Russian Federation,2015,11112.11,5.26,43.1,49.4,23,-2.5,9.315790783593247,-0.01864644517495876,-0.6316105530036781,-1.212678125181665,1.291603137825152,0.18818773368785854,43.61954737074987,49.046399375289845,69.04639937528984
RUS,Russian Federation,2015,11112.11,5.26,49.3,58.4,23,-2.5,9.315790783593247,-0.01864644517495876,-0.6316105530036781,-1.212678125181665,2.1423651735057176,0.7428895687939916,47.93355004854667,55.430914711475445,75.43091471147545
RUS,Russian Federation,2015,11112.11,5.26,49.3,39.8,23,-2.5,9.315790783593247,-0.01864644517495876,-0.6316105530036781,-1.212678125181665,2.1423651735057176,-0.40349422375868343,47.90430967458018,42.38020571061288,62.38020571061288
RUS,Russian Federation,2015,11112.11,5.26,49.3,49.4,23,-2.5,9.315790783593247,-0.01864644517495876,-0.6316105530036781,-1.212678125181665,2.1423651735057176,0.18818773368785854,47.958147480579015,49.11423812779153,69.11423812779154
RUS,Russian Federation,2016,11595.3,5.3,42.6,49.6,23,-1.5,9.358355122576143,0.017701502796765883,-0.6193884347513637,-0.7276068751089989,1.2229932962380095,0.2005144411346617,43.18436979261823,49.34028472925182,69.34028472925182
RUS,Russian Federation,2016,11595.3,5.3,42.6,58.1,23,-1.5,9.358355122576143,0.017701502796765883,-0.6193884347513637,-0.7276068751089989,1.2229932962380095,0.7243995076237874,43.219862701108035,55.286730867283374,75.28673086728338
RUS,Russian Federation,2016,11595.3,5.3,42.6,40.5,23,-1.5,9.358355122576143,0.017701502796765883,-0.6193884347513637,-0.7276068751089989,1.2229932962380095,-0.3603507476948729,43.196986954745505,42.991850429852484,62.991850429852484
RUS,Russian Federation,2016,11595.3,5.3,45.8,49.6,23,-1.5,9.358355122576143,0.017701502796765883,-0.6193884347513637,-0.7276068751089989,1.6620962823957204,0.2005144411346617,45.43148920603873,49.395767144230305,69.3957671442303
RUS,Russian Federation,2016,11595.3,5.3,45.8,58.1,23,-1.5,9.358355122576143,0.017701502796765883,-0.6193884347513637,-0.7276068751089989,1.6620962823957204,0.7243995076237874,45.45096460455874,55.37585847392435,75.37585847392435
RUS,Russian Federation,2016,11595.3,5.3,45.8,40.5,23,-1.5,9.358355122576143,0.017701502796765883,-0.6193884347513637,-0.7276068751089989,1.6620962823957204,-0.3603507476948729,45.478562244307085,43.04333778942008,63.04333778942008
RUS,Russian Federation,2016,11595.3,5.3,48.8,49.6,23,-1.5,9.358355122576143,0.017701502796765883,-0.6193884347513637,-0.7276068751089989,2.073755331918575,0.2005144411346617,47.56301665312717,49.47448993732795,69.47448993732795
RUS,Russian Federation,2016,11595.3,5.3,48.8,58.1,23,-1.5,9.358355122576143,0.017701502796765883,-0.6193884347513637,-0.7276068751089989,2.073755331918575,0.7243995076237874,47.54819400960332,55.41206002545191,75.41206002545191
RUS,Russian Federation,2016,11595.3,5.3,48.8,40.5,23,-1.5,9.358355122576143,0.017701502796765883,-0.6193884347513637,-0.7276068751089989,2.073755331918575,-0.3603507476948729,47.53016538596364,43.10759745138069,63.10759745138069
RUS,Russian Federation,2017,11518.39,5.3,45.3,41.2,23,-0.5,9.351700167538526,0.012018483507810228,-0.6193884347513637,-0.24253562503633297,1.593486440808578,-0.31720727163106244,45.08447285628606,43.61483048455562,63.61483048455562
RUS,Russian Federation,2017,11518.39,5.3,45.3,49.7,23,-0.5,9.351700167538526,0.012018483507810228,-0.6193884347513637,-0.24253562503633297,1.593486440808578,0.20667779485806326,45.0631429593754,49.5415265823084,69.54152658230839
RUS,Russian Federation,2017,11518.39,5.3,45.3,57.7,23,-0.5,9.351700167538526,0.012018483507810228,-0.6193884347513637,-0.24253562503633297,1.593486440808578,0.6997460927301815,45.05124368073128,55.14379419895579,75.14379419895579
RUS,Russian Federation,2017,11518.39,5.3,48.3,41.2,23,-0.5,9.351700167538526,0.012018483507810228,-0.6193884347513637,-0.24253562503633297,2.0051454903314325,-0.31720727163106244,47.18284543413951,43.62537885147427,63.62537885147427
RUS,Russian Federation,2017,11518.39,5.3,48.3,49.7,23,-0.5,9.351700167538526,0.012018483507810228,-0.6193884347513637,-0.24253562503633297,2.0051454903314325,0.20667779485806326,47.158178535652816,49.581513098284645,69.58151309828465
RUS,Russian Federation,2017,11518.39,5.3,48.3,57.7,23,-0.5,9.351700167538526,0.012018483507810228,-0.6193884347513637,-0.24253562503633297,2.0051454903314325,0.6997460927301815,47.17294495111683,55.2008222972672,75.2008222972672
RUS,Russian Federation,2017,11518.39,5.3,42.1,41.2,23,-0.5,9.351700167538526,0.012018483507810228,-0.6193884347513637,-0.24253562503633297,1.1543834546508671,-0.31720727163106244,42.858173450858004,43.56873069908467,63.56873069908467
RUS,Russian Federation,2017,11518.39,5.3,42.1,49.7,23,-0.5,9.351700167538526,0.012018483507810228,-0.6193884347513637,-0.24253562503633297,1.1543834546508671,0.20667779485806326,42.831904325010484,49.506435694822905,69.5064356948229
RUS,Russian Federation,2017,11518.39,5.3,42.1,57.7,23,-0.5,9.351700167538526,0.012018483507810228,-0.6193884347513637,-0.24253562503633297,1.1543834546508671,0.6997460927301815,42.815582453660355,55.1412003925402,75.1412003925402
RUS,Russian Federation,2018,11661.78,5.26,47.8,57.4,23,0.5,9.364072106915428,0.022583539127766093,-0.6316105530036781,0.24253562503633297,1.9365356487442902,0.6812560315599768,46.77627490131197,55.097711338244736,75.09771133824474
RUS,Russian Federation,2018,11661.78,5.26,47.8,49.9,23,0.5,9.364072106915428,0.022583539127766093,-0.6316105530036781,0.24253562503633297,1.9365356487442902,0.21900450230486593,46.76403753779234,49.84755819289293,69.84755819289293
RUS,Russian Federation,2018,11661.78,5.26,47.8,41.9,23,0.5,9.364072106915428,0.022583539127766093,-0.6316105530036781,0.24253562503633297,1.9365356487442902,-0.2740637955672523,46.78231048625033,44.26239835047267,64.26239835047267
RUS,Russian Federation,2018,11661.78,5.26,41.6,57.4,23,0.5,9.364072106915428,0.022583539127766093,-0.6316105530036781,0.24253562503633297,1.0857736130637246,0.6812560315599768,42.42282071846051,54.98032369007255,74.98032369007255
RUS,Russian Federation,2018,11661.78,5.26,41.6,49.9,23,0.5,9.364072106915428,0.022583539127766093,-0.6316105530036781,0.24253562503633297,1.0857736130637246,0.21900450230486593,42.43928885510854,49.76969774542706,69.76969774542707
RUS,Russian Federation,2018,11661.78,5.26,41.6,41.9,23,0.5,9.364072106915428,0.022583539127766093,-0.6316105530036781,0.24253562503633297,1.0857736130637246,-0.2740637955672523,42.428685744756734,44.146630731649466,64.14663073164947
RUS,Russian Federation,2018,11661.78,5.26,44.8,57.4,23,0.5,9.364072106915428,0.022583539127766093,-0.6316105530036781,0.24253562503633297,1.5248765992214357,0.6812560315599768,44.66936687115448,55.07178650195195,75.07178650195195
RUS,Russian Federation,2018,11661.78,5.26,44.8,49.9,23,0.5,9.364072106915428,0.022583539127766093,-0.6316105530036781,0.24253562503633297,1.5248765992214357,0.21900450230486593,44.657747281166316,49.798047490066025,69.79804749006603
RUS,Russian Federation,2018,11661.78,5.26,44.8,41.9,23,0.5,9.364072106915428,0.022583539127766093,-0.6316105530036781,0.24253562503633297,1.5248765992214357,-0.2740637955672523,44.68749006343777,44.19510368855176,64.19510368855177
RUS,Russian Federation,2019,11815.91,5.36,44.3,57.0,23,1.5,9.377202207391417,0.0337960287462831,-0.6010552573728922,0.7276068751089989,1.4562667576342931,0.656602616666371,44.309156104717694,54.92469998857692,74.92469998857692
RUS,Russian Federation,2019,11815.91,5.36,44.3,42.6,23,1.5,9.377202207391417,0.0337960287462831,-0.6010552573728922,0.7276068751089989,1.4562667576342931,-0.2309203195034418,44.27836223119368,44.8343860426366,64.8343860426366
RUS,Russian Federation,2019,11815.91,5.36,44.3,50.0,23,1.5,9.377202207391417,0.0337960287462831,-0.6010552573728922,0.7276068751089989,1.4562667576342931,0.2251678560282675,44.26604448345714,50.00937275254936,70.00937275254935
RUS,Russian Federation,2019,11815.91,5.36,41.2,57.0,23,1.5,9.377202207391417,0.0337960287462831,-0.6010552573728922,0.7276068751089989,1.030885739794011,0.656602616666371,42.14471047928006,54.873065162032375,74.87306516203238
RUS,Russian Federation,2019,11815.91,5.36,41.2,42.6,23,1.5,9.377202207391417,0.0337960287462831,-0.6010552573728922,0.7276068751089989,1.030885739794011,-0.2309203195034418,42.11213599738948,44.80995448497495,64.80995448497495
RUS,Russian Federation,2019,11815.91,5.36,41.2,50.0,23,1.5,9.377202207391417,0.0337960287462831,-0.6010552573728922,0.7276068751089989,1.030885739794011,0.2251678560282675,42.115142670516796,49.963333349470595,69.96333334947059
RUS,Russian Federation,2019,11815.91,5.36,47.3,57.0,23,1.5,9.377202207391417,0.0337960287462831,-0.6010552573728922,0.7276068751089989,1.8679258071571478,0.656602616666371,46.37761625624302,54.96188910023915,74.96188910023915
RUS,Russian Federation,2019,11815.91,5.36,47.3,42.6,23,1.5,9.377202207391417,0.0337960287462831,-0.6010552573728922,0.7276068751089989,1.8679258071571478,-0.2309203195034418,46.36187170219854,44.9083724566365,64.9083724566365
RUS,Russian Federation,2019,11815.91,5.36,47.3,50.0,23,1.5,9.377202207391417,0.0337960287462831,-0.6010552573728922,0.7276068751089989,1.8679258071571478,0.2251678560282675,46.39046024622433,50.06589282817047,70.06589282817046
SAU,Saudi Arabia,2015,22553.73,6.34,35.9,49.0,24,-2.5,10.023655741451622,0.5858370091453962,-0.30161336019119345,-1.212678125181665,0.30362141897030054,0.16353431879425273,35.300099084938715,46.92084429772928,66.92084429772927
SAU,Saudi Arabia,2015,22553.73,6.34,35.9,40.1,24,-2.5,10.023655741451622,0.5858370091453962,-0.30161336019119345,-1.212678125181665,0.30362141897030054,-0.38500416258847875,35.29374467075034,40.67136331976226,60.67136331976226
SAU,Saudi Arabia,2015,22553.73,6.34,35.9,35.2,24,-2.5,10.023655741451622,0.5858370091453962,-0.30161336019119345,-1.212678125181665,0.30362141897030054,-0.6870084950351512,35.30328926616446,37.19629577912205,57.19629577912205
SAU,Saudi Arabia,2015,22553.73,6.34,34.3,49.0,24,-2.5,10.023655741451622,0.5858370091453962,-0.30161336019119345,-1.212678125181665,0.08406992589144459,0.16353431879425273,34.17026836119989,46.86593381448372,66.86593381448372
SAU,Saudi Arabia,2015,22553.73,6.34,34.3,40.1,24,-2.5,10.023655741451622,0.5858370091453962,-0.30161336019119345,-1.212678125181665,0.08406992589144459,-0.38500416258847875,34.18688917786699,40.66660461945172,60.66660461945172
SAU,Saudi Arabia,2015,22553.73,6.34,34.3,35.2,24,-2.5,10.023655741451622,0.5858370091453962,-0.30161336019119345,-1.212678125181665,0.08406992589144459,-0.6870084950351512,34.18686262215292,37.20865142157358,57.20865142157358
SAU,Saudi Arabia,2015,22553.73,6.34,31.6,49.0,24,-2.5,10.023655741451622,0.5858370091453962,-0.30161336019119345,-1.212678125181665,-0.28642321867912396,0.16353431879425273,32.303881049895736,46.81623461910684,66.81623461910684
SAU,Saudi Arabia,2015,22553.73,6.34,31.6,40.1,24,-2.5,10.023655741451622,0.5858370091453962,-0.30161336019119345,-1.212678125181665,-0.28642321867912396,-0.38500416258847875,32.300167071770254,40.6071312538771,60.6071312538771
SAU,Saudi Arabia,2015,22553.73,6.34,31.6,35.2,24,-2.5,10.023655741451622,0.5858370091453962,-0.30161336019119345,-1.212678125181665,-0.28642321867912396,-0.6870084950351512,32.29317217976164,37.17103443858376,57.17103443858376
SAU,Saudi Arabia,2016,23691.13,6.39,31.2,35.8,24,-1.5,10.072855995466494,0.6278517171347965,-0.2863357123758007,-0.7276068751089989,-0.3413110919488382,-0.6500283726947426,31.967215371317277,37.82130280569951,57.82130280569951
SAU,Saudi Arabia,2016,23691.13,6.39,31.2,49.2,24,-1.5,10.072855995466494,0.6278517171347965,-0.2863357123758007,-0.7276068751089989,-0.3413110919488382,0.17586102624105585,31.966616218027198,47.19741231142193,67.19741231142193
SAU,Saudi Arabia,2016,23691.13,6.39,31.2,40.5,24,-1.5,10.072855995466494,0.6278517171347965,-0.2863357123758007,-0.7276068751089989,-0.3413110919488382,-0.3603507476948729,31.954259976366345,41.11495963323211,61.11495963323211
SAU,Saudi Arabia,2016,23691.13,6.39,34.2,35.8,24,-1.5,10.072855995466494,0.6278517171347965,-0.2863357123758007,-0.7276068751089989,0.07034795757401688,-0.6500283726947426,34.03751378734456,37.86158988003573,57.86158988003573
SAU,Saudi Arabia,2016,23691.13,6.39,34.2,49.2,24,-1.5,10.072855995466494,0.6278517171347965,-0.2863357123758007,-0.7276068751089989,0.07034795757401688,0.17586102624105585,34.062427454307674,47.22511517611137,67.22511517611137
SAU,Saudi Arabia,2016,23691.13,6.39,34.2,40.5,24,-1.5,10.072855995466494,0.6278517171347965,-0.2863357123758007,-0.7276068751089989,0.07034795757401688,-0.3603507476948729,34.033937090236854,41.162113499031705,61.162113499031705
SAU,Saudi Arabia,2016,23691.13,6.39,36.0,35.8,24,-1.5,10.072855995466494,0.6278517171347965,-0.2863357123758007,-0.7276068751089989,0.3173433872877292,-0.6500283726947426,35.326704962368304,37.89618507209124,57.89618507209124
SAU,Saudi Arabia,2016,23691.13,6.39,36.0,49.2,24,-1.5,10.072855995466494,0.6278517171347965,-0.2863357123758007,-0.7276068751089989,0.3173433872877292,0.17586102624105585,35.31011474238172,47.29000585636774,67.29000585636774
SAU,Saudi Arabia,2016,23691.13,6.39,36.0,40.5,24,-1.5,10.072855995466494,0.6278517171347965,-0.2863357123758007,-0.7276068751089989,0.3173433872877292,-0.3603507476948729,35.31792619135591,41.18448574537869,61.18448574537869
SAU,Saudi Arabia,2017,23799.09,6.39,34.2,40.7,24,-0.5,10.07740262363446,0.6317343242196252,-0.2863357123758007,-0.24253562503633297,0.07034795757401688,-0.3480240402480698,33.988066954192874,41.39957472142856,61.39957472142856
SAU,Saudi Arabia,2017,23799.09,6.39,34.2,36.2,24,-0.5,10.07740262363446,0.6317343242196252,-0.2863357123758007,-0.24253562503633297,0.07034795757401688,-0.6253749578011363,34.03548619021781,38.27739911865681,58.27739911865681
SAU,Saudi Arabia,2017,23799.09,6.39,34.2,49.2,24,-0.5,10.07740262363446,0.6317343242196252,-0.2863357123758007,-0.24253562503633297,0.07034795757401688,0.17586102624105585,34.0032873918044,47.36920160766513,67.36920160766513
SAU,Saudi Arabia,2017,23799.09,6.39,30.9,40.7,24,-0.5,10.07740262363446,0.6317343242196252,-0.2863357123758007,-0.24253562503633297,-0.38247699690112374,-0.3480240402480698,31.691309860728513,41.327750124948466,61.327750124948466
SAU,Saudi Arabia,2017,23799.09,6.39,30.9,36.2,24,-0.5,10.07740262363446,0.6317343242196252,-0.2863357123758007,-0.24253562503633297,-0.38247699690112374,-0.6253749578011363,31.72234016229366,38.18252167286456,58.18252167286456
SAU,Saudi Arabia,2017,23799.09,6.39,30.9,49.2,24,-0.5,10.07740262363446,0.6317343242196252,-0.2863357123758007,-0.24253562503633297,-0.38247699690112374,0.17586102624105585,31.703736001257827,47.312420602247315,67.31242060224731
SAU,Saudi Arabia,2017,23799.09,6.39,36.1,40.7,24,-0.5,10.07740262363446,0.6317343242196252,-0.2863357123758007,-0.24253562503633297,0.33106535560515793,-0.3480240402480698,35.34523692737408,41.447675080037726,61.447675080037726
SAU,Saudi Arabia,2017,23799.09,6.39,36.1,36.2,24,-0.5,10.07740262363446,0.6317343242196252,-0.2863357123758007,-0.24253562503633297,0.33106535560515793,-0.6253749578011363,35.33643592542593,38.31362029702406,58.31362029702406
SAU,Saudi Arabia,2017,23799.09,6.39,36.1,49.2,24,-0.5,10.07740262363446,0.6317343242196252,-0.2863357123758007,-0.24253562503633297,0.33106535560515793,0.17586102624105585,35.33074747502277,47.372365449771216,67.37236544977122
SAU,Saudi Arabia,2018,23899.32,6.43,34.1,49.4,24,0.5,10.081605285631994,0.635323200337036,-0.2741135941234864,0.24253562503633297,0.0566259892565882,0.18818773368785854,33.90513596043563,47.63367871796996,67.63367871796996
SAU,Saudi Arabia,2018,23899.32,6.43,34.1,40.9,24,0.5,10.081605285631994,0.635323200337036,-0.2741135941234864,0.24253562503633297,0.0566259892565882,-0.3356973328012671,33.90855902764381,41.65904314664476,61.65904314664476
SAU,Saudi Arabia,2018,23899.32,6.43,34.1,36.6,24,0.5,10.081605285631994,0.635323200337036,-0.2741135941234864,0.24253562503633297,0.0566259892565882,-0.6007215429075305,33.890502215949574,38.65515352603432,58.65515352603432
SAU,Saudi Arabia,2018,23899.32,6.43,36.2,49.4,24,0.5,10.081605285631994,0.635323200337036,-0.2741135941234864,0.24253562503633297,0.3447873239225866,0.18818773368785854,35.39612820980027,47.646369340312745,67.64636934031275
SAU,Saudi Arabia,2018,23899.32,6.43,36.2,40.9,24,0.5,10.081605285631994,0.635323200337036,-0.2741135941234864,0.24253562503633297,0.3447873239225866,-0.3356973328012671,35.40283346857129,41.704528095686534,61.704528095686534
SAU,Saudi Arabia,2018,23899.32,6.43,36.2,36.6,24,0.5,10.081605285631994,0.635323200337036,-0.2741135941234864,0.24253562503633297,0.3447873239225866,-0.6007215429075305,35.41184519648374,38.6718154571757,58.6718154571757
SAU,Saudi Arabia,2018,23899.32,6.43,30.5,49.4,24,0.5,10.081605285631994,0.635323200337036,-0.2741135941234864,0.24253562503633297,-0.43736487017083747,0.18818773368785854,31.40984092191235,47.550211383007486,67.55021138300748
SAU,Saudi Arabia,2018,23899.32,6.43,30.5,40.9,24,0.5,10.081605285631994,0.635323200337036,-0.2741135941234864,0.24253562503633297,-0.43736487017083747,-0.3356973328012671,31.39500449650878,41.611445111336096,61.611445111336096
SAU,Saudi Arabia,2018,23899.32,6.43,30.5,36.6,24,0.5,10.081605285631994,0.635323200337036,-0.2741135941234864,0.24253562503633297,-0.43736487017083747,-0.6007215429075305,31.37628999124636,38.60194754926741,58.60194754926741
SAU,Saudi Arabia,2019,23425.45,6.53,36.3,37.0,24,1.5,10.061578317167573,0.6182211091224004,-0.24355829849270066,0.7276068751089989,0.3585092922400143,-0.5760681280139247,35.444897327257664,39.0116254917239,59.0116254917239
SAU,Saudi Arabia,2019,23425.45,6.53,36.3,41.2,24,1.5,10.061578317167573,0.6182211091224004,-0.24355829849270066,0.7276068751089989,0.3585092922400143,-0.31720727163106244,35.439718883748824,41.97628065637649,61.97628065637649
SAU,Saudi Arabia,2019,23425.45,6.53,36.3,49.5,24,1.5,10.061578317167573,0.6182211091224004,-0.24355829849270066,0.7276068751089989,0.3585092922400143,0.19435108741126012,35.41385300647601,47.79557049614207,67.79557049614206
SAU,Saudi Arabia,2019,23425.45,6.53,30.2,37.0,24,1.5,10.061578317167573,0.6182211091224004,-0.24355829849270066,0.7276068751089989,-0.47853077512312303,-0.5760681280139247,31.165672614364077,38.922323645997416,58.922323645997416
SAU,Saudi Arabia,2019,23425.45,6.53,30.2,41.2,24,1.5,10.061578317167573,0.6182211091224004,-0.24355829849270066,0.7276068751089989,-0.47853077512312303,-0.31720727163106244,31.160774960521962,41.847872911912376,61.847872911912376
SAU,Saudi Arabia,2019,23425.45,6.53,30.2,49.5,24,1.5,10.061578317167573,0.6182211091224004,-0.24355829849270066,0.7276068751089989,-0.47853077512312303,0.19435108741126012,31.14828887826109,47.68467704702045,67.68467704702044
SAU,Saudi Arabia,2019,23425.45,6.53,34.0,37.0,24,1.5,10.061578317167573,0.6182211091224004,-0.24355829849270066,0.7276068751089989,0.042904020939159515,-0.5760681280139247,33.80171897222668,39.00139148648459,59.00139148648459
SAU,Saudi Arabia,2019,23425.45,6.53,34.0,41.2,24,1.5,10.061578317167573,0.6182211091224004,-0.24355829849270066,0.7276068751089989,0.042904020939159515,-0.31720727163106244,33.840830912653075,41.92878345638223,61.92878345638223
SAU,Saudi Arabia,2019,23425.45,6.53,34.0,49.5,24,1.5,10.061578317167573,0.6182211091224004,-0.24355829849270066,0.7276068751089989,0.042904020939159515,0.19435108741126012,33.81934019671431,47.74369378334486,67.74369378334487
THA,Thailand,2015,7178.04,3.81,27.9,34.5,25,-2.5,8.878781644274918,-0.39183174156811806,-1.0746623396500692,-1.212678125181665,-0.7941360464239783,-0.7301519710989617,28.284456699575813,36.80469581480966,56.80469581480966
THA,Thailand,2015,7178.04,3.81,27.9,42.6,25,-2.5,8.878781644274918,-0.39183174156811806,-1.0746623396500692,-1.212678125181665,-0.7941360464239783,-0.2309203195034418,28.294841452054094,42.488682163686704,62.488682163686704
THA,Thailand,2015,7178.04,3.81,27.9,50.1,25,-2.5,8.878781644274918,-0.39183174156811806,-1.0746623396500692,-1.212678125181665,-0.7941360464239783,0.23133120975166907,28.29023950245182,47.75068390629507,67.75068390629508
THA,Thailand,2015,7178.04,3.81,28.3,34.5,25,-2.5,8.878781644274918,-0.39183174156811806,-1.0746623396500692,-1.212678125181665,-0.739248173154264,-0.7301519710989617,28.584357017577183,36.80412504082021,56.80412504082021
THA,Thailand,2015,7178.04,3.81,28.3,42.6,25,-2.5,8.878781644274918,-0.39183174156811806,-1.0746623396500692,-1.212678125181665,-0.739248173154264,-0.2309203195034418,28.57086701809981,42.50131548088638,62.50131548088638
THA,Thailand,2015,7178.04,3.81,28.3,50.1,25,-2.5,8.878781644274918,-0.39183174156811806,-1.0746623396500692,-1.212678125181665,-0.739248173154264,0.23133120975166907,28.572273092592663,47.75417424675593,67.75417424675592
THA,Thailand,2015,7178.04,3.81,28.6,34.5,25,-2.5,8.878781644274918,-0.39183174156811806,-1.0746623396500692,-1.212678125181665,-0.6980822682019785,-0.7301519710989617,28.7960149311762,36.814707994877004,56.814707994877004
THA,Thailand,2015,7178.04,3.81,28.6,42.6,25,-2.5,8.878781644274918,-0.39183174156811806,-1.0746623396500692,-1.212678125181665,-0.6980822682019785,-0.2309203195034418,28.81726202844832,42.48758700057252,62.48758700057252
THA,Thailand,2015,7178.04,3.81,28.6,50.1,25,-2.5,8.878781644274918,-0.39183174156811806,-1.0746623396500692,-1.212678125181665,-0.6980822682019785,0.23133120975166907,28.782845528936445,47.74751127575115,67.74751127575115
THA,Thailand,2016,7367.97,3.76,28.7,35.2,25,-1.5,8.904897506265616,-0.369530021030273,-1.089939987465462,-0.7276068751089989,-0.6843602998845504,-0.6870084950351512,28.76449185360651,37.47225740149338,57.47225740149338
THA,Thailand,2016,7367.97,3.76,28.7,50.4,25,-1.5,8.904897506265616,-0.369530021030273,-1.089939987465462,-0.7276068751089989,-0.6843602998845504,0.24982127092187334,28.805431790868802,48.116487917492314,68.11648791749232
THA,Thailand,2016,7367.97,3.76,28.7,43.1,25,-1.5,8.904897506265616,-0.369530021030273,-1.089939987465462,-0.7276068751089989,-0.6843602998845504,-0.20010355088643442,28.824629647922325,42.99064078027578,62.99064078027578
THA,Thailand,2016,7367.97,3.76,28.2,35.2,25,-1.5,8.904897506265616,-0.369530021030273,-1.089939987465462,-0.7276068751089989,-0.7529701414716927,-0.6870084950351512,28.463832817761222,37.44792366619894,57.44792366619894
THA,Thailand,2016,7367.97,3.76,28.2,50.4,25,-1.5,8.904897506265616,-0.369530021030273,-1.089939987465462,-0.7276068751089989,-0.7529701414716927,0.24982127092187334,28.45456978935311,48.101118891705134,68.10111889170514
THA,Thailand,2016,7367.97,3.76,28.2,43.1,25,-1.5,8.904897506265616,-0.369530021030273,-1.089939987465462,-0.7276068751089989,-0.7529701414716927,-0.20010355088643442,28.480767113509188,42.955303137134486,62.955303137134486
THA,Thailand,2016,7367.97,3.76,28.5,35.2,25,-1.5,8.904897506265616,-0.369530021030273,-1.089939987465462,-0.7276068751089989,-0.7118042365194072,-0.6870084950351512,28.685895711274924,37.43696612871191,57.43696612871191
THA,Thailand,2016,7367.97,3.76,28.5,50.4,25,-1.5,8.904897506265616,-0.369530021030273,-1.089939987465462,-0.7276068751089989,-0.7118042365194072,0.24982127092187334,28.667596273796764,48.10309869411198,68.10309869411198
THA,Thailand,2016,7367.97,3.76,28.5,43.1,25,-1.5,8.904897506265616,-0.369530021030273,-1.089939987465462,-0.7276068751089989,-0.7118042365194072,-0.20010355088643442,28.6680157445859,42.98639116603335,62.98639116603335
THA,Thailand,2017,7230.0,3.86,28.8,35.8,25,-0.5,8.88599431515281,-0.3856724591248462,-1.0593846918346765,-0.24253562503633297,-0.6706383315671216,-0.6500283726947426,28.896251285525075,37.970645800318664,57.970645800318664
THA,Thailand,2017,7230.0,3.86,28.8,50.7,25,-0.5,8.88599431515281,-0.3856724591248462,-1.0593846918346765,-0.24253562503633297,-0.6706383315671216,0.268311332092078,28.86431376841,48.371911084694915,68.37191108469491
THA,Thailand,2017,7230.0,3.86,28.8,43.5,25,-0.5,8.88599431515281,-0.3856724591248462,-1.0593846918346765,-0.24253562503633297,-0.6706383315671216,-0.17545013599282858,28.872658362268716,43.356045267959495,63.356045267959495
THA,Thailand,2017,7230.0,3.86,28.5,35.8,25,-0.5,8.88599431515281,-0.3856724591248462,-1.0593846918346765,-0.24253562503633297,-0.7118042365194072,-0.6500283726947426,28.644852903112493,37.92835523958615,57.92835523958615
THA,Thailand,2017,7230.0,3.86,28.5,50.7,25,-0.5,8.88599431515281,-0.3856724591248462,-1.0593846918346765,-0.24253562503633297,-0.7118042365194072,0.268311332092078,28.641824206951405,48.377430008143754,68.37743000814376
THA,Thailand,2017,7230.0,3.86,28.5,43.5,25,-0.5,8.88599431515281,-0.3856724591248462,-1.0593846918346765,-0.24253562503633297,-0.7118042365194072,-0.17545013599282858,28.65742027134459,43.34588660088718,63.34588660088718
THA,Thailand,2017,7230.0,3.86,28.7,35.8,25,-0.5,8.88599431515281,-0.3856724591248462,-1.0593846918346765,-0.24253562503633297,-0.6843602998845504,-0.6500283726947426,28.800618722532644,37.95486864688359,57.95486864688359
THA,Thailand,2017,7230.0,3.86,28.7,50.7,25,-0.5,8.88599431515281,-0.3856724591248462,-1.0593846918346765,-0.24253562503633297,-0.6843602998845504,0.268311332092078,28.780074632877866,48.39379915730432,68.39379915730433
THA,Thailand,2017,7230.0,3.86,28.7,43.5,25,-0.5,8.88599431515281,-0.3856724591248462,-1.0593846918346765,-0.24253562503633297,-0.6843602998845504,-0.17545013599282858,28.795737343110197,43.32620925208891,63.32620925208891
THA,Thailand,2018,7164.92,3.78,28.8,36.4,25,0.5,8.87695217481264,-0.3933940226329657,-1.083828928339305,0.24253562503633297,-0.6706383315671216,-0.6130482503543336,28.84110772272441,38.449004676596125,58.449004676596125
THA,Thailand,2018,7164.92,3.78,28.8,50.9,25,0.5,8.87695217481264,-0.3933940226329657,-1.083828928339305,0.24253562503633297,-0.6706383315671216,0.2806380395388807,28.822748025534505,48.574140319114605,68.5741403191146
THA,Thailand,2018,7164.92,3.78,28.8,44.0,25,0.5,8.87695217481264,-0.3933940226329657,-1.083828928339305,0.24253562503633297,-0.6706383315671216,-0.1446333673758212,28.803796382555433,43.73956760829864,63.73956760829864
THA,Thailand,2018,7164.92,3.78,29.0,36.4,25,0.5,8.87695217481264,-0.3933940226329657,-1.083828928339305,0.24253562503633297,-0.6431943949322648,-0.6130482503543336,28.96168093130527,38.41559548863426,58.41559548863426
THA,Thailand,2018,7164.92,3.78,29.0,50.9,25,0.5,8.87695217481264,-0.3933940226329657,-1.083828928339305,0.24253562503633297,-0.6431943949322648,0.2806380395388807,28.936478323505415,48.58806202414585,68.58806202414584
THA,Thailand,2018,7164.92,3.78,29.0,44.0,25,0.5,8.87695217481264,-0.3933940226329657,-1.083828928339305,0.24253562503633297,-0.6431943949322648,-0.1446333673758212,28.95541684431854,43.73914486107688,63.73914486107688
THA,Thailand,2018,7164.92,3.78,29.0,36.4,25,0.5,8.87695217481264,-0.3933940226329657,-1.083828928339305,0.24253562503633297,-0.6431943949322648,-0.6130482503543336,28.936676357576133,38.401421508219,58.401421508219
THA,Thailand,2018,7164.92,3.78,29.0,50.9,25,0.5,8.87695217481264,-0.3933940226329657,-1.083828928339305,0.24253562503633297,-0.6431943949322648,0.2806380395388807,28.95545331878649,48.58526106719156,68.58526106719157
THA,Thailand,2018,7164.92,3.78,29.0,44.0,25,0.5,8.87695217481264,-0.3933940226329657,-1.083828928339305,0.24253562503633297,-0.6431943949322648,-0.1446333673758212,28.92837521589064,43.757612480190424,63.757612480190424
THA,Thailand,2019,7325.13,3.85,29.1,44.4,25,1.5,8.899066181168058,-0.37450969900289316,-1.062440221397755,0.7276068751089989,-0.629472426614836,-0.11997995248221537,28.98135659756207,44.19649352054056,64.19649352054056
THA,Thailand,2019,7325.13,3.85,29.1,37.0,25,1.5,8.899066181168058,-0.37450969900289316,-1.062440221397755,0.7276068751089989,-0.629472426614836,-0.5760681280139247,29.01273416956535,39.026304718720375,59.026304718720375
THA,Thailand,2019,7325.13,3.85,29.1,51.2,25,1.5,8.899066181168058,-0.37450969900289316,-1.062440221397755,0.7276068751089989,-0.629472426614836,0.2991281007090854,29.02222672223938,48.96468196440994,68.96468196440995
THA,Thailand,2019,7325.13,3.85,29.2,44.4,25,1.5,8.899066181168058,-0.37450969900289316,-1.062440221397755,0.7276068751089989,-0.6157504582974079,-0.11997995248221537,29.061259715803224,44.19074836063154,64.19074836063155
THA,Thailand,2019,7325.13,3.85,29.2,37.0,25,1.5,8.899066181168058,-0.37450969900289316,-1.062440221397755,0.7276068751089989,-0.6157504582974079,-0.5760681280139247,29.0529512469556,39.014163884358936,59.014163884358936
THA,Thailand,2019,7325.13,3.85,29.2,51.2,25,1.5,8.899066181168058,-0.37450969900289316,-1.062440221397755,0.7276068751089989,-0.6157504582974079,0.2991281007090854,29.074766669817002,48.951854855666554,68.95185485566655
THA,Thailand,2019,7325.13,3.85,29.2,44.4,25,1.5,8.899066181168058,-0.37450969900289316,-1.062440221397755,0.7276068751089989,-0.6157504582974079,-0.11997995248221537,29.065134382658602,44.19304027748244,64.19304027748244
THA,Thailand,2019,7325.13,3.85,29.2,37.0,25,1.5,8.899066181168058,-0.37450969900289316,-1.062440221397755,0.7276068751089989,-0.6157504582974079,-0.5760681280139247,29.055660301851525,39.04250304702683,59.04250304702683
THA,Thailand,2019,7325.13,3.85,29.2,51.2,25,1.5,8.899066181168058,-0.37450969900289316,-1.062440221397755,0.7276068751089989,-0.6157504582974079,0.2991281007090854,29.050939988399747,48.97874234620084,68.97874234620085
TUR,Turkiye,2015,9861.86,4.34,30.7,49.6,26,-2.5,9.19643007077984,-0.12057489238878974,-0.9127192728069056,-1.212678125181665,-0.40992093353598064,0.2005144411346617,31.496410887095923,51.41090446891449,71.41090446891448
TUR,Turkiye,2015,9861.86,4.34,30.7,58.1,26,-2.5,9.19643007077984,-0.12057489238878974,-0.9127192728069056,-1.212678125181665,-0.40992093353598064,0.7243995076237874,31.466372824806342,57.350431436187776,77.35043143618778
TUR,Turkiye,2015,9861.86,4.34,30.7,64.5,26,-2.5,9.19643007077984,-0.12057489238878974,-0.9127192728069056,-1.212678125181665,-0.40992093353598064,1.1188541459214818,31.494587109384913,61.81814813230798,81.81814813230798
TUR,Turkiye,2015,9861.86,4.34,33.7,49.6,26,-2.5,9.19643007077984,-0.12057489238878974,-0.9127192728069056,-1.212678125181665,0.001738115986874449,0.2005144411346617,33.58190044990127,51.464531391738724,71.46453139173872
TUR,Turkiye,2015,9861.86,4.34,33.7,58.1,26,-2.5,9.19643007077984,-0.12057489238878974,-0.9127192728069056,-1.212678125181665,0.001738115986874449,0.7243995076237874,33.58872881519803,57.389417723123785,77.38941772312378
TUR,Turkiye,2015,9861.86,4.34,33.7,64.5,26,-2.5,9.19643007077984,-0.12057489238878974,-0.9127192728069056,-1.212678125181665,0.001738115986874449,1.1188541459214818,33.59477405082381,61.86969310015465,81.86969310015465
TUR,Turkiye,2015,9861.86,4.34,36.3,49.6,26,-2.5,9.19643007077984,-0.12057489238878974,-0.9127192728069056,-1.212678125181665,0.3585092922400143,0.2005144411346617,35.38520170626307,51.50252301238632,71.50252301238632
TUR,Turkiye,2015,9861.86,4.34,36.3,58.1,26,-2.5,9.19643007077984,-0.12057489238878974,-0.9127192728069056,-1.212678125181665,0.3585092922400143,0.7243995076237874,35.40904508949287,57.45573037093799,77.455730370938
TUR,Turkiye,2015,9861.86,4.34,36.3,64.5,26,-2.5,9.19643007077984,-0.12057489238878974,-0.9127192728069056,-1.212678125181665,0.3585092922400143,1.1188541459214818,35.38562256016061,61.91606549148662,81.91606549148662
TUR,Turkiye,2016,9493.86,4.24,33.5,50.0,26,-1.5,9.158400552847072,-0.15305031600021982,-0.9432745684376911,-0.7276068751089989,-0.02570582064798291,0.2251678560282675,33.452060881034726,51.71664873530234,71.71664873530234
TUR,Turkiye,2016,9493.86,4.24,33.5,58.2,26,-1.5,9.158400552847072,-0.15305031600021982,-0.9432745684376911,-0.7276068751089989,-0.02570582064798291,0.730562861347189,33.439543523461374,57.45071530663183,77.45071530663182
TUR,Turkiye,2016,9493.86,4.24,33.5,64.5,26,-1.5,9.158400552847072,-0.15305031600021982,-0.9432745684376911,-0.7276068751089989,-0.02570582064798291,1.1188541459214818,33.409523344952774,61.84644280988204,81.84644280988203
TUR,Turkiye,2016,9493.86,4.24,30.7,50.0,26,-1.5,9.158400552847072,-0.15305031600021982,-0.9432745684376911,-0.7276068751089989,-0.40992093353598064,0.2251678560282675,31.447144771379524,51.67423290193337,71.67423290193338
TUR,Turkiye,2016,9493.86,4.24,30.7,58.2,26,-1.5,9.158400552847072,-0.15305031600021982,-0.9432745684376911,-0.7276068751089989,-0.40992093353598064,0.730562861347189,31.45792326464382,57.4227499573528,77.4227499573528
TUR,Turkiye,2016,9493.86,4.24,30.7,64.5,26,-1.5,9.158400552847072,-0.15305031600021982,-0.9432745684376911,-0.7276068751089989,-0.40992093353598064,1.1188541459214818,31.486748095722042,61.81327273315536,81.81327273315536
TUR,Turkiye,2016,9493.86,4.24,35.8,50.0,26,-1.5,9.158400552847072,-0.15305031600021982,-0.9432745684376911,-0.7276068751089989,0.28989945065287187,0.2251678560282675,35.03715554937209,51.75016531296355,71.75016531296356
TUR,Turkiye,2016,9493.86,4.24,35.8,58.2,26,-1.5,9.158400552847072,-0.15305031600021982,-0.9432745684376911,-0.7276068751089989,0.28989945065287187,0.730562861347189,35.04582613052442,57.45203818113234,77.45203818113234
TUR,Turkiye,2016,9493.86,4.24,35.8,64.5,26,-1.5,9.158400552847072,-0.15305031600021982,-0.9432745684376911,-0.7276068751089989,0.28989945065287187,1.1188541459214818,35.00342005336479,61.91458582657965,81.91458582657965
TUR,Turkiye,2017,9094.81,4.29,30.8,50.2,26,-0.5,9.115459200134781,-0.18972021600381261,-0.9279969206222983,-0.24253562503633297,-0.3961989652185519,0.23749456347507064,31.507501229306353,51.79402002307782,71.79402002307782
TUR,Turkiye,2017,9094.81,4.29,30.8,64.2,26,-0.5,9.115459200134781,-0.18972021600381261,-0.9279969206222983,-0.24253562503633297,-0.3961989652185519,1.1003640847512777,31.513749841079008,61.57429914147353,81.57429914147353
TUR,Turkiye,2017,9094.81,4.29,30.8,58.1,26,-0.5,9.115459200134781,-0.18972021600381261,-0.9279969206222983,-0.24253562503633297,-0.3961989652185519,0.7243995076237874,31.502031140466016,57.34147497098549,77.34147497098549
TUR,Turkiye,2017,9094.81,4.29,35.3,50.2,26,-0.5,9.115459200134781,-0.18972021600381261,-0.9279969206222983,-0.24253562503633297,0.22128960906572945,0.23749456347507064,34.668890809658265,51.893938084498906,71.8939380844989
TUR,Turkiye,2017,9094.81,4.29,35.3,64.2,26,-0.5,9.115459200134781,-0.18972021600381261,-0.9279969206222983,-0.24253562503633297,0.22128960906572945,1.1003640847512777,34.693177870920486,61.68018689985963,81.68018689985962
TUR,Turkiye,2017,9094.81,4.29,35.3,58.1,26,-0.5,9.115459200134781,-0.18972021600381261,-0.9279969206222983,-0.24253562503633297,0.22128960906572945,0.7243995076237874,34.65763510283238,57.39221304684713,77.39221304684713
TUR,Turkiye,2017,9094.81,4.29,33.2,50.2,26,-0.5,9.115459200134781,-0.18972021600381261,-0.9279969206222983,-0.24253562503633297,-0.06687172560026798,0.23749456347507064,33.18460343121155,51.857855930203236,71.85785593020324
TUR,Turkiye,2017,9094.81,4.29,33.2,64.2,26,-0.5,9.115459200134781,-0.18972021600381261,-0.9279969206222983,-0.24253562503633297,-0.06687172560026798,1.1003640847512777,33.18538815869899,61.671840413242506,81.6718404132425
TUR,Turkiye,2017,9094.81,4.29,33.2,58.1,26,-0.5,9.115459200134781,-0.18972021600381261,-0.9279969206222983,-0.24253562503633297,-0.06687172560026798,0.7243995076237874,33.175079697231304,57.39632844761043,77.39632844761043
TUR,Turkiye,2018,10160.72,4.33,33.0,58.0,26,0.5,9.226284584763318,-0.09508053850187374,-0.9157748023699841,0.24253562503633297,-0.09431566223512534,0.7182361539003858,32.97660896058914,57.6895891060336,77.6895891060336
TUR,Turkiye,2018,10160.72,4.33,33.0,50.4,26,0.5,9.226284584763318,-0.09508053850187374,-0.9157748023699841,0.24253562503633297,-0.09431566223512534,0.24982127092187334,32.97697038883483,52.36211359427316,72.36211359427315
TUR,Turkiye,2018,10160.72,4.33,33.0,64.0,26,0.5,9.226284584763318,-0.09508053850187374,-0.9157748023699841,0.24253562503633297,-0.09431566223512534,1.0880373773044745,32.96865378017856,61.89901982661779,81.89901982661779
TUR,Turkiye,2018,10160.72,4.33,30.8,58.0,26,0.5,9.226284584763318,-0.09508053850187374,-0.9157748023699841,0.24253562503633297,-0.3961989652185519,0.7182361539003858,31.42943947285942,57.631764008622326,77.63176400862233
TUR,Turkiye,2018,10160.72,4.33,30.8,50.4,26,0.5,9.226284584763318,-0.09508053850187374,-0.9157748023699841,0.24253562503633297,-0.3961989652185519,0.24982127092187334,31.42445572591725,52.33475380233832,72.33475380233833
TUR,Turkiye,2018,10160.72,4.33,30.8,64.0,26,0.5,9.226284584763318,-0.09508053850187374,-0.9157748023699841,0.24253562503633297,-0.3961989652185519,1.0880373773044745,31.44650053301997,61.84520249305197,81.84520249305197
TUR,Turkiye,2018,10160.72,4.33,34.8,58.0,26,0.5,9.226284584763318,-0.09508053850187374,-0.9157748023699841,0.24253562503633297,0.15267976747858703,0.7182361539003858,34.23679405595915,57.74563044444727,77.74563044444727
TUR,Turkiye,2018,10160.72,4.33,34.8,50.4,26,0.5,9.226284584763318,-0.09508053850187374,-0.9157748023699841,0.24253562503633297,0.15267976747858703,0.24982127092187334,34.235065130427394,52.39393267902482,72.39393267902483
TUR,Turkiye,2018,10160.72,4.33,34.8,64.0,26,0.5,9.226284584763318,-0.09508053850187374,-0.9157748023699841,0.24253562503633297,0.15267976747858703,1.0880373773044745,34.21344089662547,61.89739119150676,81.89739119150676
TUR,Turkiye,2019,9620.56,4.34,34.4,63.8,26,1.5,9.171657754023707,-0.14172928834811227,-0.9127192728069056,0.7276068751089989,0.09779189420887327,1.0757106698576713,33.94614196382898,61.71509574426191,81.7150957442619
TUR,Turkiye,2019,9620.56,4.34,34.4,57.9,26,1.5,9.171657754023707,-0.14172928834811227,-0.9127192728069056,0.7276068751089989,0.09779189420887327,0.7120728001769842,33.94921604624726,57.577783727971934,77.57778372797193
TUR,Turkiye,2019,9620.56,4.34,34.4,50.6,26,1.5,9.171657754023707,-0.14172928834811227,-0.9127192728069056,0.7276068751089989,0.09779189420887327,0.2621479783686765,33.92072626442782,52.4749448735701,72.47494487357011
TUR,Turkiye,2019,9620.56,4.34,32.8,63.8,26,1.5,9.171657754023707,-0.14172928834811227,-0.9127192728069056,0.7276068751089989,-0.12175959886998271,1.0757106698576713,32.84229265640861,61.702015601220076,81.70201560122007
TUR,Turkiye,2019,9620.56,4.34,32.8,57.9,26,1.5,9.171657754023707,-0.14172928834811227,-0.9127192728069056,0.7276068751089989,-0.12175959886998271,0.7120728001769842,32.813973554853675,57.574201788248985,77.57420178824898
TUR,Turkiye,2019,9620.56,4.34,32.8,50.6,26,1.5,9.171657754023707,-0.14172928834811227,-0.9127192728069056,0.7276068751089989,-0.12175959886998271,0.2621479783686765,32.82513946883121,52.449330200932565,72.44933020093256
TUR,Turkiye,2019,9620.56,4.34,30.8,63.8,26,1.5,9.171657754023707,-0.14172928834811227,-0.9127192728069056,0.7276068751089989,-0.3961989652185519,1.0757106698576713,31.42432245942402,61.69157348564132,81.69157348564133
TUR,Turkiye,2019,9620.56,4.34,30.8,57.9,26,1.5,9.171657754023707,-0.14172928834811227,-0.9127192728069056,0.7276068751089989,-0.3961989652185519,0.7120728001769842,31.428941851600587,57.53502830872128,77.53502830872128
TUR,Turkiye,2019,9620.56,4.34,30.8,50.6,26,1.5,9.171657754023707,-0.14172928834811227,-0.9127192728069056,0.7276068751089989,-0.3961989652185519,0.2621479783686765,31.412849947806066,52.40263628155261,72.40263628155262
USA,United States,2015,64759.68,16.59,29.4,71.8,27,-2.5,11.078438466457559,1.4865719559607644,2.8303044419643317,-1.212678125181665,-0.588306521662551,1.5687789677297896,30.12958299037177,71.17821416001038,91.17821416001038
USA,United States,2015,64759.68,16.59,29.4,68.3,27,-2.5,11.078438466457559,1.4865719559607644,2.8303044419643317,-1.212678125181665,-0.588306521662551,1.353061587410738,30.127810833682076,68.71414735052444,88.71414735052444
USA,United States,2015,64759.68,16.59,29.4,75.9,27,-2.5,11.078438466457559,1.4865719559607644,2.8303044419643317,-1.212678125181665,-0.588306521662551,1.8214764703892508,30.156318347857322,74.040648387774,94.040648387774
USA,United States,2015,64759.68,16.59,33.8,71.8,27,-2.5,11.078438466457559,1.4865719559607644,2.8303044419643317,-1.212678125181665,0.015460084304302155,1.5687789677297896,33.228782516444106,71.25186067675574,91.25186067675574
USA,United States,2015,64759.68,16.59,33.8,68.3,27,-2.5,11.078438466457559,1.4865719559607644,2.8303044419643317,-1.212678125181665,0.015460084304302155,1.353061587410738,33.22825252770726,68.85227663519504,88.85227663519504
USA,United States,2015,64759.68,16.59,33.8,75.9,27,-2.5,11.078438466457559,1.4865719559607644,2.8303044419643317,-1.212678125181665,0.015460084304302155,1.8214764703892508,33.26702370039856,74.13279712149141,94.13279712149141
USA,United States,2015,64759.68,16.59,31.6,71.8,27,-2.5,11.078438466457559,1.4865719559607644,2.8303044419643317,-1.212678125181665,-0.28642321867912396,1.5687789677297896,31.682976092218734,71.2135883011243,91.2135883011243
USA,United States,2015,64759.68,16.59,31.6,68.3,27,-2.5,11.078438466457559,1.4865719559607644,2.8303044419643317,-1.212678125181665,-0.28642321867912396,1.353061587410738,31.67946557361577,68.7417322213778,88.7417322213778
USA,United States,2015,64759.68,16.59,31.6,75.9,27,-2.5,11.078438466457559,1.4865719559607644,2.8303044419643317,-1.212678125181665,-0.28642321867912396,1.8214764703892508,31.697010142001304,74.05247646048993,94.05247646048993
USA,United States,2016,66805.97,16.69,33.8,71.3,27,-1.5,11.109547726788849,1.5131378043441952,2.860859737595118,-0.7276068751089989,0.015460084304302155,1.5379621991127823,33.17913824810066,71.08186225066578,91.08186225066578
USA,United States,2016,66805.97,16.69,33.8,75.4,27,-1.5,11.109547726788849,1.5131378043441952,2.860859737595118,-0.7276068751089989,0.015460084304302155,1.7906597017722434,33.18219144645357,73.9538591428749,93.9538591428749
USA,United States,2016,66805.97,16.69,33.8,67.9,27,-1.5,11.109547726788849,1.5131378043441952,2.860859737595118,-0.7276068751089989,0.015460084304302155,1.3284081725171324,33.17858497541161,68.71610438201577,88.71610438201577
USA,United States,2016,66805.97,16.69,31.6,71.3,27,-1.5,11.109547726788849,1.5131378043441952,2.860859737595118,-0.7276068751089989,-0.28642321867912396,1.5379621991127823,31.652870677458772,71.03767181931545,91.03767181931545
USA,United States,2016,66805.97,16.69,31.6,75.4,27,-1.5,11.109547726788849,1.5131378043441952,2.860859737595118,-0.7276068751089989,-0.28642321867912396,1.7906597017722434,31.64962956766465,73.92155925345881,93.92155925345881
USA,United States,2016,66805.97,16.69,31.6,67.9,27,-1.5,11.109547726788849,1.5131378043441952,2.860859737595118,-0.7276068751089989,-0.28642321867912396,1.3284081725171324,31.642974859584747,68.69959265324901,88.69959265324901
USA,United States,2016,66805.97,16.69,29.3,71.3,27,-1.5,11.109547726788849,1.5131378043441952,2.860859737595118,-0.7276068751089989,-0.6020284899799793,1.5379621991127823,30.05310999062016,71.03075655420545,91.03075655420545
USA,United States,2016,66805.97,16.69,29.3,75.4,27,-1.5,11.109547726788849,1.5131378043441952,2.860859737595118,-0.7276068751089989,-0.6020284899799793,1.7906597017722434,30.046768458313174,73.90819049484499,93.90819049484499
USA,United States,2016,66805.97,16.69,29.3,67.9,27,-1.5,11.109547726788849,1.5131378043441952,2.860859737595118,-0.7276068751089989,-0.6020284899799793,1.3284081725171324,30.03185096472534,68.61691353023166,88.61691353023166
USA,United States,2017,64876.51,16.68,33.9,70.7,27,-0.5,11.080240895727185,1.4881111459700676,2.8578042080320385,-0.24253562503633297,0.029182052621730837,1.5009820767723736,33.25241367234824,70.71585435643439,90.71585435643439
USA,United States,2017,64876.51,16.68,33.9,74.7,27,-0.5,11.080240895727185,1.4881111459700676,2.8578042080320385,-0.24253562503633297,0.029182052621730837,1.747516225708433,33.23305177517558,73.4692239468362,93.4692239468362
USA,United States,2017,64876.51,16.68,33.9,67.4,27,-0.5,11.080240895727185,1.4881111459700676,2.8578042080320385,-0.24253562503633297,0.029182052621730837,1.297591403900125,33.2284293580274,68.37181894760774,88.37181894760774
USA,United States,2017,64876.51,16.68,31.6,70.7,27,-0.5,11.080240895727185,1.4881111459700676,2.8578042080320385,-0.24253562503633297,-0.28642321867912396,1.5009820767723736,31.659988770371463,70.63338827338416,90.63338827338416
USA,United States,2017,64876.51,16.68,31.6,74.7,27,-0.5,11.080240895727185,1.4881111459700676,2.8578042080320385,-0.24253562503633297,-0.28642321867912396,1.747516225708433,31.646751329221157,73.48546626024749,93.48546626024749
USA,United States,2017,64876.51,16.68,31.6,67.4,27,-0.5,11.080240895727185,1.4881111459700676,2.8578042080320385,-0.24253562503633297,-0.28642321867912396,1.297591403900125,31.609610621188466,68.34696004777706,88.34696004777706
USA,United States,2017,64876.51,16.68,29.2,70.7,27,-0.5,11.080240895727185,1.4881111459700676,2.8578042080320385,-0.24253562503633297,-0.6157504582974079,1.5009820767723736,29.920819525950442,70.59929985389154,90.59929985389154
USA,United States,2017,64876.51,16.68,29.2,74.7,27,-0.5,11.080240895727185,1.4881111459700676,2.8578042080320385,-0.24253562503633297,-0.6157504582974079,1.747516225708433,29.941426362964336,73.42262054380294,93.42262054380294
USA,United States,2017,64876.51,16.68,29.2,67.4,27,-0.5,11.080240895727185,1.4881111459700676,2.8578042080320385,-0.24253562503633297,-0.6157504582974079,1.297591403900125,29.96198269678334,68.32270658458333,88.32270658458333
USA,United States,2018,66342.0,16.82,29.1,66.8,27,0.5,11.102578459770458,1.507186377374136,2.900581621915139,0.24253562503633297,-0.629472426614836,1.2606112815597157,29.839471021180312,68.06404232484809,88.06404232484809
USA,United States,2018,66342.0,16.82,29.1,70.1,27,0.5,11.102578459770458,1.507186377374136,2.900581621915139,0.24253562503633297,-0.629472426614836,1.4640019544319642,29.865987436882705,70.36087391660301,90.36087391660301
USA,United States,2018,66342.0,16.82,29.1,74.0,27,0.5,11.102578459770458,1.507186377374136,2.900581621915139,0.24253562503633297,-0.629472426614836,1.7043727496446224,29.851556768914634,73.10343212518978,93.10343212518978
USA,United States,2018,66342.0,16.82,34.0,66.8,27,0.5,11.102578459770458,1.507186377374136,2.900581621915139,0.24253562503633297,0.042904020939159515,1.2606112815597157,33.263273511377655,68.16256809798409,88.16256809798409
USA,United States,2018,66342.0,16.82,34.0,70.1,27,0.5,11.102578459770458,1.507186377374136,2.900581621915139,0.24253562503633297,0.042904020939159515,1.4640019544319642,33.248661477161875,70.47847125458199,90.47847125458199
USA,United States,2018,66342.0,16.82,34.0,74.0,27,0.5,11.102578459770458,1.507186377374136,2.900581621915139,0.24253562503633297,0.042904020939159515,1.7043727496446224,33.25389080753549,73.20800780466402,93.20800780466402
USA,United States,2018,66342.0,16.82,31.6,66.8,27,0.5,11.102578459770458,1.507186377374136,2.900581621915139,0.24253562503633297,-0.28642321867912396,1.2606112815597157,31.590005688440986,68.12449915399007,88.12449915399007
USA,United States,2018,66342.0,16.82,31.6,70.1,27,0.5,11.102578459770458,1.507186377374136,2.900581621915139,0.24253562503633297,-0.28642321867912396,1.4640019544319642,31.581144687011015,70.42651882068274,90.42651882068274
USA,United States,2018,66342.0,16.82,31.6,74.0,27,0.5,11.102578459770458,1.507186377374136,2.900581621915139,0.24253562503633297,-0.28642321867912396,1.7043727496446224,31.58172051451756,73.16395007918796,93.16395007918796
USA,United States,2019,66403.22,16.85,34.1,73.3,27,1.5,11.103500828264634,1.507974036781946,2.909748210604375,0.7276068751089989,0.0566259892565882,1.6612292735808118,33.309100643572144,72.77451011212553,92.77451011212553
USA,United States,2019,66403.22,16.85,34.1,66.3,27,1.5,11.103500828264634,1.507974036781946,2.909748210604375,0.7276068751089989,0.0566259892565882,1.2297945129427084,33.33805241977136,67.91554848625202,87.91554848625202
USA,United States,2019,66403.22,16.85,34.1,69.5,27,1.5,11.103500828264634,1.507974036781946,2.909748210604375,0.7276068751089989,0.0566259892565882,1.4270218320915558,33.311418613968044,70.14568191654652,90.14568191654652
USA,United States,2019,66403.22,16.85,31.6,73.3,27,1.5,11.103500828264634,1.507974036781946,2.909748210604375,0.7276068751089989,-0.28642321867912396,1.6612292735808118,31.566973640678277,72.75579603698621,92.75579603698621
USA,United States,2019,66403.22,16.85,31.6,66.3,27,1.5,11.103500828264634,1.507974036781946,2.909748210604375,0.7276068751089989,-0.28642321867912396,1.2297945129427084,31.528322239234583,67.88337116330771,87.88337116330771
USA,United States,2019,66403.22,16.85,31.6,69.5,27,1.5,11.103500828264634,1.507974036781946,2.909748210604375,0.7276068751089989,-0.28642321867912396,1.4270218320915558,31.547390839340068,70.13050336362349,90.13050336362349
USA,United States,2019,66403.22,16.85,29.0,73.3,27,1.5,11.103500828264634,1.507974036781946,2.909748210604375,0.7276068751089989,-0.6431943949322648,1.6612292735808118,29.740131827649375,72.73682711636182,92.73682711636182
USA,United States,2019,66403.22,16.85,29.0,66.3,27,1.5,11.103500828264634,1.507974036781946,2.909748210604375,0.7276068751089989,-0.6431943949322648,1.2297945129427084,29.725349097959267,67.84568528852469,87.84568528852469
USA,United States,2019,66403.22,16.85,29.0,69.5,27,1.5,11.103500828264634,1.507974036781946,2.909748210604375,0.7276068751089989,-0.6431943949322648,1.4270218320915558,29.73057822010436,70.06417418243679,90.06417418243679
VNM,Viet Nam,2015,3707.98,5.57,25.6,26.8,28,-2.5,8.218242532927942,-0.9559011439421852,-0.5368891365482424,-1.212678125181665,-1.1097413177248332,-1.2047302078008755,26.925444695998358,27.277209311518316,47.27720931151832
VNM,Viet Nam,2015,3707.98,5.57,25.6,31.7,28,-2.5,8.218242532927942,-0.9559011439421852,-0.5368891365482424,-1.212678125181665,-1.1097413177248332,-0.9027258753542031,26.900633196276207,30.700182668022848,50.70018266802285
VNM,Viet Nam,2015,3707.98,5.57,25.6,22.9,28,-2.5,8.218242532927942,-0.9559011439421852,-0.5368891365482424,-1.212678125181665,-1.1097413177248332,-1.4451010030135332,26.903418353904627,24.508147031846523,44.50814703184652
VNM,Viet Nam,2015,3707.98,5.57,29.1,26.8,28,-2.5,8.218242532927942,-0.9559011439421852,-0.5368891365482424,-1.212678125181665,-0.629472426614836,-1.2047302078008755,29.32762773661414,27.322068300101407,47.32206830010141
VNM,Viet Nam,2015,3707.98,5.57,29.1,31.7,28,-2.5,8.218242532927942,-0.9559011439421852,-0.5368891365482424,-1.212678125181665,-0.629472426614836,-0.9027258753542031,29.353970714698146,30.749529247396588,50.74952924739659
VNM,Viet Nam,2015,3707.98,5.57,29.1,22.9,28,-2.5,8.218242532927942,-0.9559011439421852,-0.5368891365482424,-1.212678125181665,-0.629472426614836,-1.4451010030135332,29.359072072545104,24.604697755116437,44.60469775511643
VNM,Viet Nam,2015,3707.98,5.57,32.6,26.8,28,-2.5,8.218242532927942,-0.9559011439421852,-0.5368891365482424,-1.212678125181665,-0.14920353550483909,-1.2047302078008755,31.77758975299432,27.366862833450874,47.366862833450874
VNM,Viet Nam,2015,3707.98,5.57,32.6,31.7,28,-2.5,8.218242532927942,-0.9559011439421852,-0.5368891365482424,-1.212678125181665,-0.14920353550483909,-0.9027258753542031,31.80298633454189,30.818429171490543,50.81842917149054
VNM,Viet Nam,2015,3707.98,5.57,32.6,22.9,28,-2.5,8.218242532927942,-0.9559011439421852,-0.5368891365482424,-1.212678125181665,-0.14920353550483909,-1.4451010030135332,31.820604340919125,24.64054315955172,44.64054315955172
VNM,Viet Nam,2016,3593.77,5.44,32.6,32.3,28,-1.5,8.186957069747566,-0.9826174612896387,-0.5766110208682638,-0.7276068751089989,-0.14920353550483909,-0.8657457530137943,31.7943312158528,31.205971524445896,51.2059715244459
VNM,Viet Nam,2016,3593.77,5.44,32.6,27.5,28,-1.5,8.186957069747566,-0.9826174612896387,-0.5766110208682638,-0.7276068751089989,-0.14920353550483909,-1.1615867317370652,31.787681891481114,27.840034704772155,47.84003470477215
VNM,Viet Nam,2016,3593.77,5.44,32.6,23.7,28,-1.5,8.186957069747566,-0.9826174612896387,-0.5766110208682638,-0.7276068751089989,-0.14920353550483909,-1.3957941732263213,31.758021301573017,25.20796310366196,45.20796310366196
VNM,Viet Nam,2016,3593.77,5.44,25.8,32.3,28,-1.5,8.186957069747566,-0.9826174612896387,-0.5766110208682638,-0.7276068751089989,-1.0822973810899763,-0.8657457530137943,27.008720391468255,31.080652315023368,51.08065231502337
VNM,Viet Nam,2016,3593.77,5.44,25.8,27.5,28,-1.5,8.186957069747566,-0.9826174612896387,-0.5766110208682638,-0.7276068751089989,-1.0822973810899763,-1.1615867317370652,26.98625846109093,27.750236039290677,47.75023603929068
VNM,Viet Nam,2016,3593.77,5.44,25.8,23.7,28,-1.5,8.186957069747566,-0.9826174612896387,-0.5766110208682638,-0.7276068751089989,-1.0822973810899763,-1.3957941732263213,27.024731615957176,25.112062538837545,45.11206253883755
VNM,Viet Nam,2016,3593.77,5.44,29.2,32.3,28,-1.5,8.186957069747566,-0.9826174612896387,-0.5766110208682638,-0.7276068751089989,-0.6157504582974079,-0.8657457530137943,29.42828646661014,31.173422091971812,51.173422091971815
VNM,Viet Nam,2016,3593.77,5.44,29.2,27.5,28,-1.5,8.186957069747566,-0.9826174612896387,-0.5766110208682638,-0.7276068751089989,-0.6157504582974079,-1.1615867317370652,29.40443428155149,27.779824714963194,47.7798247149632
VNM,Viet Nam,2016,3593.77,5.44,29.2,23.7,28,-1.5,8.186957069747566,-0.9826174612896387,-0.5766110208682638,-0.7276068751089989,-0.6157504582974079,-1.3957941732263213,29.3734965481033,25.130316934805684,45.130316934805684
VNM,Viet Nam,2017,3606.17,5.47,32.7,28.2,28,-0.5,8.190401546301509,-0.9796760399598524,-0.5674444321790283,-0.24253562503633297,-0.13548156718741042,-1.1184432556732549,31.790409349233563,28.43722225778238,48.43722225778238
VNM,Viet Nam,2017,3606.17,5.47,32.7,24.5,28,-0.5,8.190401546301509,-0.9796760399598524,-0.5674444321790283,-0.24253562503633297,-0.13548156718741042,-1.3464873434391094,31.8096811569205,25.849032514556143,45.84903251455614
VNM,Viet Nam,2017,3606.17,5.47,32.7,32.9,28,-0.5,8.190401546301509,-0.9796760399598524,-0.5674444321790283,-0.24253562503633297,-0.13548156718741042,-0.8287656306733854,31.825030302965793,31.75257457652452,51.75257457652452
VNM,Viet Nam,2017,3606.17,5.47,26.0,28.2,28,-0.5,8.190401546301509,-0.9796760399598524,-0.5674444321790283,-0.24253562503633297,-1.0548534444551194,-1.1184432556732549,27.118712821245502,28.356091579501733,48.35609157950174
VNM,Viet Nam,2017,3606.17,5.47,26.0,24.5,28,-0.5,8.190401546301509,-0.9796760399598524,-0.5674444321790283,-0.24253562503633297,-1.0548534444551194,-1.3464873434391094,27.133452391135947,25.776221855391018,45.776221855391015
VNM,Viet Nam,2017,3606.17,5.47,26.0,32.9,28,-0.5,8.190401546301509,-0.9796760399598524,-0.5674444321790283,-0.24253562503633297,-1.0548534444551194,-0.8287656306733854,27.13200205790174,31.649261899857542,51.64926189985754
VNM,Viet Nam,2017,3606.17,5.47,29.4,28.2,28,-0.5,8.190401546301509,-0.9796760399598524,-0.5674444321790283,-0.24253562503633297,-0.588306521662551,-1.1184432556732549,29.506896388589933,28.378159599787875,48.37815959978788
VNM,Viet Nam,2017,3606.17,5.47,29.4,24.5,28,-0.5,8.190401546301509,-0.9796760399598524,-0.5674444321790283,-0.24253562503633297,-0.588306521662551,-1.3464873434391094,29.52461011049377,25.776718979268438,45.77671897926844
VNM,Viet Nam,2017,3606.17,5.47,29.4,32.9,28,-0.5,8.190401546301509,-0.9796760399598524,-0.5674444321790283,-0.24253562503633297,-0.588306521662551,-0.8287656306733854,29.508999786875346,31.693488795206953,51.69348879520695
VNM,Viet Nam,2018,3769.53,5.55,29.5,25.3,28,0.5,8.234705604235288,-0.9418424536480716,-0.5430001956743997,0.24253562503633297,-0.5745845533451224,-1.2971805136518977,29.533738081979234,26.581629445960353,46.58162944596035
VNM,Viet Nam,2018,3769.53,5.55,29.5,28.9,28,0.5,8.234705604235288,-0.9418424536480716,-0.5430001956743997,0.24253562503633297,-0.5745845533451224,-1.0752997796094446,29.5281046435497,29.115239486662745,49.115239486662745
VNM,Viet Nam,2018,3769.53,5.55,29.5,33.5,28,0.5,8.234705604235288,-0.9418424536480716,-0.5430001956743997,0.24253562503633297,-0.5745845533451224,-0.7917855083329765,29.522283489395573,32.3447014884569,52.3447014884569
VNM,Viet Nam,2018,3769.53,5.55,32.8,25.3,28,0.5,8.234705604235288,-0.9418424536480716,-0.5430001956743997,0.24253562503633297,-0.12175959886998271,-1.2971805136518977,31.828708120548722,26.664345076746518,46.664345076746514
VNM,Viet Nam,2018,3769.53,5.55,32.8,28.9,28,0.5,8.234705604235288,-0.9418424536480716,-0.5430001956743997,0.24253562503633297,-0.12175959886998271,-1.0752997796094446,31.830153485147594,29.19171000859038,49.19171000859038
VNM,Viet Nam,2018,3769.53,5.55,32.8,33.5,28,0.5,8.234705604235288,-0.9418424536480716,-0.5430001956743997,0.24253562503633297,-0.12175959886998271,-0.7917855083329765,31.8189198738557,32.380368381426685,52.380368381426685
VNM,Viet Nam,2018,3769.53,5.55,26.2,25.3,28,0.5,8.234705604235288,-0.9418424536480716,-0.5430001956743997,0.24253562503633297,-1.0274095078202625,-1.2971805136518977,27.213981842065753,26.51839671285943,46.51839671285943
VNM,Viet Nam,2018,3769.53,5.55,26.2,28.9,28,0.5,8.234705604235288,-0.9418424536480716,-0.5430001956743997,0.24253562503633297,-1.0274095078202625,-1.0752997796094446,27.21784445410298,29.057883250897827,49.05788325089783
VNM,Viet Nam,2018,3769.53,5.55,26.2,33.5,28,0.5,8.234705604235288,-0.9418424536480716,-0.5430001956743997,0.24253562503633297,-1.0274095078202625,-0.7917855083329765,27.19649943574005,32.29929196886654,52.29929196886654
VNM,Viet Nam,2019,3769.78,5.45,29.7,26.1,28,1.5,8.234771923301645,-0.9417858202777174,-0.5735554913051852,0.7276068751089989,-0.5471406167102655,-1.2478736838646858,29.6025315087565,27.22826210090061,47.22826210090061
VNM,Viet Nam,2019,3769.78,5.45,29.7,34.2,28,1.5,8.234771923301645,-0.9417858202777174,-0.5735554913051852,0.7276068751089989,-0.5471406167102655,-0.7486420322691659,29.649278792864695,32.89603409820996,52.89603409820996
VNM,Viet Nam,2019,3769.78,5.45,29.7,29.6,28,1.5,8.234771923301645,-0.9417858202777174,-0.5735554913051852,0.7276068751089989,-0.5471406167102655,-1.032156303545634,29.612869756606027,29.692814449369354,49.69281444936935
VNM,Viet Nam,2019,3769.78,5.45,32.9,26.1,28,1.5,8.234771923301645,-0.9417858202777174,-0.5735554913051852,0.7276068751089989,-0.10803763055255403,-1.2478736838646858,31.820153298210638,27.2732381156483,47.2732381156483
VNM,Viet Nam,2019,3769.78,5.45,32.9,34.2,28,1.5,8.234771923301645,-0.9417858202777174,-0.5735554913051852,0.7276068751089989,-0.10803763055255403,-0.7486420322691659,31.863770286759564,32.95856915114385,52.95856915114385
VNM,Viet Nam,2019,3769.78,5.45,32.9,29.6,28,1.5,8.234771923301645,-0.9417858202777174,-0.5735554913051852,0.7276068751089989,-0.10803763055255403,-1.032156303545634,31.85289819603118,29.714299680466524,49.714299680466524
VNM,Viet Nam,2019,3769.78,5.45,26.4,26.1,28,1.5,8.234771923301645,-0.9417858202777174,-0.5735554913051852,0.7276068751089989,-0.9999655711854056,-1.2478736838646858,27.287189346117934,27.190220726082146,47.190220726082146
VNM,Viet Nam,2019,3769.78,5.45,26.4,34.2,28,1.5,8.234771923301645,-0.9417858202777174,-0.5735554913051852,0.7276068751089989,-0.9999655711854056,-0.7486420322691659,27.29709756146173,32.84558882261471,52.84558882261471
VNM,Viet Nam,2019,3769.78,5.45,26.4,29.6,28,1.5,8.234771923301645,-0.9417858202777174,-0.5735554913051852,0.7276068751089989,-0.9999655711854056,-1.032156303545634,27.27299862375774,29.59857752926159,49.59857752926159
ZAF,South Africa,2015,6311.61,8.23,43.8,32.8,29,-2.5,8.750146073544567,-0.5016804821793326,0.27588172723065474,-1.212678125181665,1.3876569160471508,-0.834928984396787,43.90292614816106,35.96122378415714,55.96122378415714
ZAF,South Africa,2015,6311.61,8.23,43.8,42.6,29,-2.5,8.750146073544567,-0.5016804821793326,0.27588172723065474,-1.212678125181665,1.3876569160471508,-0.2309203195034418,43.847022200012574,42.815315094951806,62.815315094951806
ZAF,South Africa,2015,6311.61,8.23,43.8,51.0,29,-2.5,8.750146073544567,-0.5016804821793326,0.27588172723065474,-1.212678125181665,1.3876569160471508,0.28680139326228227,43.88730369364206,48.73515805672166,68.73515805672166
ZAF,South Africa,2015,6311.61,8.23,45.0,32.8,29,-2.5,8.750146073544567,-0.5016804821793326,0.27588172723065474,-1.212678125181665,1.552320535856293,-0.834928984396787,44.72413265969424,35.98731833243477,55.98731833243477
ZAF,South Africa,2015,6311.61,8.23,45.0,42.6,29,-2.5,8.750146073544567,-0.5016804821793326,0.27588172723065474,-1.212678125181665,1.552320535856293,-0.2309203195034418,44.73142650272638,42.84706946100033,62.84706946100033
ZAF,South Africa,2015,6311.61,8.23,45.0,51.0,29,-2.5,8.750146073544567,-0.5016804821793326,0.27588172723065474,-1.212678125181665,1.552320535856293,0.28680139326228227,44.73727072326875,48.72531730452573,68.72531730452573
ZAF,South Africa,2015,6311.61,8.23,45.9,32.8,29,-2.5,8.750146073544567,-0.5016804821793326,0.27588172723065474,-1.212678125181665,1.6758182507131492,-0.834928984396787,45.35083325650109,36.01119486955234,56.01119486955234
ZAF,South Africa,2015,6311.61,8.23,45.9,42.6,29,-2.5,8.750146073544567,-0.5016804821793326,0.27588172723065474,-1.212678125181665,1.6758182507131492,-0.2309203195034418,45.35407901163336,42.90482498124329,62.90482498124329
ZAF,South Africa,2015,6311.61,8.23,45.9,51.0,29,-2.5,8.750146073544567,-0.5016804821793326,0.27588172723065474,-1.212678125181665,1.6758182507131492,0.28680139326228227,45.346808807460924,48.74302482790586,68.74302482790586
ZAF,South Africa,2016,6246.11,8.19,43.8,52.0,29,-1.5,8.73971414895916,-0.510588856211117,0.26365960897834023,-0.7276068751089989,1.3876569160471508,0.3484349304962971,43.901303515429795,49.44770201469092,69.44770201469092
ZAF,South Africa,2016,6246.11,8.19,43.8,33.9,29,-1.5,8.73971414895916,-0.510588856211117,0.26365960897834023,-0.7276068751089989,1.3876569160471508,-0.7671320934393706,43.856875132728575,36.796656937874644,56.796656937874644
ZAF,South Africa,2016,6246.11,8.19,43.8,43.6,29,-1.5,8.73971414895916,-0.510588856211117,0.26365960897834023,-0.7276068751089989,1.3876569160471508,-0.16928678226942703,43.84768957674329,43.56843897567546,63.56843897567546
ZAF,South Africa,2016,6246.11,8.19,44.8,52.0,29,-1.5,8.73971414895916,-0.510588856211117,0.26365960897834023,-0.7276068751089989,1.5248765992214357,0.3484349304962971,44.527973728895056,49.47638784055756,69.47638784055755
ZAF,South Africa,2016,6246.11,8.19,44.8,33.9,29,-1.5,8.73971414895916,-0.510588856211117,0.26365960897834023,-0.7276068751089989,1.5248765992214357,-0.7671320934393706,44.56939898486082,36.81854299276498,56.81854299276498
ZAF,South Africa,2016,6246.11,8.19,44.8,43.6,29,-1.5,8.73971414895916,-0.510588856211117,0.26365960897834023,-0.7276068751089989,1.5248765992214357,-0.16928678226942703,44.54430841998491,43.59523734029484,63.59523734029484
ZAF,South Africa,2016,6246.11,8.19,45.5,52.0,29,-1.5,8.73971414895916,-0.510588856211117,0.26365960897834023,-0.7276068751089989,1.6209303774434354,0.3484349304962971,45.0540610458286,49.49747037768194,69.49747037768194
ZAF,South Africa,2016,6246.11,8.19,45.5,33.9,29,-1.5,8.73971414895916,-0.510588856211117,0.26365960897834023,-0.7276068751089989,1.6209303774434354,-0.7671320934393706,45.05116592177969,36.83679274503849,56.83679274503849
ZAF,South Africa,2016,6246.11,8.19,45.5,43.6,29,-1.5,8.73971414895916,-0.510588856211117,0.26365960897834023,-0.7276068751089989,1.6209303774434354,-0.16928678226942703,45.043268243959,43.626963872544,63.626963872544
ZAF,South Africa,2017,6230.1,8.29,45.1,52.9,29,-0.5,8.737147663017042,-0.5127805147619938,0.2942149046091257,-0.24253562503633297,1.5660425041737216,0.4039051140069103,44.74669226572643,50.232747379890654,70.23274737989065
ZAF,South Africa,2017,6230.1,8.29,45.1,44.6,29,-0.5,8.737147663017042,-0.5127805147619938,0.2942149046091257,-0.24253562503633297,1.5660425041737216,-0.10765324503541224,44.73124428304183,44.40599294019819,64.40599294019819
ZAF,South Africa,2017,6230.1,8.29,45.1,35.0,29,-0.5,8.737147663017042,-0.5127805147619938,0.2942149046091257,-0.24253562503633297,1.5660425041737216,-0.6993352024819542,44.73847152907938,37.66840779617771,57.66840779617771
ZAF,South Africa,2017,6230.1,8.29,44.6,52.9,29,-0.5,8.737147663017042,-0.5127805147619938,0.2942149046091257,-0.24253562503633297,1.4974326625865793,0.4039051140069103,44.38761217940442,50.23271665372784,70.23271665372783
ZAF,South Africa,2017,6230.1,8.29,44.6,44.6,29,-0.5,8.737147663017042,-0.5127805147619938,0.2942149046091257,-0.24253562503633297,1.4974326625865793,-0.10765324503541224,44.3935617185745,44.434067878253785,64.43406787825379
ZAF,South Africa,2017,6230.1,8.29,44.6,35.0,29,-0.5,8.737147663017042,-0.5127805147619938,0.2942149046091257,-0.24253562503633297,1.4974326625865793,-0.6993352024819542,44.39441628790161,37.67787152703183,57.67787152703183
ZAF,South Africa,2017,6230.1,8.29,43.8,52.9,29,-0.5,8.737147663017042,-0.5127805147619938,0.2942149046091257,-0.24253562503633297,1.3876569160471508,0.4039051140069103,43.83458334778213,50.22410290671181,70.2241029067118
ZAF,South Africa,2017,6230.1,8.29,43.8,44.6,29,-0.5,8.737147663017042,-0.5127805147619938,0.2942149046091257,-0.24253562503633297,1.3876569160471508,-0.10765324503541224,43.81222380629307,44.4037599334565,64.4037599334565
ZAF,South Africa,2017,6230.1,8.29,43.8,35.0,29,-0.5,8.737147663017042,-0.5127805147619938,0.2942149046091257,-0.24253562503633297,1.3876569160471508,-0.6993352024819542,43.820343082857825,37.70233298942111,57.70233298942111
ZAF,South Africa,2018,6464.25,8.47,44.4,53.8,29,0.5,8.774042275195619,-0.48127424740417696,0.3492144367445403,0.24253562503633297,1.469988725951722,0.4593752975175235,44.18755948228048,51.0862110202076,71.0862110202076
ZAF,South Africa,2018,6464.25,8.47,44.4,45.6,29,0.5,8.774042275195619,-0.48127424740417696,0.3492144367445403,0.24253562503633297,1.469988725951722,-0.046019707801397455,44.185964062846715,45.3387534148881,65.3387534148881
ZAF,South Africa,2018,6464.25,8.47,44.4,36.1,29,0.5,8.774042275195619,-0.48127424740417696,0.3492144367445403,0.24253562503633297,1.469988725951722,-0.6315383115245379,44.201932840337385,38.69202372917001,58.69202372917001
ZAF,South Africa,2018,6464.25,8.47,43.8,53.8,29,0.5,8.774042275195619,-0.48127424740417696,0.3492144367445403,0.24253562503633297,1.3876569160471508,0.4593752975175235,43.80986476392244,51.12418892813591,71.12418892813591
ZAF,South Africa,2018,6464.25,8.47,43.8,45.6,29,0.5,8.774042275195619,-0.48127424740417696,0.3492144367445403,0.24253562503633297,1.3876569160471508,-0.046019707801397455,43.791247572850395,45.35197949441624,65.35197949441624
ZAF,South Africa,2018,6464.25,8.47,43.8,36.1,29,0.5,8.774042275195619,-0.48127424740417696,0.3492144367445403,0.24253562503633297,1.3876569160471508,-0.6315383115245379,43.80667014225141,38.678702819167285,58.678702819167285
ZAF,South Africa,2018,6464.25,8.47,44.7,53.8,29,0.5,8.774042275195619,-0.48127424740417696,0.3492144367445403,0.24253562503633297,1.5111546309040078,0.4593752975175235,44.422233589294436,51.09594755796993,71.09594755796994
ZAF,South Africa,2018,6464.25,8.47,44.7,45.6,29,0.5,8.774042275195619,-0.48127424740417696,0.3492144367445403,0.24253562503633297,1.5111546309040078,-0.046019707801397455,44.4186205278997,45.36839400777169,65.36839400777168
ZAF,South Africa,2018,6464.25,8.47,44.7,36.1,29,0.5,8.774042275195619,-0.48127424740417696,0.3492144367445403,0.24253562503633297,1.5111546309040078,-0.6315383115245379,44.410868587398284,38.72527668677046,58.72527668677046
ZAF,South Africa,2019,6209.85,8.37,43.8,37.2,29,1.5,8.733892020046426,-0.5155606810734696,0.3186591411137542,0.7276068751089989,1.3876569160471508,-0.5637414205671215,43.76571257786216,39.42569937242263,59.42569937242263
ZAF,South Africa,2019,6209.85,8.37,43.8,54.7,29,1.5,8.733892020046426,-0.5155606810734696,0.3186591411137542,0.7276068751089989,1.3876569160471508,0.5148454810281372,43.74559364109019,51.68991049943821,71.68991049943821
ZAF,South Africa,2019,6209.85,8.37,43.8,46.5,29,1.5,8.733892020046426,-0.5155606810734696,0.3186591411137542,0.7276068751089989,1.3876569160471508,0.009450475709215764,43.74730929852418,45.93717051839095,65.93717051839096
ZAF,South Africa,2019,6209.85,8.37,44.1,37.2,29,1.5,8.733892020046426,-0.5155606810734696,0.3186591411137542,0.7276068751089989,1.4288228209994367,-0.5637414205671215,43.9659108944103,39.439376071641824,59.439376071641824
ZAF,South Africa,2019,6209.85,8.37,44.1,54.7,29,1.5,8.733892020046426,-0.5155606810734696,0.3186591411137542,0.7276068751089989,1.4288228209994367,0.5148454810281372,43.98269351628171,51.67190654815507,71.67190654815508
ZAF,South Africa,2019,6209.85,8.37,44.1,46.5,29,1.5,8.733892020046426,-0.5155606810734696,0.3186591411137542,0.7276068751089989,1.4288228209994367,0.009450475709215764,43.97912045974263,45.93754366065259,65.93754366065258
ZAF,South Africa,2019,6209.85,8.37,44.3,37.2,29,1.5,8.733892020046426,-0.5155606810734696,0.3186591411137542,0.7276068751089989,1.4562667576342931,-0.5637414205671215,44.13482361051065,39.430878163300406,59.430878163300406
ZAF,South Africa,2019,6209.85,8.37,44.3,54.7,29,1.5,8.733892020046426,-0.5155606810734696,0.3186591411137542,0.7276068751089989,1.4562667576342931,0.5148454810281372,44.12847668141219,51.6866538774065,71.6866538774065
ZAF,South Africa,2019,6209.85,8.37,44.3,46.5,29,1.5,8.733892020046426,-0.5155606810734696,0.3186591411137542,0.7276068751089989,1.4562667576342931,0.009450475709215764,44.10890666255948,45.950380847279995,65.95038084728
