iso3c,country,year,gdp_pc_current_usd,health_exp_pct_gdp,htn_prevalence_pct,htn_treatment_pct,country_id,year_c,log_gdp,log_gdp_z,health_exp_z,year_z,htn_prev_z,htn_treat_z
ARG,Argentina,2015,10315.86,9.49,45.9,49.9,0,-2.5,9.241437795757538,-0.08214040744418769,0.6608784521785533,-1.212678125181665,1.6758182507131492,0.21900450230486593
ARG,Argentina,2015,10315.86,9.49,45.9,41.8,0,-2.5,9.241437795757538,-0.08214040744418769,0.6608784521785533,-1.212678125181665,1.6758182507131492,-0.2802271492906539
ARG,Argentina,2015,10315.86,9.49,45.9,35.0,0,-2.5,9.241437795757538,-0.08214040744418769,0.6608784521785533,-1.212678125181665,1.6758182507131492,-0.6993352024819542
ARG,Argentina,2015,10315.86,9.49,51.7,49.9,0,-2.5,9.241437795757538,-0.08214040744418769,0.6608784521785533,-1.212678125181665,2.471692413124002,0.21900450230486593
ARG,Argentina,2015,10315.86,9.49,51.7,41.8,0,-2.5,9.241437795757538,-0.08214040744418769,0.6608784521785533,-1.212678125181665,2.471692413124002,-0.2802271492906539
ARG,Argentina,2015,10315.86,9.49,51.7,35.0,0,-2.5,9.241437795757538,-0.08214040744418769,0.6608784521785533,-1.212678125181665,2.471692413124002,-0.6993352024819542
ARG,Argentina,2015,10315.86,9.49,40.4,49.9,0,-2.5,9.241437795757538,-0.08214040744418769,0.6608784521785533,-1.212678125181665,0.9211099932545824,0.21900450230486593
ARG,Argentina,2015,10315.86,9.49,40.4,41.8,0,-2.5,9.241437795757538,-0.08214040744418769,0.6608784521785533,-1.212678125181665,0.9211099932545824,-0.2802271492906539
ARG,Argentina,2015,10315.86,9.49,40.4,35.0,0,-2.5,9.241437795757538,-0.08214040744418769,0.6608784521785533,-1.212678125181665,0.9211099932545824,-0.6993352024819542
ARG,Argentina,2016,10165.88,9.37,40.6,49.5,0,-1.5,9.226792293884454,-0.09464697873891745,0.6242120974216103,-0.7276068751089989,0.9485539298894398,0.19435108741126012
ARG,Argentina,2016,10165.88,9.37,40.6,41.7,0,-1.5,9.226792293884454,-0.09464697873891745,0.6242120974216103,-0.7276068751089989,0.9485539298894398,-0.286390503014055
ARG,Argentina,2016,10165.88,9.37,40.6,35.1,0,-1.5,9.226792293884454,-0.09464697873891745,0.6242120974216103,-0.7276068751089989,0.9485539298894398,-0.6931718487585526
ARG,Argentina,2016,10165.88,9.37,46.3,49.5,0,-1.5,9.226792293884454,-0.09464697873891745,0.6242120974216103,-0.7276068751089989,1.730706123982863,0.19435108741126012
ARG,Argentina,2016,10165.88,9.37,46.3,41.7,0,-1.5,9.226792293884454,-0.09464697873891745,0.6242120974216103,-0.7276068751089989,1.730706123982863,-0.286390503014055
ARG,Argentina,2016,10165.88,9.37,46.3,35.1,0,-1.5,9.226792293884454,-0.09464697873891745,0.6242120974216103,-0.7276068751089989,1.730706123982863,-0.6931718487585526
ARG,Argentina,2016,10165.88,9.37,52.3,49.5,0,-1.5,9.226792293884454,-0.09464697873891745,0.6242120974216103,-0.7276068751089989,2.554024223028572,0.19435108741126012
ARG,Argentina,2016,10165.88,9.37,52.3,41.7,0,-1.5,9.226792293884454,-0.09464697873891745,0.6242120974216103,-0.7276068751089989,2.554024223028572,-0.286390503014055
ARG,Argentina,2016,10165.88,9.37,52.3,35.1,0,-1.5,9.226792293884454,-0.09464697873891745,0.6242120974216103,-0.7276068751089989,2.554024223028572,-0.6931718487585526
ARG,Argentina,2017,11017.14,9.4,46.7,41.5,0,-0.5,9.30720752089298,-0.025976148713460972,0.6333786861108464,-0.24253562503633297,1.7855939972525776,-0.29871721046085814
ARG,Argentina,2017,11017.14,9.4,46.7,35.2,0,-0.5,9.30720752089298,-0.025976148713460972,0.6333786861108464,-0.24253562503633297,1.7855939972525776,-0.6870084950351512
ARG,Argentina,2017,11017.14,9.4,46.7,49.1,0,-0.5,9.30720752089298,-0.025976148713460972,0.6333786861108464,-0.24253562503633297,1.7855939972525776,0.16969767251765427
ARG,Argentina,2017,11017.14,9.4,52.8,41.5,0,-0.5,9.30720752089298,-0.025976148713460972,0.6333786861108464,-0.24253562503633297,2.6226340646157147,-0.29871721046085814
ARG,Argentina,2017,11017.14,9.4,52.8,35.2,0,-0.5,9.30720752089298,-0.025976148713460972,0.6333786861108464,-0.24253562503633297,2.6226340646157147,-0.6870084950351512
ARG,Argentina,2017,11017.14,9.4,52.8,49.1,0,-0.5,9.30720752089298,-0.025976148713460972,0.6333786861108464,-0.24253562503633297,2.6226340646157147,0.16969767251765427
ARG,Argentina,2017,11017.14,9.4,40.8,41.5,0,-0.5,9.30720752089298,-0.025976148713460972,0.6333786861108464,-0.24253562503633297,0.9759978665242962,-0.29871721046085814
ARG,Argentina,2017,11017.14,9.4,40.8,35.2,0,-0.5,9.30720752089298,-0.025976148713460972,0.6333786861108464,-0.24253562503633297,0.9759978665242962,-0.6870084950351512
ARG,Argentina,2017,11017.14,9.4,40.8,49.1,0,-0.5,9.30720752089298,-0.025976148713460972,0.6333786861108464,-0.24253562503633297,0.9759978665242962,0.16969767251765427
ARG,Argentina,2018,10374.68,9.71,53.4,41.3,0,0.5,9.247123501249739,-0.0772850817806991,0.7281001025662819,0.24253562503633297,2.7049658745202856,-0.3110439179076613
ARG,Argentina,2018,10374.68,9.71,53.4,35.2,0,0.5,9.247123501249739,-0.0772850817806991,0.7281001025662819,0.24253562503633297,2.7049658745202856,-0.6870084950351512
ARG,Argentina,2018,10374.68,9.71,53.4,48.6,0,0.5,9.247123501249739,-0.0772850817806991,0.7281001025662819,0.24253562503633297,2.7049658745202856,0.1388809039006469
ARG,Argentina,2018,10374.68,9.71,41.0,41.3,0,0.5,9.247123501249739,-0.0772850817806991,0.7281001025662819,0.24253562503633297,1.0034418031591534,-0.3110439179076613
ARG,Argentina,2018,10374.68,9.71,41.0,35.2,0,0.5,9.247123501249739,-0.0772850817806991,0.7281001025662819,0.24253562503633297,1.0034418031591534,-0.6870084950351512
ARG,Argentina,2018,10374.68,9.71,41.0,48.6,0,0.5,9.247123501249739,-0.0772850817806991,0.7281001025662819,0.24253562503633297,1.0034418031591534,0.1388809039006469
ARG,Argentina,2018,10374.68,9.71,47.1,41.3,0,0.5,9.247123501249739,-0.0772850817806991,0.7281001025662819,0.24253562503633297,1.8404818705222914,-0.3110439179076613
ARG,Argentina,2018,10374.68,9.71,47.1,35.2,0,0.5,9.247123501249739,-0.0772850817806991,0.7281001025662819,0.24253562503633297,1.8404818705222914,-0.6870084950351512
ARG,Argentina,2018,10374.68,9.71,47.1,48.6,0,0.5,9.247123501249739,-0.0772850817806991,0.7281001025662819,0.24253562503633297,1.8404818705222914,0.1388809039006469
ARG,Argentina,2019,11250.06,9.43,54.0,48.1,0,1.5,9.328128740951676,-0.008110408604021664,0.6425452748000818,0.7276068751089989,2.7872976844248565,0.1080641352836395
ARG,Argentina,2019,11250.06,9.43,54.0,41.0,0,1.5,9.328128740951676,-0.008110408604021664,0.6425452748000818,0.7276068751089989,2.7872976844248565,-0.3295339790778655
ARG,Argentina,2019,11250.06,9.43,54.0,35.3,0,1.5,9.328128740951676,-0.008110408604021664,0.6425452748000818,0.7276068751089989,2.7872976844248565,-0.68084514131175
ARG,Argentina,2019,11250.06,9.43,47.5,48.1,0,1.5,9.328128740951676,-0.008110408604021664,0.6425452748000818,0.7276068751089989,1.8953697437920052,0.1080641352836395
ARG,Argentina,2019,11250.06,9.43,47.5,41.0,0,1.5,9.328128740951676,-0.008110408604021664,0.6425452748000818,0.7276068751089989,1.8953697437920052,-0.3295339790778655
ARG,Argentina,2019,11250.06,9.43,47.5,35.3,0,1.5,9.328128740951676,-0.008110408604021664,0.6425452748000818,0.7276068751089989,1.8953697437920052,-0.68084514131175
ARG,Argentina,2019,11250.06,9.43,41.2,48.1,0,1.5,9.328128740951676,-0.008110408604021664,0.6425452748000818,0.7276068751089989,1.030885739794011,0.1080641352836395
ARG,Argentina,2019,11250.06,9.43,41.2,41.0,0,1.5,9.328128740951676,-0.008110408604021664,0.6425452748000818,0.7276068751089989,1.030885739794011,-0.3295339790778655
ARG,Argentina,2019,11250.06,9.43,41.2,35.3,0,1.5,9.328128740951676,-0.008110408604021664,0.6425452748000818,0.7276068751089989,1.030885739794011,-0.68084514131175
ARG,Argentina,2020,10597.67,9.59,,,0,2.5,9.268389444617355,-0.05912496414310609,0.6914337478093389,1.212678125181665,,
ARG,Argentina,2021,11073.03,9.47,,,0,3.5,9.312267700987313,-0.02165499238420916,0.6547673930523964,1.697749375254331,,
ARG,Argentina,2022,10693.49,9.65,,,0,4.5,9.277390424077836,-0.051438550094585346,0.7097669251878104,2.182820625326997,,
ARG,Argentina,2023,10871.3,9.55,,,0,5.5,9.293881568180508,-0.03735588695070359,0.6792116295570249,2.6678918753996625,,
ARG,Argentina,2024,10786.9,9.46,,,0,6.5,9.286087713914362,-0.04401147273294478,0.6517118634893179,3.1529631254723287,,
AUS,Australia,2015,53874.15,9.42,26.2,55.7,1,-2.5,10.894406050019406,1.3294169088568304,0.6394897452370033,-1.212678125181665,-1.0274095078202625,0.576479018262152
AUS,Australia,2015,53874.15,9.42,26.2,48.4,1,-2.5,10.894406050019406,1.3294169088568304,0.6394897452370033,-1.212678125181665,-1.0274095078202625,0.12655419645384378
AUS,Australia,2015,53874.15,9.42,26.2,51.7,1,-2.5,10.894406050019406,1.3294169088568304,0.6394897452370033,-1.212678125181665,-1.0274095078202625,0.3299448693260928
AUS,Australia,2015,53874.15,9.42,32.4,55.7,1,-2.5,10.894406050019406,1.3294169088568304,0.6394897452370033,-1.212678125181665,-0.17664747213969645,0.576479018262152
AUS,Australia,2015,53874.15,9.42,32.4,48.4,1,-2.5,10.894406050019406,1.3294169088568304,0.6394897452370033,-1.212678125181665,-0.17664747213969645,0.12655419645384378
AUS,Australia,2015,53874.15,9.42,32.4,51.7,1,-2.5,10.894406050019406,1.3294169088568304,0.6394897452370033,-1.212678125181665,-0.17664747213969645,0.3299448693260928
AUS,Australia,2015,53874.15,9.42,29.3,55.7,1,-2.5,10.894406050019406,1.3294169088568304,0.6394897452370033,-1.212678125181665,-0.6020284899799793,0.576479018262152
AUS,Australia,2015,53874.15,9.42,29.3,48.4,1,-2.5,10.894406050019406,1.3294169088568304,0.6394897452370033,-1.212678125181665,-0.6020284899799793,0.12655419645384378
AUS,Australia,2015,53874.15,9.42,29.3,51.7,1,-2.5,10.894406050019406,1.3294169088568304,0.6394897452370033,-1.212678125181665,-0.6020284899799793,0.3299448693260928
AUS,Australia,2016,55425.33,9.54,26.2,54.3,1,-1.5,10.922791988458668,1.353657168148382,0.6761560999939458,-0.7276068751089989,-1.0274095078202625,0.4901920661345309
AUS,Australia,2016,55425.33,9.54,26.2,50.9,1,-1.5,10.922791988458668,1.353657168148382,0.6761560999939458,-0.7276068751089989,-1.0274095078202625,0.2806380395388807
AUS,Australia,2016,55425.33,9.54,26.2,48.1,1,-1.5,10.922791988458668,1.353657168148382,0.6761560999939458,-0.7276068751089989,-1.0274095078202625,0.1080641352836395
AUS,Australia,2016,55425.33,9.54,32.4,54.3,1,-1.5,10.922791988458668,1.353657168148382,0.6761560999939458,-0.7276068751089989,-0.17664747213969645,0.4901920661345309
AUS,Australia,2016,55425.33,9.54,32.4,50.9,1,-1.5,10.922791988458668,1.353657168148382,0.6761560999939458,-0.7276068751089989,-0.17664747213969645,0.2806380395388807
AUS,Australia,2016,55425.33,9.54,32.4,48.1,1,-1.5,10.922791988458668,1.353657168148382,0.6761560999939458,-0.7276068751089989,-0.17664747213969645,0.1080641352836395
AUS,Australia,2016,55425.33,9.54,29.3,54.3,1,-1.5,10.922791988458668,1.353657168148382,0.6761560999939458,-0.7276068751089989,-0.6020284899799793,0.4901920661345309
AUS,Australia,2016,55425.33,9.54,29.3,50.9,1,-1.5,10.922791988458668,1.353657168148382,0.6761560999939458,-0.7276068751089989,-0.6020284899799793,0.2806380395388807
AUS,Australia,2016,55425.33,9.54,29.3,48.1,1,-1.5,10.922791988458668,1.353657168148382,0.6761560999939458,-0.7276068751089989,-0.6020284899799793,0.1080641352836395
AUS,Australia,2017,56285.29,9.45,26.2,52.7,1,-0.5,10.93818850112528,1.366805067416286,0.6486563339262388,-0.24253562503633297,-1.0274095078202625,0.3915784065601076
AUS,Australia,2017,56285.29,9.45,26.2,49.9,1,-0.5,10.93818850112528,1.366805067416286,0.6486563339262388,-0.24253562503633297,-1.0274095078202625,0.21900450230486593
AUS,Australia,2017,56285.29,9.45,26.2,47.6,1,-0.5,10.93818850112528,1.366805067416286,0.6486563339262388,-0.24253562503633297,-1.0274095078202625,0.07724736666663211
AUS,Australia,2017,56285.29,9.45,29.2,52.7,1,-0.5,10.93818850112528,1.366805067416286,0.6486563339262388,-0.24253562503633297,-0.6157504582974079,0.3915784065601076
AUS,Australia,2017,56285.29,9.45,29.2,49.9,1,-0.5,10.93818850112528,1.366805067416286,0.6486563339262388,-0.24253562503633297,-0.6157504582974079,0.21900450230486593
AUS,Australia,2017,56285.29,9.45,29.2,47.6,1,-0.5,10.93818850112528,1.366805067416286,0.6486563339262388,-0.24253562503633297,-0.6157504582974079,0.07724736666663211
AUS,Australia,2017,56285.29,9.45,32.3,52.7,1,-0.5,10.93818850112528,1.366805067416286,0.6486563339262388,-0.24253562503633297,-0.19036944045712514,0.3915784065601076
AUS,Australia,2017,56285.29,9.45,32.3,49.9,1,-0.5,10.93818850112528,1.366805067416286,0.6486563339262388,-0.24253562503633297,-0.19036944045712514,0.21900450230486593
AUS,Australia,2017,56285.29,9.45,32.3,47.6,1,-0.5,10.93818850112528,1.366805067416286,0.6486563339262388,-0.24253562503633297,-0.19036944045712514,0.07724736666663211
AUS,Australia,2018,57159.63,9.32,32.3,47.2,1,0.5,10.953603158964771,1.3799684618102859,0.6089344496062178,0.24253562503633297,-0.19036944045712514,0.05259395177302629
AUS,Australia,2018,57159.63,9.32,32.3,48.9,1,0.5,10.953603158964771,1.3799684618102859,0.6089344496062178,0.24253562503633297,-0.19036944045712514,0.15737096507085116
AUS,Australia,2018,57159.63,9.32,32.3,51.1,1,0.5,10.953603158964771,1.3799684618102859,0.6089344496062178,0.24253562503633297,-0.19036944045712514,0.29296474698568387
AUS,Australia,2018,57159.63,9.32,29.2,47.2,1,0.5,10.953603158964771,1.3799684618102859,0.6089344496062178,0.24253562503633297,-0.6157504582974079,0.05259395177302629
AUS,Australia,2018,57159.63,9.32,29.2,48.9,1,0.5,10.953603158964771,1.3799684618102859,0.6089344496062178,0.24253562503633297,-0.6157504582974079,0.15737096507085116
AUS,Australia,2018,57159.63,9.32,29.2,51.1,1,0.5,10.953603158964771,1.3799684618102859,0.6089344496062178,0.24253562503633297,-0.6157504582974079,0.29296474698568387
AUS,Australia,2018,57159.63,9.32,26.3,47.2,1,0.5,10.953603158964771,1.3799684618102859,0.6089344496062178,0.24253562503633297,-1.0136875395028337,0.05259395177302629
AUS,Australia,2018,57159.63,9.32,26.3,48.9,1,0.5,10.953603158964771,1.3799684618102859,0.6089344496062178,0.24253562503633297,-1.0136875395028337,0.15737096507085116
AUS,Australia,2018,57159.63,9.32,26.3,51.1,1,0.5,10.953603158964771,1.3799684618102859,0.6089344496062178,0.24253562503633297,-1.0136875395028337,0.29296474698568387
AUS,Australia,2019,55029.61,9.35,32.3,46.7,1,1.5,10.91562668298526,1.3475383335377102,0.6181010382954533,0.7276068751089989,-0.19036944045712514,0.021777183156018894
AUS,Australia,2019,55029.61,9.35,32.3,48.0,1,1.5,10.91562668298526,1.3475383335377102,0.6181010382954533,0.7276068751089989,-0.19036944045712514,0.10190078156023794
AUS,Australia,2019,55029.61,9.35,32.3,49.5,1,1.5,10.91562668298526,1.3475383335377102,0.6181010382954533,0.7276068751089989,-0.19036944045712514,0.19435108741126012
AUS,Australia,2019,55029.61,9.35,29.3,46.7,1,1.5,10.91562668298526,1.3475383335377102,0.6181010382954533,0.7276068751089989,-0.6020284899799793,0.021777183156018894
AUS,Australia,2019,55029.61,9.35,29.3,48.0,1,1.5,10.91562668298526,1.3475383335377102,0.6181010382954533,0.7276068751089989,-0.6020284899799793,0.10190078156023794
AUS,Australia,2019,55029.61,9.35,29.3,49.5,1,1.5,10.91562668298526,1.3475383335377102,0.6181010382954533,0.7276068751089989,-0.6020284899799793,0.19435108741126012
AUS,Australia,2019,55029.61,9.35,26.3,46.7,1,1.5,10.91562668298526,1.3475383335377102,0.6181010382954533,0.7276068751089989,-1.0136875395028337,0.021777183156018894
AUS,Australia,2019,55029.61,9.35,26.3,48.0,1,1.5,10.91562668298526,1.3475383335377102,0.6181010382954533,0.7276068751089989,-1.0136875395028337,0.10190078156023794
AUS,Australia,2019,55029.61,9.35,26.3,49.5,1,1.5,10.91562668298526,1.3475383335377102,0.6181010382954533,0.7276068751089989,-1.0136875395028337,0.19435108741126012
AUS,Australia,2020,55487.88,9.32,,,1,2.5,10.923919897508117,1.3546203495444964,0.6089344496062178,1.212678125181665,,
AUS,Australia,2021,56798.67,9.44,,,1,3.5,10.947268188942138,1.3745586947074147,0.6456008043631604,1.697749375254331,,
AUS,Australia,2022,54665.45,9.38,,,1,4.5,10.908987161792995,1.3418684940283823,0.6272676269846893,2.182820625326997,,
AUS,Australia,2023,56811.53,9.56,,,1,5.5,10.947494577066706,1.3747520195415333,0.6822671591201034,2.6678918753996625,,
AUS,Australia,2024,58846.4,9.77,,,1,6.5,10.982685938344924,1.4048037905630173,0.7464332799447528,3.1529631254723287,,
BGD,Bangladesh,2015,2379.5,2.47,23.7,37.6,2,-2.5,7.774645660561165,-1.3347120552002387,-1.4841033011025966,-1.212678125181665,-1.3704587157559747,-0.5390880056735157
BGD,Bangladesh,2015,2379.5,2.47,23.7,41.3,2,-2.5,7.774645660561165,-1.3347120552002387,-1.4841033011025966,-1.212678125181665,-1.3704587157559747,-0.3110439179076613
BGD,Bangladesh,2015,2379.5,2.47,23.7,32.9,2,-2.5,7.774645660561165,-1.3347120552002387,-1.4841033011025966,-1.212678125181665,-1.3704587157559747,-0.8287656306733854
BGD,Bangladesh,2015,2379.5,2.47,28.0,37.6,2,-2.5,7.774645660561165,-1.3347120552002387,-1.4841033011025966,-1.212678125181665,-0.7804140781065496,-0.5390880056735157
BGD,Bangladesh,2015,2379.5,2.47,28.0,41.3,2,-2.5,7.774645660561165,-1.3347120552002387,-1.4841033011025966,-1.212678125181665,-0.7804140781065496,-0.3110439179076613
BGD,Bangladesh,2015,2379.5,2.47,28.0,32.9,2,-2.5,7.774645660561165,-1.3347120552002387,-1.4841033011025966,-1.212678125181665,-0.7804140781065496,-0.8287656306733854
BGD,Bangladesh,2015,2379.5,2.47,32.6,37.6,2,-2.5,7.774645660561165,-1.3347120552002387,-1.4841033011025966,-1.212678125181665,-0.14920353550483909,-0.5390880056735157
BGD,Bangladesh,2015,2379.5,2.47,32.6,41.3,2,-2.5,7.774645660561165,-1.3347120552002387,-1.4841033011025966,-1.212678125181665,-0.14920353550483909,-0.3110439179076613
BGD,Bangladesh,2015,2379.5,2.47,32.6,32.9,2,-2.5,7.774645660561165,-1.3347120552002387,-1.4841033011025966,-1.212678125181665,-0.14920353550483909,-0.8287656306733854
BGD,Bangladesh,2016,2493.64,2.48,28.2,41.4,2,-1.5,7.821498769389597,-1.2947016990499,-1.481047771539518,-0.7276068751089989,-0.7529701414716927,-0.30488056418425974
BGD,Bangladesh,2016,2493.64,2.48,28.2,33.2,2,-1.5,7.821498769389597,-1.2947016990499,-1.481047771539518,-0.7276068751089989,-0.7529701414716927,-0.8102755695031807
BGD,Bangladesh,2016,2493.64,2.48,28.2,37.9,2,-1.5,7.821498769389597,-1.2947016990499,-1.481047771539518,-0.7276068751089989,-0.7529701414716927,-0.5205979445033114
BGD,Bangladesh,2016,2493.64,2.48,23.6,41.4,2,-1.5,7.821498769389597,-1.2947016990499,-1.481047771539518,-0.7276068751089989,-1.3841806840734028,-0.30488056418425974
BGD,Bangladesh,2016,2493.64,2.48,23.6,33.2,2,-1.5,7.821498769389597,-1.2947016990499,-1.481047771539518,-0.7276068751089989,-1.3841806840734028,-0.8102755695031807
BGD,Bangladesh,2016,2493.64,2.48,23.6,37.9,2,-1.5,7.821498769389597,-1.2947016990499,-1.481047771539518,-0.7276068751089989,-1.3841806840734028,-0.5205979445033114
BGD,Bangladesh,2016,2493.64,2.48,32.9,41.4,2,-1.5,7.821498769389597,-1.2947016990499,-1.481047771539518,-0.7276068751089989,-0.10803763055255403,-0.30488056418425974
BGD,Bangladesh,2016,2493.64,2.48,32.9,33.2,2,-1.5,7.821498769389597,-1.2947016990499,-1.481047771539518,-0.7276068751089989,-0.10803763055255403,-0.8102755695031807
BGD,Bangladesh,2016,2493.64,2.48,32.9,37.9,2,-1.5,7.821498769389597,-1.2947016990499,-1.481047771539518,-0.7276068751089989,-0.10803763055255403,-0.5205979445033114
BGD,Bangladesh,2017,2552.39,2.56,28.4,41.5,2,-0.5,7.844785454105307,-1.2748159631332516,-1.4566035350348896,-0.24253562503633297,-0.7255262048368358,-0.29871721046085814
BGD,Bangladesh,2017,2552.39,2.56,28.4,33.5,2,-0.5,7.844785454105307,-1.2748159631332516,-1.4566035350348896,-0.24253562503633297,-0.7255262048368358,-0.7917855083329765
BGD,Bangladesh,2017,2552.39,2.56,28.4,38.0,2,-0.5,7.844785454105307,-1.2748159631332516,-1.4566035350348896,-0.24253562503633297,-0.7255262048368358,-0.5144345907799099
BGD,Bangladesh,2017,2552.39,2.56,33.3,41.5,2,-0.5,7.844785454105307,-1.2748159631332516,-1.4566035350348896,-0.24253562503633297,-0.05314975728284027,-0.29871721046085814
BGD,Bangladesh,2017,2552.39,2.56,33.3,33.5,2,-0.5,7.844785454105307,-1.2748159631332516,-1.4566035350348896,-0.24253562503633297,-0.05314975728284027,-0.7917855083329765
BGD,Bangladesh,2017,2552.39,2.56,33.3,38.0,2,-0.5,7.844785454105307,-1.2748159631332516,-1.4566035350348896,-0.24253562503633297,-0.05314975728284027,-0.5144345907799099
BGD,Bangladesh,2017,2552.39,2.56,23.6,41.5,2,-0.5,7.844785454105307,-1.2748159631332516,-1.4566035350348896,-0.24253562503633297,-1.3841806840734028,-0.29871721046085814
BGD,Bangladesh,2017,2552.39,2.56,23.6,33.5,2,-0.5,7.844785454105307,-1.2748159631332516,-1.4566035350348896,-0.24253562503633297,-1.3841806840734028,-0.7917855083329765
BGD,Bangladesh,2017,2552.39,2.56,23.6,38.0,2,-0.5,7.844785454105307,-1.2748159631332516,-1.4566035350348896,-0.24253562503633297,-1.3841806840734028,-0.5144345907799099
BGD,Bangladesh,2018,2466.17,2.49,23.6,41.5,2,0.5,7.8104216188988955,-1.3041610657247307,-1.4779922419764393,0.24253562503633297,-1.3841806840734028,-0.29871721046085814
BGD,Bangladesh,2018,2466.17,2.49,23.6,33.8,2,0.5,7.8104216188988955,-1.3041610657247307,-1.4779922419764393,0.24253562503633297,-1.3841806840734028,-0.7732954471627722
BGD,Bangladesh,2018,2466.17,2.49,23.6,38.2,2,0.5,7.8104216188988955,-1.3041610657247307,-1.4779922419764393,0.24253562503633297,-1.3841806840734028,-0.5021078833331067
BGD,Bangladesh,2018,2466.17,2.49,28.6,41.5,2,0.5,7.8104216188988955,-1.3041610657247307,-1.4779922419764393,0.24253562503633297,-0.6980822682019785,-0.29871721046085814
BGD,Bangladesh,2018,2466.17,2.49,28.6,33.8,2,0.5,7.8104216188988955,-1.3041610657247307,-1.4779922419764393,0.24253562503633297,-0.6980822682019785,-0.7732954471627722
BGD,Bangladesh,2018,2466.17,2.49,28.6,38.2,2,0.5,7.8104216188988955,-1.3041610657247307,-1.4779922419764393,0.24253562503633297,-0.6980822682019785,-0.5021078833331067
BGD,Bangladesh,2018,2466.17,2.49,33.8,41.5,2,0.5,7.8104216188988955,-1.3041610657247307,-1.4779922419764393,0.24253562503633297,0.015460084304302155,-0.29871721046085814
BGD,Bangladesh,2018,2466.17,2.49,33.8,33.8,2,0.5,7.8104216188988955,-1.3041610657247307,-1.4779922419764393,0.24253562503633297,0.015460084304302155,-0.7732954471627722
BGD,Bangladesh,2018,2466.17,2.49,33.8,38.2,2,0.5,7.8104216188988955,-1.3041610657247307,-1.4779922419764393,0.24253562503633297,0.015460084304302155,-0.5021078833331067
BGD,Bangladesh,2019,2545.11,2.55,28.8,41.5,2,1.5,7.841929150054509,-1.2772551127479457,-1.459659064597968,0.7276068751089989,-0.6706383315671216,-0.29871721046085814
BGD,Bangladesh,2019,2545.11,2.55,28.8,38.4,2,1.5,7.841929150054509,-1.2772551127479457,-1.459659064597968,0.7276068751089989,-0.6706383315671216,-0.48978117588630404
BGD,Bangladesh,2019,2545.11,2.55,28.8,34.1,2,1.5,7.841929150054509,-1.2772551127479457,-1.459659064597968,0.7276068751089989,-0.6706383315671216,-0.7548053859925674
BGD,Bangladesh,2019,2545.11,2.55,23.5,41.5,2,1.5,7.841929150054509,-1.2772551127479457,-1.459659064597968,0.7276068751089989,-1.3979026523908316,-0.29871721046085814
BGD,Bangladesh,2019,2545.11,2.55,23.5,38.4,2,1.5,7.841929150054509,-1.2772551127479457,-1.459659064597968,0.7276068751089989,-1.3979026523908316,-0.48978117588630404
BGD,Bangladesh,2019,2545.11,2.55,23.5,34.1,2,1.5,7.841929150054509,-1.2772551127479457,-1.459659064597968,0.7276068751089989,-1.3979026523908316,-0.7548053859925674
BGD,Bangladesh,2019,2545.11,2.55,34.2,41.5,2,1.5,7.841929150054509,-1.2772551127479457,-1.459659064597968,0.7276068751089989,0.07034795757401688,-0.29871721046085814
BGD,Bangladesh,2019,2545.11,2.55,34.2,38.4,2,1.5,7.841929150054509,-1.2772551127479457,-1.459659064597968,0.7276068751089989,0.07034795757401688,-0.48978117588630404
BGD,Bangladesh,2019,2545.11,2.55,34.2,34.1,2,1.5,7.841929150054509,-1.2772551127479457,-1.459659064597968,0.7276068751089989,0.07034795757401688,-0.7548053859925674
BGD,Bangladesh,2020,2480.55,2.52,,,2,2.5,7.816235588764315,-1.299196208305886,-1.4688256532872035,1.212678125181665,,
BGD,Bangladesh,2021,2641.06,2.48,,,2,3.5,7.878935630706239,-1.2456533149639781,-1.481047771539518,1.697749375254331,,
BGD,Bangladesh,2022,2494.28,2.51,,,2,4.5,7.821755389384911,-1.294482557616929,-1.4718811828502822,2.182820625326997,,
BGD,Bangladesh,2023,2540.64,2.54,,,2,5.5,7.840171296777787,-1.2787562369512344,-1.4627145941610464,2.6678918753996625,,
BGD,Bangladesh,2024,2587.08,2.48,,,2,6.5,7.858285105557916,-1.2632878943235135,-1.481047771539518,3.1529631254723287,,
BRA,Brazil,2015,8758.74,9.74,43.5,68.7,3,-2.5,9.077807337968665,-0.22187313931368735,0.7372666912555174,-1.212678125181665,1.3464910110948656,1.377715002304344
BRA,Brazil,2015,8758.74,9.74,43.5,59.2,3,-2.5,9.077807337968665,-0.22187313931368735,0.7372666912555174,-1.212678125181665,1.3464910110948656,0.7921963985812037
BRA,Brazil,2015,8758.74,9.74,43.5,49.7,3,-2.5,9.077807337968665,-0.22187313931368735,0.7372666912555174,-1.212678125181665,1.3464910110948656,0.20667779485806326
BRA,Brazil,2015,8758.74,9.74,45.5,68.7,3,-2.5,9.077807337968665,-0.22187313931368735,0.7372666912555174,-1.212678125181665,1.6209303774434354,1.377715002304344
BRA,Brazil,2015,8758.74,9.74,45.5,59.2,3,-2.5,9.077807337968665,-0.22187313931368735,0.7372666912555174,-1.212678125181665,1.6209303774434354,0.7921963985812037
BRA,Brazil,2015,8758.74,9.74,45.5,49.7,3,-2.5,9.077807337968665,-0.22187313931368735,0.7372666912555174,-1.212678125181665,1.6209303774434354,0.20667779485806326
BRA,Brazil,2015,8758.74,9.74,47.5,68.7,3,-2.5,9.077807337968665,-0.22187313931368735,0.7372666912555174,-1.212678125181665,1.8953697437920052,1.377715002304344
BRA,Brazil,2015,8758.74,9.74,47.5,59.2,3,-2.5,9.077807337968665,-0.22187313931368735,0.7372666912555174,-1.212678125181665,1.8953697437920052,0.7921963985812037
BRA,Brazil,2015,8758.74,9.74,47.5,49.7,3,-2.5,9.077807337968665,-0.22187313931368735,0.7372666912555174,-1.212678125181665,1.8953697437920052,0.20667779485806326
BRA,Brazil,2016,8744.76,9.67,45.4,50.9,3,-1.5,9.076209942822242,-0.22323723980390722,0.7158779843139673,-0.7276068751089989,1.6072084091260066,0.2806380395388807
BRA,Brazil,2016,8744.76,9.67,45.4,60.0,3,-1.5,9.076209942822242,-0.22323723980390722,0.7158779843139673,-0.7276068751089989,1.6072084091260066,0.8415032283684153
BRA,Brazil,2016,8744.76,9.67,45.4,69.1,3,-1.5,9.076209942822242,-0.22323723980390722,0.7158779843139673,-0.7276068751089989,1.6072084091260066,1.4023684171979496
BRA,Brazil,2016,8744.76,9.67,43.1,50.9,3,-1.5,9.076209942822242,-0.22323723980390722,0.7158779843139673,-0.7276068751089989,1.291603137825152,0.2806380395388807
BRA,Brazil,2016,8744.76,9.67,43.1,60.0,3,-1.5,9.076209942822242,-0.22323723980390722,0.7158779843139673,-0.7276068751089989,1.291603137825152,0.8415032283684153
BRA,Brazil,2016,8744.76,9.67,43.1,69.1,3,-1.5,9.076209942822242,-0.22323723980390722,0.7158779843139673,-0.7276068751089989,1.291603137825152,1.4023684171979496
BRA,Brazil,2016,8744.76,9.67,47.6,50.9,3,-1.5,9.076209942822242,-0.22323723980390722,0.7158779843139673,-0.7276068751089989,1.9090917121094337,0.2806380395388807
BRA,Brazil,2016,8744.76,9.67,47.6,60.0,3,-1.5,9.076209942822242,-0.22323723980390722,0.7158779843139673,-0.7276068751089989,1.9090917121094337,0.8415032283684153
BRA,Brazil,2016,8744.76,9.67,47.6,69.1,3,-1.5,9.076209942822242,-0.22323723980390722,0.7158779843139673,-0.7276068751089989,1.9090917121094337,1.4023684171979496
BRA,Brazil,2017,8401.27,9.62,45.2,69.3,3,-0.5,9.036138163879468,-0.25745665847576116,0.7006003364985743,-0.24253562503633297,1.5797644724911504,1.4146951246447526
BRA,Brazil,2017,8401.27,9.62,45.2,60.6,3,-0.5,9.036138163879468,-0.25745665847576116,0.7006003364985743,-0.24253562503633297,1.5797644724911504,0.8784833507088243
BRA,Brazil,2017,8401.27,9.62,45.2,52.1,3,-0.5,9.036138163879468,-0.25745665847576116,0.7006003364985743,-0.24253562503633297,1.5797644724911504,0.35459828421969863
BRA,Brazil,2017,8401.27,9.62,42.8,69.3,3,-0.5,9.036138163879468,-0.25745665847576116,0.7006003364985743,-0.24253562503633297,1.250437232872866,1.4146951246447526
BRA,Brazil,2017,8401.27,9.62,42.8,60.6,3,-0.5,9.036138163879468,-0.25745665847576116,0.7006003364985743,-0.24253562503633297,1.250437232872866,0.8784833507088243
BRA,Brazil,2017,8401.27,9.62,42.8,52.1,3,-0.5,9.036138163879468,-0.25745665847576116,0.7006003364985743,-0.24253562503633297,1.250437232872866,0.35459828421969863
BRA,Brazil,2017,8401.27,9.62,47.7,69.3,3,-0.5,9.036138163879468,-0.25745665847576116,0.7006003364985743,-0.24253562503633297,1.9228136804268625,1.4146951246447526
BRA,Brazil,2017,8401.27,9.62,47.7,60.6,3,-0.5,9.036138163879468,-0.25745665847576116,0.7006003364985743,-0.24253562503633297,1.9228136804268625,0.8784833507088243
BRA,Brazil,2017,8401.27,9.62,47.7,52.1,3,-0.5,9.036138163879468,-0.25745665847576116,0.7006003364985743,-0.24253562503633297,1.9228136804268625,0.35459828421969863
BRA,Brazil,2018,8640.28,9.51,47.8,61.3,3,0.5,9.0641902686804,-0.23350147744472435,0.6669895113047103,0.24253562503633297,1.9365356487442902,0.9216268267726344
BRA,Brazil,2018,8640.28,9.51,47.8,53.3,3,0.5,9.0641902686804,-0.23350147744472435,0.6669895113047103,0.24253562503633297,1.9365356487442902,0.4285585289005161
BRA,Brazil,2018,8640.28,9.51,47.8,69.6,3,0.5,9.0641902686804,-0.23350147744472435,0.6669895113047103,0.24253562503633297,1.9365356487442902,1.433185185814957
BRA,Brazil,2018,8640.28,9.51,45.1,61.3,3,0.5,9.0641902686804,-0.23350147744472435,0.6669895113047103,0.24253562503633297,1.5660425041737216,0.9216268267726344
BRA,Brazil,2018,8640.28,9.51,45.1,53.3,3,0.5,9.0641902686804,-0.23350147744472435,0.6669895113047103,0.24253562503633297,1.5660425041737216,0.4285585289005161
BRA,Brazil,2018,8640.28,9.51,45.1,69.6,3,0.5,9.0641902686804,-0.23350147744472435,0.6669895113047103,0.24253562503633297,1.5660425041737216,1.433185185814957
BRA,Brazil,2018,8640.28,9.51,42.4,61.3,3,0.5,9.0641902686804,-0.23350147744472435,0.6669895113047103,0.24253562503633297,1.1955493596031521,0.9216268267726344
BRA,Brazil,2018,8640.28,9.51,42.4,53.3,3,0.5,9.0641902686804,-0.23350147744472435,0.6669895113047103,0.24253562503633297,1.1955493596031521,0.4285585289005161
BRA,Brazil,2018,8640.28,9.51,42.4,69.6,3,0.5,9.0641902686804,-0.23350147744472435,0.6669895113047103,0.24253562503633297,1.1955493596031521,1.433185185814957
BRA,Brazil,2019,8663.2,9.61,45.0,69.8,3,1.5,9.06683944831417,-0.2312392023619447,0.6975448069354958,0.7276068751089989,1.552320535856293,1.44551189326176
BRA,Brazil,2019,8663.2,9.61,45.0,61.9,3,1.5,9.06683944831417,-0.2312392023619447,0.6975448069354958,0.7276068751089989,1.552320535856293,0.9586069491130433
BRA,Brazil,2019,8663.2,9.61,45.0,54.4,3,1.5,9.06683944831417,-0.2312392023619447,0.6975448069354958,0.7276068751089989,1.552320535856293,0.49635541985793247
BRA,Brazil,2019,8663.2,9.61,47.9,69.8,3,1.5,9.06683944831417,-0.2312392023619447,0.6975448069354958,0.7276068751089989,1.950257617061719,1.44551189326176
BRA,Brazil,2019,8663.2,9.61,47.9,61.9,3,1.5,9.06683944831417,-0.2312392023619447,0.6975448069354958,0.7276068751089989,1.950257617061719,0.9586069491130433
BRA,Brazil,2019,8663.2,9.61,47.9,54.4,3,1.5,9.06683944831417,-0.2312392023619447,0.6975448069354958,0.7276068751089989,1.950257617061719,0.49635541985793247
BRA,Brazil,2019,8663.2,9.61,42.1,69.8,3,1.5,9.06683944831417,-0.2312392023619447,0.6975448069354958,0.7276068751089989,1.1543834546508671,1.44551189326176
BRA,Brazil,2019,8663.2,9.61,42.1,61.9,3,1.5,9.06683944831417,-0.2312392023619447,0.6975448069354958,0.7276068751089989,1.1543834546508671,0.9586069491130433
BRA,Brazil,2019,8663.2,9.61,42.1,54.4,3,1.5,9.06683944831417,-0.2312392023619447,0.6975448069354958,0.7276068751089989,1.1543834546508671,0.49635541985793247
BRA,Brazil,2020,9004.37,9.53,,,3,2.5,9.105465294029958,-0.19825454280913143,0.6731005704308674,1.212678125181665,,
BRA,Brazil,2021,8879.33,9.62,,,3,3.5,9.091481382689237,-0.21019614683728313,0.7006003364985743,1.697749375254331,,
BRA,Brazil,2022,8845.98,9.77,,,3,4.5,9.08771839751683,-0.21340955957981264,0.7464332799447528,2.182820625326997,,
BRA,Brazil,2023,9025.63,9.81,,,3,5.5,9.107823586858933,-0.19624067140649784,0.7586553981970674,2.6678918753996625,,
BRA,Brazil,2024,8934.12,9.63,,,3,6.5,9.097632933655303,-0.20494301100097068,0.7036558660616533,3.1529631254723287,,
CAN,Canada,2015,45652.09,10.94,25.3,73.3,4,-2.5,10.728804668107628,1.188001100280693,1.1039302388249443,-1.212678125181665,-1.1509072226771186,1.6612292735808118
CAN,Canada,2015,45652.09,10.94,25.3,74.2,4,-2.5,10.728804668107628,1.188001100280693,1.1039302388249443,-1.212678125181665,-1.1509072226771186,1.7166994570914254
CAN,Canada,2015,45652.09,10.94,25.3,73.7,4,-2.5,10.728804668107628,1.188001100280693,1.1039302388249443,-1.212678125181665,-1.1509072226771186,1.685882688474418
CAN,Canada,2015,45652.09,10.94,21.0,73.3,4,-2.5,10.728804668107628,1.188001100280693,1.1039302388249443,-1.212678125181665,-1.7409518603265437,1.6612292735808118
CAN,Canada,2015,45652.09,10.94,21.0,74.2,4,-2.5,10.728804668107628,1.188001100280693,1.1039302388249443,-1.212678125181665,-1.7409518603265437,1.7166994570914254
CAN,Canada,2015,45652.09,10.94,21.0,73.7,4,-2.5,10.728804668107628,1.188001100280693,1.1039302388249443,-1.212678125181665,-1.7409518603265437,1.685882688474418
CAN,Canada,2015,45652.09,10.94,23.1,73.3,4,-2.5,10.728804668107628,1.188001100280693,1.1039302388249443,-1.212678125181665,-1.4527905256605453,1.6612292735808118
CAN,Canada,2015,45652.09,10.94,23.1,74.2,4,-2.5,10.728804668107628,1.188001100280693,1.1039302388249443,-1.212678125181665,-1.4527905256605453,1.7166994570914254
CAN,Canada,2015,45652.09,10.94,23.1,73.7,4,-2.5,10.728804668107628,1.188001100280693,1.1039302388249443,-1.212678125181665,-1.4527905256605453,1.685882688474418
CAN,Canada,2016,45825.57,10.89,20.8,73.7,4,-1.5,10.73259751125575,1.1912400103332672,1.088652591009552,-0.7276068751089989,-1.7683957969614006,1.685882688474418
CAN,Canada,2016,45825.57,10.89,20.8,72.7,4,-1.5,10.73259751125575,1.1912400103332672,1.088652591009552,-0.7276068751089989,-1.7683957969614006,1.6242491512404034
CAN,Canada,2016,45825.57,10.89,20.8,74.7,4,-1.5,10.73259751125575,1.1912400103332672,1.088652591009552,-0.7276068751089989,-1.7683957969614006,1.747516225708433
CAN,Canada,2016,45825.57,10.89,25.0,73.7,4,-1.5,10.73259751125575,1.1912400103332672,1.088652591009552,-0.7276068751089989,-1.1920731276294043,1.685882688474418
CAN,Canada,2016,45825.57,10.89,25.0,72.7,4,-1.5,10.73259751125575,1.1912400103332672,1.088652591009552,-0.7276068751089989,-1.1920731276294043,1.6242491512404034
CAN,Canada,2016,45825.57,10.89,25.0,74.7,4,-1.5,10.73259751125575,1.1912400103332672,1.088652591009552,-0.7276068751089989,-1.1920731276294043,1.747516225708433
CAN,Canada,2016,45825.57,10.89,22.9,73.7,4,-1.5,10.73259751125575,1.1912400103332672,1.088652591009552,-0.7276068751089989,-1.4802344622954027,1.685882688474418
CAN,Canada,2016,45825.57,10.89,22.9,72.7,4,-1.5,10.73259751125575,1.1912400103332672,1.088652591009552,-0.7276068751089989,-1.4802344622954027,1.6242491512404034
CAN,Canada,2016,45825.57,10.89,22.9,74.7,4,-1.5,10.73259751125575,1.1912400103332672,1.088652591009552,-0.7276068751089989,-1.4802344622954027,1.747516225708433
CAN,Canada,2017,45447.74,10.8,20.5,75.1,4,-0.5,10.7243183733968,1.1841700151368466,1.061152824941845,-0.24253562503633297,-1.809561701913686,1.7721696406020382
CAN,Canada,2017,45447.74,10.8,20.5,73.6,4,-0.5,10.7243183733968,1.1841700151368466,1.061152824941845,-0.24253562503633297,-1.809561701913686,1.679719334751016
CAN,Canada,2017,45447.74,10.8,20.5,72.0,4,-0.5,10.7243183733968,1.1841700151368466,1.061152824941845,-0.24253562503633297,-1.809561701913686,1.5811056751765928
CAN,Canada,2017,45447.74,10.8,22.6,75.1,4,-0.5,10.7243183733968,1.1841700151368466,1.061152824941845,-0.24253562503633297,-1.5214003672476877,1.7721696406020382
CAN,Canada,2017,45447.74,10.8,22.6,73.6,4,-0.5,10.7243183733968,1.1841700151368466,1.061152824941845,-0.24253562503633297,-1.5214003672476877,1.679719334751016
CAN,Canada,2017,45447.74,10.8,22.6,72.0,4,-0.5,10.7243183733968,1.1841700151368466,1.061152824941845,-0.24253562503633297,-1.5214003672476877,1.5811056751765928
CAN,Canada,2017,45447.74,10.8,24.8,75.1,4,-0.5,10.7243183733968,1.1841700151368466,1.061152824941845,-0.24253562503633297,-1.219517064264261,1.7721696406020382
CAN,Canada,2017,45447.74,10.8,24.8,73.6,4,-0.5,10.7243183733968,1.1841700151368466,1.061152824941845,-0.24253562503633297,-1.219517064264261,1.679719334751016
CAN,Canada,2017,45447.74,10.8,24.8,72.0,4,-0.5,10.7243183733968,1.1841700151368466,1.061152824941845,-0.24253562503633297,-1.219517064264261,1.5811056751765928
CAN,Canada,2018,45585.98,10.8,20.2,71.3,4,0.5,10.727355492087797,1.186763571968745,1.061152824941845,0.24253562503633297,-1.8507276068659717,1.5379621991127823
CAN,Canada,2018,45585.98,10.8,20.2,73.5,4,0.5,10.727355492087797,1.186763571968745,1.061152824941845,0.24253562503633297,-1.8507276068659717,1.6735559810276148
CAN,Canada,2018,45585.98,10.8,20.2,75.4,4,0.5,10.727355492087797,1.186763571968745,1.061152824941845,0.24253562503633297,-1.8507276068659717,1.7906597017722434
CAN,Canada,2018,45585.98,10.8,24.5,71.3,4,0.5,10.727355492087797,1.186763571968745,1.061152824941845,0.24253562503633297,-1.2606829692165467,1.5379621991127823
CAN,Canada,2018,45585.98,10.8,24.5,73.5,4,0.5,10.727355492087797,1.186763571968745,1.061152824941845,0.24253562503633297,-1.2606829692165467,1.6735559810276148
CAN,Canada,2018,45585.98,10.8,24.5,75.4,4,0.5,10.727355492087797,1.186763571968745,1.061152824941845,0.24253562503633297,-1.2606829692165467,1.7906597017722434
CAN,Canada,2018,45585.98,10.8,22.4,71.3,4,0.5,10.727355492087797,1.186763571968745,1.061152824941845,0.24253562503633297,-1.548844303882545,1.5379621991127823
CAN,Canada,2018,45585.98,10.8,22.4,73.5,4,0.5,10.727355492087797,1.186763571968745,1.061152824941845,0.24253562503633297,-1.548844303882545,1.6735559810276148
CAN,Canada,2018,45585.98,10.8,22.4,75.4,4,0.5,10.727355492087797,1.186763571968745,1.061152824941845,0.24253562503633297,-1.548844303882545,1.7906597017722434
CAN,Canada,2019,47386.42,10.66,24.3,73.3,4,1.5,10.766090968744512,1.2198418512001932,1.0183754110587449,0.7276068751089989,-1.2881269058514035,1.6612292735808118
CAN,Canada,2019,47386.42,10.66,24.3,75.8,4,1.5,10.766090968744512,1.2198418512001932,1.0183754110587449,0.7276068751089989,-1.2881269058514035,1.8153131166658487
CAN,Canada,2019,47386.42,10.66,24.3,70.6,4,1.5,10.766090968744512,1.2198418512001932,1.0183754110587449,0.7276068751089989,-1.2881269058514035,1.4948187230489718
CAN,Canada,2019,47386.42,10.66,19.9,73.3,4,1.5,10.766090968744512,1.2198418512001932,1.0183754110587449,0.7276068751089989,-1.8918935118182572,1.6612292735808118
CAN,Canada,2019,47386.42,10.66,19.9,75.8,4,1.5,10.766090968744512,1.2198418512001932,1.0183754110587449,0.7276068751089989,-1.8918935118182572,1.8153131166658487
CAN,Canada,2019,47386.42,10.66,19.9,70.6,4,1.5,10.766090968744512,1.2198418512001932,1.0183754110587449,0.7276068751089989,-1.8918935118182572,1.4948187230489718
CAN,Canada,2019,47386.42,10.66,22.1,73.3,4,1.5,10.766090968744512,1.2198418512001932,1.0183754110587449,0.7276068751089989,-1.59001020883483,1.6612292735808118
CAN,Canada,2019,47386.42,10.66,22.1,75.8,4,1.5,10.766090968744512,1.2198418512001932,1.0183754110587449,0.7276068751089989,-1.59001020883483,1.8153131166658487
CAN,Canada,2019,47386.42,10.66,22.1,70.6,4,1.5,10.766090968744512,1.2198418512001932,1.0183754110587449,0.7276068751089989,-1.59001020883483,1.4948187230489718
CAN,Canada,2020,47166.34,10.89,,,4,2.5,10.761435781578284,1.2158665398254596,1.088652591009552,1.212678125181665,,
CAN,Canada,2021,46373.38,10.72,,,4,3.5,10.744480866685024,1.2013878381909084,1.0367085884372165,1.697749375254331,,
CAN,Canada,2022,47139.69,10.83,,,4,4.5,10.76087060031237,1.2153839015479968,1.0703194136310805,2.182820625326997,,
CAN,Canada,2023,47440.73,10.9,,,4,5.5,10.767236421411562,1.2208200140224263,1.0917081205726304,2.6678918753996625,,
CAN,Canada,2024,48853.64,10.88,,,4,6.5,10.796584168512721,1.2458816127741168,1.0855970614464734,3.1529631254723287,,
CHL,Chile,2015,15144.04,9.14,34.8,57.0,5,-2.5,9.62536233419576,0.24571313102679976,0.5539349174708038,-1.212678125181665,0.15267976747858703,0.656602616666371
CHL,Chile,2015,15144.04,9.14,34.8,68.5,5,-2.5,9.62536233419576,0.24571313102679976,0.5539349174708038,-1.212678125181665,0.15267976747858703,1.365388294857541
CHL,Chile,2015,15144.04,9.14,34.8,46.4,5,-2.5,9.62536233419576,0.24571313102679976,0.5539349174708038,-1.212678125181665,0.15267976747858703,0.0032871219858141977
CHL,Chile,2015,15144.04,9.14,40.2,57.0,5,-2.5,9.62536233419576,0.24571313102679976,0.5539349174708038,-1.212678125181665,0.893666056619726,0.656602616666371
CHL,Chile,2015,15144.04,9.14,40.2,68.5,5,-2.5,9.62536233419576,0.24571313102679976,0.5539349174708038,-1.212678125181665,0.893666056619726,1.365388294857541
CHL,Chile,2015,15144.04,9.14,40.2,46.4,5,-2.5,9.62536233419576,0.24571313102679976,0.5539349174708038,-1.212678125181665,0.893666056619726,0.0032871219858141977
CHL,Chile,2015,15144.04,9.14,37.5,57.0,5,-2.5,9.62536233419576,0.24571313102679976,0.5539349174708038,-1.212678125181665,0.5231729120491565,0.656602616666371
CHL,Chile,2015,15144.04,9.14,37.5,68.5,5,-2.5,9.62536233419576,0.24571313102679976,0.5539349174708038,-1.212678125181665,0.5231729120491565,1.365388294857541
CHL,Chile,2015,15144.04,9.14,37.5,46.4,5,-2.5,9.62536233419576,0.24571313102679976,0.5539349174708038,-1.212678125181665,0.5231729120491565,0.0032871219858141977
CHL,Chile,2016,15328.23,9.35,37.1,68.5,5,-1.5,9.637451505317271,0.25603671582680204,0.6181010382954533,-0.7276068751089989,0.4682850387794428,1.365388294857541
CHL,Chile,2016,15328.23,9.35,37.1,57.4,5,-1.5,9.637451505317271,0.25603671582680204,0.6181010382954533,-0.7276068751089989,0.4682850387794428,0.6812560315599768
CHL,Chile,2016,15328.23,9.35,37.1,47.4,5,-1.5,9.637451505317271,0.25603671582680204,0.6181010382954533,-0.7276068751089989,0.4682850387794428,0.06492065921982898
CHL,Chile,2016,15328.23,9.35,34.3,68.5,5,-1.5,9.637451505317271,0.25603671582680204,0.6181010382954533,-0.7276068751089989,0.08406992589144459,1.365388294857541
CHL,Chile,2016,15328.23,9.35,34.3,57.4,5,-1.5,9.637451505317271,0.25603671582680204,0.6181010382954533,-0.7276068751089989,0.08406992589144459,0.6812560315599768
CHL,Chile,2016,15328.23,9.35,34.3,47.4,5,-1.5,9.637451505317271,0.25603671582680204,0.6181010382954533,-0.7276068751089989,0.08406992589144459,0.06492065921982898
CHL,Chile,2016,15328.23,9.35,39.9,68.5,5,-1.5,9.637451505317271,0.25603671582680204,0.6181010382954533,-0.7276068751089989,0.85250015166744,1.365388294857541
CHL,Chile,2016,15328.23,9.35,39.9,57.4,5,-1.5,9.637451505317271,0.25603671582680204,0.6181010382954533,-0.7276068751089989,0.85250015166744,0.6812560315599768
CHL,Chile,2016,15328.23,9.35,39.9,47.4,5,-1.5,9.637451505317271,0.25603671582680204,0.6181010382954533,-0.7276068751089989,0.85250015166744,0.06492065921982898
CHL,Chile,2017,14766.87,9.28,36.8,57.8,5,-0.5,9.600141437022009,0.22417566844244913,0.5967123313539033,-0.24253562503633297,0.4271191338271567,0.7059094464535827
CHL,Chile,2017,14766.87,9.28,36.8,68.4,5,-0.5,9.600141437022009,0.22417566844244913,0.5967123313539033,-0.24253562503633297,0.4271191338271567,1.35922494113414
CHL,Chile,2017,14766.87,9.28,36.8,48.2,5,-0.5,9.600141437022009,0.22417566844244913,0.5967123313539033,-0.24253562503633297,0.4271191338271567,0.11422748900704106
CHL,Chile,2017,14766.87,9.28,33.9,57.8,5,-0.5,9.600141437022009,0.22417566844244913,0.5967123313539033,-0.24253562503633297,0.029182052621730837,0.7059094464535827
CHL,Chile,2017,14766.87,9.28,33.9,68.4,5,-0.5,9.600141437022009,0.22417566844244913,0.5967123313539033,-0.24253562503633297,0.029182052621730837,1.35922494113414
CHL,Chile,2017,14766.87,9.28,33.9,48.2,5,-0.5,9.600141437022009,0.22417566844244913,0.5967123313539033,-0.24253562503633297,0.029182052621730837,0.11422748900704106
CHL,Chile,2017,14766.87,9.28,39.6,57.8,5,-0.5,9.600141437022009,0.22417566844244913,0.5967123313539033,-0.24253562503633297,0.811334246715155,0.7059094464535827
CHL,Chile,2017,14766.87,9.28,39.6,68.4,5,-0.5,9.600141437022009,0.22417566844244913,0.5967123313539033,-0.24253562503633297,0.811334246715155,1.35922494113414
CHL,Chile,2017,14766.87,9.28,39.6,48.2,5,-0.5,9.600141437022009,0.22417566844244913,0.5967123313539033,-0.24253562503633297,0.811334246715155,0.11422748900704106
CHL,Chile,2018,15229.12,9.34,36.4,58.1,5,0.5,9.630964663523844,0.25049725735892747,0.6150455087323748,0.24253562503633297,0.372231260557443,0.7243995076237874
CHL,Chile,2018,15229.12,9.34,36.4,49.1,5,0.5,9.630964663523844,0.25049725735892747,0.6150455087323748,0.24253562503633297,0.372231260557443,0.16969767251765427
CHL,Chile,2018,15229.12,9.34,36.4,68.3,5,0.5,9.630964663523844,0.25049725735892747,0.6150455087323748,0.24253562503633297,0.372231260557443,1.353061587410738
CHL,Chile,2018,15229.12,9.34,33.5,58.1,5,0.5,9.630964663523844,0.25049725735892747,0.6150455087323748,0.24253562503633297,-0.02570582064798291,0.7243995076237874
CHL,Chile,2018,15229.12,9.34,33.5,49.1,5,0.5,9.630964663523844,0.25049725735892747,0.6150455087323748,0.24253562503633297,-0.02570582064798291,0.16969767251765427
CHL,Chile,2018,15229.12,9.34,33.5,68.3,5,0.5,9.630964663523844,0.25049725735892747,0.6150455087323748,0.24253562503633297,-0.02570582064798291,1.353061587410738
CHL,Chile,2018,15229.12,9.34,39.3,58.1,5,0.5,9.630964663523844,0.25049725735892747,0.6150455087323748,0.24253562503633297,0.7701683417628689,0.7243995076237874
CHL,Chile,2018,15229.12,9.34,39.3,49.1,5,0.5,9.630964663523844,0.25049725735892747,0.6150455087323748,0.24253562503633297,0.7701683417628689,0.16969767251765427
CHL,Chile,2018,15229.12,9.34,39.3,68.3,5,0.5,9.630964663523844,0.25049725735892747,0.6150455087323748,0.24253562503633297,0.7701683417628689,1.353061587410738
CHL,Chile,2019,15112.35,9.33,33.1,58.5,5,1.5,9.623267569315477,0.24392430012513522,0.6119899791692963,0.7276068751089989,-0.08059369391769666,0.7490529225173932
CHL,Chile,2019,15112.35,9.33,33.1,49.9,5,1.5,9.623267569315477,0.24392430012513522,0.6119899791692963,0.7276068751089989,-0.08059369391769666,0.21900450230486593
CHL,Chile,2019,15112.35,9.33,33.1,68.2,5,1.5,9.623267569315477,0.24392430012513522,0.6119899791692963,0.7276068751089989,-0.08059369391769666,1.3468982336873367
CHL,Chile,2019,15112.35,9.33,36.1,58.5,5,1.5,9.623267569315477,0.24392430012513522,0.6119899791692963,0.7276068751089989,0.33106535560515793,0.7490529225173932
CHL,Chile,2019,15112.35,9.33,36.1,49.9,5,1.5,9.623267569315477,0.24392430012513522,0.6119899791692963,0.7276068751089989,0.33106535560515793,0.21900450230486593
CHL,Chile,2019,15112.35,9.33,36.1,68.2,5,1.5,9.623267569315477,0.24392430012513522,0.6119899791692963,0.7276068751089989,0.33106535560515793,1.3468982336873367
CHL,Chile,2019,15112.35,9.33,39.0,58.5,5,1.5,9.623267569315477,0.24392430012513522,0.6119899791692963,0.7276068751089989,0.7290024368105839,0.7490529225173932
CHL,Chile,2019,15112.35,9.33,39.0,49.9,5,1.5,9.623267569315477,0.24392430012513522,0.6119899791692963,0.7276068751089989,0.7290024368105839,0.21900450230486593
CHL,Chile,2019,15112.35,9.33,39.0,68.2,5,1.5,9.623267569315477,0.24392430012513522,0.6119899791692963,0.7276068751089989,0.7290024368105839,1.3468982336873367
CHL,Chile,2020,15174.41,9.37,,,5,2.5,9.627365735435454,0.24742394166704373,0.6242120974216103,1.212678125181665,,
CHL,Chile,2021,15741.45,9.12,,,5,3.5,9.664052639710636,0.2787528362229731,0.5478238583446463,1.697749375254331,,
CHL,Chile,2022,15278.94,9.39,,,5,4.5,9.634230688586433,0.2532862894897217,0.6303231565477678,2.182820625326997,,
CHL,Chile,2023,15488.8,9.35,,,5,5.5,9.647872461074956,0.2649357229944728,0.6181010382954533,2.6678918753996625,,
CHL,Chile,2024,14922.98,9.42,,,5,6.5,9.610657585717476,0.23315596591163745,0.6394897452370033,3.1529631254723287,,
CHN,China,2015,10862.74,5.32,30.8,38.8,6,-2.5,9.293093863690906,-0.038028549618309905,-0.6132773756252065,-1.212678125181665,-0.3961989652185519,-0.46512776099269826
CHN,China,2015,10862.74,5.32,30.8,44.7,6,-2.5,9.293093863690906,-0.038028549618309905,-0.6132773756252065,-1.212678125181665,-0.3961989652185519,-0.10148989131201067
CHN,China,2015,10862.74,5.32,30.8,34.0,6,-2.5,9.293093863690906,-0.038028549618309905,-0.6132773756252065,-1.212678125181665,-0.3961989652185519,-0.760968739715969
CHN,China,2015,10862.74,5.32,25.7,38.8,6,-2.5,9.293093863690906,-0.038028549618309905,-0.6132773756252065,-1.212678125181665,-1.0960193494074049,-0.46512776099269826
CHN,China,2015,10862.74,5.32,25.7,44.7,6,-2.5,9.293093863690906,-0.038028549618309905,-0.6132773756252065,-1.212678125181665,-1.0960193494074049,-0.10148989131201067
CHN,China,2015,10862.74,5.32,25.7,34.0,6,-2.5,9.293093863690906,-0.038028549618309905,-0.6132773756252065,-1.212678125181665,-1.0960193494074049,-0.760968739715969
CHN,China,2015,10862.74,5.32,28.3,38.8,6,-2.5,9.293093863690906,-0.038028549618309905,-0.6132773756252065,-1.212678125181665,-0.739248173154264,-0.46512776099269826
CHN,China,2015,10862.74,5.32,28.3,44.7,6,-2.5,9.293093863690906,-0.038028549618309905,-0.6132773756252065,-1.212678125181665,-0.739248173154264,-0.10148989131201067
CHN,China,2015,10862.74,5.32,28.3,34.0,6,-2.5,9.293093863690906,-0.038028549618309905,-0.6132773756252065,-1.212678125181665,-0.739248173154264,-0.760968739715969
CHN,China,2016,10716.4,5.39,25.3,39.0,6,-1.5,9.279530557328806,-0.04961097673346543,-0.5918886686836567,-0.7276068751089989,-1.1509072226771186,-0.4528010535458951
CHN,China,2016,10716.4,5.39,25.3,34.3,6,-1.5,9.279530557328806,-0.04961097673346543,-0.5918886686836567,-0.7276068751089989,-1.1509072226771186,-0.7424786785457648
CHN,China,2016,10716.4,5.39,25.3,44.7,6,-1.5,9.279530557328806,-0.04961097673346543,-0.5918886686836567,-0.7276068751089989,-1.1509072226771186,-0.10148989131201067
CHN,China,2016,10716.4,5.39,30.7,39.0,6,-1.5,9.279530557328806,-0.04961097673346543,-0.5918886686836567,-0.7276068751089989,-0.40992093353598064,-0.4528010535458951
CHN,China,2016,10716.4,5.39,30.7,34.3,6,-1.5,9.279530557328806,-0.04961097673346543,-0.5918886686836567,-0.7276068751089989,-0.40992093353598064,-0.7424786785457648
CHN,China,2016,10716.4,5.39,30.7,44.7,6,-1.5,9.279530557328806,-0.04961097673346543,-0.5918886686836567,-0.7276068751089989,-0.40992093353598064,-0.10148989131201067
CHN,China,2016,10716.4,5.39,28.0,39.0,6,-1.5,9.279530557328806,-0.04961097673346543,-0.5918886686836567,-0.7276068751089989,-0.7804140781065496,-0.4528010535458951
CHN,China,2016,10716.4,5.39,28.0,34.3,6,-1.5,9.279530557328806,-0.04961097673346543,-0.5918886686836567,-0.7276068751089989,-0.7804140781065496,-0.7424786785457648
CHN,China,2016,10716.4,5.39,28.0,44.7,6,-1.5,9.279530557328806,-0.04961097673346543,-0.5918886686836567,-0.7276068751089989,-0.7804140781065496,-0.10148989131201067
CHN,China,2017,10557.12,5.36,27.8,44.7,6,-0.5,9.264555792790679,-0.06239872289203759,-0.6010552573728922,-0.24253562503633297,-0.8078580147414065,-0.10148989131201067
CHN,China,2017,10557.12,5.36,27.8,34.6,6,-0.5,9.264555792790679,-0.06239872289203759,-0.6010552573728922,-0.24253562503633297,-0.8078580147414065,-0.7239886173755601
CHN,China,2017,10557.12,5.36,27.8,39.1,6,-0.5,9.264555792790679,-0.06239872289203759,-0.6010552573728922,-0.24253562503633297,-0.8078580147414065,-0.4466376998224936
CHN,China,2017,10557.12,5.36,30.5,44.7,6,-0.5,9.264555792790679,-0.06239872289203759,-0.6010552573728922,-0.24253562503633297,-0.43736487017083747,-0.10148989131201067
CHN,China,2017,10557.12,5.36,30.5,34.6,6,-0.5,9.264555792790679,-0.06239872289203759,-0.6010552573728922,-0.24253562503633297,-0.43736487017083747,-0.7239886173755601
CHN,China,2017,10557.12,5.36,30.5,39.1,6,-0.5,9.264555792790679,-0.06239872289203759,-0.6010552573728922,-0.24253562503633297,-0.43736487017083747,-0.4466376998224936
CHN,China,2017,10557.12,5.36,24.9,44.7,6,-0.5,9.264555792790679,-0.06239872289203759,-0.6010552573728922,-0.24253562503633297,-1.2057950959468329,-0.10148989131201067
CHN,China,2017,10557.12,5.36,24.9,34.6,6,-0.5,9.264555792790679,-0.06239872289203759,-0.6010552573728922,-0.24253562503633297,-1.2057950959468329,-0.7239886173755601
CHN,China,2017,10557.12,5.36,24.9,39.1,6,-0.5,9.264555792790679,-0.06239872289203759,-0.6010552573728922,-0.24253562503633297,-1.2057950959468329,-0.4466376998224936
CHN,China,2018,10534.76,5.49,24.5,44.6,6,0.5,9.262435544773288,-0.0642093151968836,-0.561333373052871,0.24253562503633297,-1.2606829692165467,-0.10765324503541224
CHN,China,2018,10534.76,5.49,24.5,34.8,6,0.5,9.262435544773288,-0.0642093151968836,-0.561333373052871,0.24253562503633297,-1.2606829692165467,-0.7116619099287573
CHN,China,2018,10534.76,5.49,24.5,39.2,6,0.5,9.262435544773288,-0.0642093151968836,-0.561333373052871,0.24253562503633297,-1.2606829692165467,-0.440474346099092
CHN,China,2018,10534.76,5.49,27.5,44.6,6,0.5,9.262435544773288,-0.0642093151968836,-0.561333373052871,0.24253562503633297,-0.8490239196936921,-0.10765324503541224
CHN,China,2018,10534.76,5.49,27.5,34.8,6,0.5,9.262435544773288,-0.0642093151968836,-0.561333373052871,0.24253562503633297,-0.8490239196936921,-0.7116619099287573
CHN,China,2018,10534.76,5.49,27.5,39.2,6,0.5,9.262435544773288,-0.0642093151968836,-0.561333373052871,0.24253562503633297,-0.8490239196936921,-0.440474346099092
CHN,China,2018,10534.76,5.49,30.4,44.6,6,0.5,9.262435544773288,-0.0642093151968836,-0.561333373052871,0.24253562503633297,-0.4510868384882662,-0.10765324503541224
CHN,China,2018,10534.76,5.49,30.4,34.8,6,0.5,9.262435544773288,-0.0642093151968836,-0.561333373052871,0.24253562503633297,-0.4510868384882662,-0.7116619099287573
CHN,China,2018,10534.76,5.49,30.4,39.2,6,0.5,9.262435544773288,-0.0642093151968836,-0.561333373052871,0.24253562503633297,-0.4510868384882662,-0.440474346099092
CHN,China,2019,10762.36,5.52,27.3,39.2,6,1.5,9.283810140521298,-0.045956413525426995,-0.5521667843636355,0.7276068751089989,-0.876467856328549,-0.440474346099092
CHN,China,2019,10762.36,5.52,27.3,44.6,6,1.5,9.283810140521298,-0.045956413525426995,-0.5521667843636355,0.7276068751089989,-0.876467856328549,-0.10765324503541224
CHN,China,2019,10762.36,5.52,27.3,35.1,6,1.5,9.283810140521298,-0.045956413525426995,-0.5521667843636355,0.7276068751089989,-0.876467856328549,-0.6931718487585526
CHN,China,2019,10762.36,5.52,30.2,39.2,6,1.5,9.283810140521298,-0.045956413525426995,-0.5521667843636355,0.7276068751089989,-0.47853077512312303,-0.440474346099092
CHN,China,2019,10762.36,5.52,30.2,44.6,6,1.5,9.283810140521298,-0.045956413525426995,-0.5521667843636355,0.7276068751089989,-0.47853077512312303,-0.10765324503541224
CHN,China,2019,10762.36,5.52,30.2,35.1,6,1.5,9.283810140521298,-0.045956413525426995,-0.5521667843636355,0.7276068751089989,-0.47853077512312303,-0.6931718487585526
CHN,China,2019,10762.36,5.52,24.1,39.2,6,1.5,9.283810140521298,-0.045956413525426995,-0.5521667843636355,0.7276068751089989,-1.3155708424862604,-0.440474346099092
CHN,China,2019,10762.36,5.52,24.1,44.6,6,1.5,9.283810140521298,-0.045956413525426995,-0.5521667843636355,0.7276068751089989,-1.3155708424862604,-0.10765324503541224
CHN,China,2019,10762.36,5.52,24.1,35.1,6,1.5,9.283810140521298,-0.045956413525426995,-0.5521667843636355,0.7276068751089989,-1.3155708424862604,-0.6931718487585526
CHN,China,2020,10922.26,5.45,,,6,2.5,9.29855818759265,-0.03336227344376218,-0.5735554913051852,1.212678125181665,,
CHN,China,2021,11076.23,5.46,,,6,3.5,9.312556649694606,-0.021408243748375293,-0.5704999617421067,1.697749375254331,,
CHN,China,2022,10918.88,5.43,,,6,4.5,9.298248679936275,-0.033626578457292396,-0.5796665504313425,2.182820625326997,,
CHN,China,2023,10793.97,5.41,,,6,5.5,9.28674292385288,-0.0434519541940715,-0.5857776095574995,2.6678918753996625,,
CHN,China,2024,11022.81,5.39,,,6,6.5,9.307722041127835,-0.025536772579030035,-0.5918886686836567,3.1529631254723287,,
COL,Colombia,2015,6070.94,7.68,31.7,41.3,7,-2.5,8.711268732031028,-0.5348799073408729,0.10782760126133367,-1.212678125181665,-0.27270125036169574,-0.3110439179076613
COL,Colombia,2015,6070.94,7.68,31.7,61.2,7,-2.5,8.711268732031028,-0.5348799073408729,0.10782760126133367,-1.212678125181665,-0.27270125036169574,0.9154634730492333
COL,Colombia,2015,6070.94,7.68,31.7,51.8,7,-2.5,8.711268732031028,-0.5348799073408729,0.10782760126133367,-1.212678125181665,-0.27270125036169574,0.33610822304949395
COL,Colombia,2015,6070.94,7.68,31.5,41.3,7,-2.5,8.711268732031028,-0.5348799073408729,0.10782760126133367,-1.212678125181665,-0.3001451869965526,-0.3110439179076613
COL,Colombia,2015,6070.94,7.68,31.5,61.2,7,-2.5,8.711268732031028,-0.5348799073408729,0.10782760126133367,-1.212678125181665,-0.3001451869965526,0.9154634730492333
COL,Colombia,2015,6070.94,7.68,31.5,51.8,7,-2.5,8.711268732031028,-0.5348799073408729,0.10782760126133367,-1.212678125181665,-0.3001451869965526,0.33610822304949395
COL,Colombia,2015,6070.94,7.68,31.1,41.3,7,-2.5,8.711268732031028,-0.5348799073408729,0.10782760126133367,-1.212678125181665,-0.35503306026626635,-0.3110439179076613
COL,Colombia,2015,6070.94,7.68,31.1,61.2,7,-2.5,8.711268732031028,-0.5348799073408729,0.10782760126133367,-1.212678125181665,-0.35503306026626635,0.9154634730492333
COL,Colombia,2015,6070.94,7.68,31.1,51.8,7,-2.5,8.711268732031028,-0.5348799073408729,0.10782760126133367,-1.212678125181665,-0.35503306026626635,0.33610822304949395
COL,Colombia,2016,6148.66,7.67,31.0,42.5,7,-1.5,8.72398945088106,-0.5240170104188816,0.10477207169825518,-0.7276068751089989,-0.3687550285836951,-0.23708367322684337
COL,Colombia,2016,6148.66,7.67,31.0,52.8,7,-1.5,8.72398945088106,-0.5240170104188816,0.10477207169825518,-0.7276068751089989,-0.3687550285836951,0.3977417602835087
COL,Colombia,2016,6148.66,7.67,31.0,62.0,7,-1.5,8.72398945088106,-0.5240170104188816,0.10477207169825518,-0.7276068751089989,-0.3687550285836951,0.9647703028364449
COL,Colombia,2016,6148.66,7.67,31.3,42.5,7,-1.5,8.72398945088106,-0.5240170104188816,0.10477207169825518,-0.7276068751089989,-0.3275891236314095,-0.23708367322684337
COL,Colombia,2016,6148.66,7.67,31.3,52.8,7,-1.5,8.72398945088106,-0.5240170104188816,0.10477207169825518,-0.7276068751089989,-0.3275891236314095,0.3977417602835087
COL,Colombia,2016,6148.66,7.67,31.3,62.0,7,-1.5,8.72398945088106,-0.5240170104188816,0.10477207169825518,-0.7276068751089989,-0.3275891236314095,0.9647703028364449
COL,Colombia,2016,6148.66,7.67,31.5,42.5,7,-1.5,8.72398945088106,-0.5240170104188816,0.10477207169825518,-0.7276068751089989,-0.3001451869965526,-0.23708367322684337
COL,Colombia,2016,6148.66,7.67,31.5,52.8,7,-1.5,8.72398945088106,-0.5240170104188816,0.10477207169825518,-0.7276068751089989,-0.3001451869965526,0.3977417602835087
COL,Colombia,2016,6148.66,7.67,31.5,62.0,7,-1.5,8.72398945088106,-0.5240170104188816,0.10477207169825518,-0.7276068751089989,-0.3001451869965526,0.9647703028364449
COL,Colombia,2017,6198.19,7.8,31.0,43.5,7,-0.5,8.732012592927854,-0.5171656236323089,0.14449395601827644,-0.24253562503633297,-0.3687550285836951,-0.17545013599282858
COL,Colombia,2017,6198.19,7.8,31.0,53.6,7,-0.5,8.732012592927854,-0.5171656236323089,0.14449395601827644,-0.24253562503633297,-0.3687550285836951,0.4470485900707208
COL,Colombia,2017,6198.19,7.8,31.0,62.7,7,-0.5,8.732012592927854,-0.5171656236323089,0.14449395601827644,-0.24253562503633297,-0.3687550285836951,1.0079137789002555
COL,Colombia,2017,6198.19,7.8,31.2,43.5,7,-0.5,8.732012592927854,-0.5171656236323089,0.14449395601827644,-0.24253562503633297,-0.3413110919488382,-0.17545013599282858
COL,Colombia,2017,6198.19,7.8,31.2,53.6,7,-0.5,8.732012592927854,-0.5171656236323089,0.14449395601827644,-0.24253562503633297,-0.3413110919488382,0.4470485900707208
COL,Colombia,2017,6198.19,7.8,31.2,62.7,7,-0.5,8.732012592927854,-0.5171656236323089,0.14449395601827644,-0.24253562503633297,-0.3413110919488382,1.0079137789002555
COL,Colombia,2017,6198.19,7.8,31.4,43.5,7,-0.5,8.732012592927854,-0.5171656236323089,0.14449395601827644,-0.24253562503633297,-0.3138671553139813,-0.17545013599282858
COL,Colombia,2017,6198.19,7.8,31.4,53.6,7,-0.5,8.732012592927854,-0.5171656236323089,0.14449395601827644,-0.24253562503633297,-0.3138671553139813,0.4470485900707208
COL,Colombia,2017,6198.19,7.8,31.4,62.7,7,-0.5,8.732012592927854,-0.5171656236323089,0.14449395601827644,-0.24253562503633297,-0.3138671553139813,1.0079137789002555
COL,Colombia,2018,6179.96,7.75,31.2,44.6,7,0.5,8.72906707793888,-0.5196809552015867,0.12921630820288368,0.24253562503633297,-0.3413110919488382,-0.10765324503541224
COL,Colombia,2018,6179.96,7.75,31.2,54.4,7,0.5,8.72906707793888,-0.5196809552015867,0.12921630820288368,0.24253562503633297,-0.3413110919488382,0.49635541985793247
COL,Colombia,2018,6179.96,7.75,31.2,63.3,7,0.5,8.72906707793888,-0.5196809552015867,0.12921630820288368,0.24253562503633297,-0.3413110919488382,1.044893901240664
COL,Colombia,2018,6179.96,7.75,30.9,44.6,7,0.5,8.72906707793888,-0.5196809552015867,0.12921630820288368,0.24253562503633297,-0.38247699690112374,-0.10765324503541224
COL,Colombia,2018,6179.96,7.75,30.9,54.4,7,0.5,8.72906707793888,-0.5196809552015867,0.12921630820288368,0.24253562503633297,-0.38247699690112374,0.49635541985793247
COL,Colombia,2018,6179.96,7.75,30.9,63.3,7,0.5,8.72906707793888,-0.5196809552015867,0.12921630820288368,0.24253562503633297,-0.38247699690112374,1.044893901240664
COL,Colombia,2018,6179.96,7.75,31.1,44.6,7,0.5,8.72906707793888,-0.5196809552015867,0.12921630820288368,0.24253562503633297,-0.35503306026626635,-0.10765324503541224
COL,Colombia,2018,6179.96,7.75,31.1,54.4,7,0.5,8.72906707793888,-0.5196809552015867,0.12921630820288368,0.24253562503633297,-0.35503306026626635,0.49635541985793247
COL,Colombia,2018,6179.96,7.75,31.1,63.3,7,0.5,8.72906707793888,-0.5196809552015867,0.12921630820288368,0.24253562503633297,-0.35503306026626635,1.044893901240664
COL,Colombia,2019,6187.82,7.73,30.8,55.3,7,1.5,8.730338122711377,-0.518595542615267,0.1231052490767267,0.7276068751089989,-0.3961989652185519,0.5518256033685457
COL,Colombia,2019,6187.82,7.73,30.8,45.6,7,1.5,8.730338122711377,-0.518595542615267,0.1231052490767267,0.7276068751089989,-0.3961989652185519,-0.046019707801397455
COL,Colombia,2019,6187.82,7.73,30.8,63.9,7,1.5,8.730338122711377,-0.518595542615267,0.1231052490767267,0.7276068751089989,-0.3961989652185519,1.0818740235810729
COL,Colombia,2019,6187.82,7.73,31.0,55.3,7,1.5,8.730338122711377,-0.518595542615267,0.1231052490767267,0.7276068751089989,-0.3687550285836951,0.5518256033685457
COL,Colombia,2019,6187.82,7.73,31.0,45.6,7,1.5,8.730338122711377,-0.518595542615267,0.1231052490767267,0.7276068751089989,-0.3687550285836951,-0.046019707801397455
COL,Colombia,2019,6187.82,7.73,31.0,63.9,7,1.5,8.730338122711377,-0.518595542615267,0.1231052490767267,0.7276068751089989,-0.3687550285836951,1.0818740235810729
COL,Colombia,2019,6187.82,7.73,31.1,55.3,7,1.5,8.730338122711377,-0.518595542615267,0.1231052490767267,0.7276068751089989,-0.35503306026626635,0.5518256033685457
COL,Colombia,2019,6187.82,7.73,31.1,45.6,7,1.5,8.730338122711377,-0.518595542615267,0.1231052490767267,0.7276068751089989,-0.35503306026626635,-0.046019707801397455
COL,Colombia,2019,6187.82,7.73,31.1,63.9,7,1.5,8.730338122711377,-0.518595542615267,0.1231052490767267,0.7276068751089989,-0.35503306026626635,1.0818740235810729
COL,Colombia,2020,6113.64,7.77,,,7,2.5,8.718277619461077,-0.5288946463986214,0.1353273673290407,1.212678125181665,,
COL,Colombia,2021,6210.13,7.91,,,7,3.5,8.733937108685868,-0.5155221774913693,0.1781047812121407,1.697749375254331,,
COL,Colombia,2022,6434.28,7.79,,,7,4.5,8.769395225658398,-0.48524260962563204,0.14143842645519794,2.182820625326997,,
COL,Colombia,2023,6169.57,7.68,,,7,5.5,8.727384422412483,-0.5211178640550858,0.10782760126133367,2.6678918753996625,,
COL,Colombia,2024,6428.32,7.8,,,7,6.5,8.768468507821172,-0.4860339831682939,0.14449395601827644,3.1529631254723287,,
DEU,Germany,2015,48713.52,11.76,26.7,61.6,8,-2.5,10.79371188861173,1.2434288205330952,1.3544836629973864,-1.212678125181665,-0.9587996662331201,0.9401168879428391
DEU,Germany,2015,48713.52,11.76,26.7,58.3,8,-2.5,10.79371188861173,1.2434288205330952,1.3544836629973864,-1.212678125181665,-0.9587996662331201,0.73672621507059
DEU,Germany,2015,48713.52,11.76,26.7,66.3,8,-2.5,10.79371188861173,1.2434288205330952,1.3544836629973864,-1.212678125181665,-0.9587996662331201,1.2297945129427084
DEU,Germany,2015,48713.52,11.76,36.7,61.6,8,-2.5,10.79371188861173,1.2434288205330952,1.3544836629973864,-1.212678125181665,0.41339716550972905,0.9401168879428391
DEU,Germany,2015,48713.52,11.76,36.7,58.3,8,-2.5,10.79371188861173,1.2434288205330952,1.3544836629973864,-1.212678125181665,0.41339716550972905,0.73672621507059
DEU,Germany,2015,48713.52,11.76,36.7,66.3,8,-2.5,10.79371188861173,1.2434288205330952,1.3544836629973864,-1.212678125181665,0.41339716550972905,1.2297945129427084
DEU,Germany,2015,48713.52,11.76,31.7,61.6,8,-2.5,10.79371188861173,1.2434288205330952,1.3544836629973864,-1.212678125181665,-0.27270125036169574,0.9401168879428391
DEU,Germany,2015,48713.52,11.76,31.7,58.3,8,-2.5,10.79371188861173,1.2434288205330952,1.3544836629973864,-1.212678125181665,-0.27270125036169574,0.73672621507059
DEU,Germany,2015,48713.52,11.76,31.7,66.3,8,-2.5,10.79371188861173,1.2434288205330952,1.3544836629973864,-1.212678125181665,-0.27270125036169574,1.2297945129427084
DEU,Germany,2016,47521.11,11.74,31.2,59.0,8,-1.5,10.768929312349577,1.2222656634371043,1.3483726038712296,-0.7276068751089989,-0.3413110919488382,0.7798696911344005
DEU,Germany,2016,47521.11,11.74,31.2,61.9,8,-1.5,10.768929312349577,1.2222656634371043,1.3483726038712296,-0.7276068751089989,-0.3413110919488382,0.9586069491130433
DEU,Germany,2016,47521.11,11.74,31.2,66.1,8,-1.5,10.768929312349577,1.2222656634371043,1.3483726038712296,-0.7276068751089989,-0.3413110919488382,1.2174678054959052
DEU,Germany,2016,47521.11,11.74,36.1,59.0,8,-1.5,10.768929312349577,1.2222656634371043,1.3483726038712296,-0.7276068751089989,0.33106535560515793,0.7798696911344005
DEU,Germany,2016,47521.11,11.74,36.1,61.9,8,-1.5,10.768929312349577,1.2222656634371043,1.3483726038712296,-0.7276068751089989,0.33106535560515793,0.9586069491130433
DEU,Germany,2016,47521.11,11.74,36.1,66.1,8,-1.5,10.768929312349577,1.2222656634371043,1.3483726038712296,-0.7276068751089989,0.33106535560515793,1.2174678054959052
DEU,Germany,2016,47521.11,11.74,26.2,59.0,8,-1.5,10.768929312349577,1.2222656634371043,1.3483726038712296,-0.7276068751089989,-1.0274095078202625,0.7798696911344005
DEU,Germany,2016,47521.11,11.74,26.2,61.9,8,-1.5,10.768929312349577,1.2222656634371043,1.3483726038712296,-0.7276068751089989,-1.0274095078202625,0.9586069491130433
DEU,Germany,2016,47521.11,11.74,26.2,66.1,8,-1.5,10.768929312349577,1.2222656634371043,1.3483726038712296,-0.7276068751089989,-1.0274095078202625,1.2174678054959052
DEU,Germany,2017,48432.02,11.75,35.5,65.7,8,-0.5,10.78791644421153,1.2384797829921594,1.3514281334343081,-0.24253562503633297,0.2487335457005868,1.1928143906022999
DEU,Germany,2017,48432.02,11.75,35.5,59.7,8,-0.5,10.78791644421153,1.2384797829921594,1.3514281334343081,-0.24253562503633297,0.2487335457005868,0.823013167198211
DEU,Germany,2017,48432.02,11.75,35.5,62.2,8,-0.5,10.78791644421153,1.2384797829921594,1.3514281334343081,-0.24253562503633297,0.2487335457005868,0.977097010283248
DEU,Germany,2017,48432.02,11.75,30.7,65.7,8,-0.5,10.78791644421153,1.2384797829921594,1.3514281334343081,-0.24253562503633297,-0.40992093353598064,1.1928143906022999
DEU,Germany,2017,48432.02,11.75,30.7,59.7,8,-0.5,10.78791644421153,1.2384797829921594,1.3514281334343081,-0.24253562503633297,-0.40992093353598064,0.823013167198211
DEU,Germany,2017,48432.02,11.75,30.7,62.2,8,-0.5,10.78791644421153,1.2384797829921594,1.3514281334343081,-0.24253562503633297,-0.40992093353598064,0.977097010283248
DEU,Germany,2017,48432.02,11.75,25.8,65.7,8,-0.5,10.78791644421153,1.2384797829921594,1.3514281334343081,-0.24253562503633297,-1.0822973810899763,1.1928143906022999
DEU,Germany,2017,48432.02,11.75,25.8,59.7,8,-0.5,10.78791644421153,1.2384797829921594,1.3514281334343081,-0.24253562503633297,-1.0822973810899763,0.823013167198211
DEU,Germany,2017,48432.02,11.75,25.8,62.2,8,-0.5,10.78791644421153,1.2384797829921594,1.3514281334343081,-0.24253562503633297,-1.0822973810899763,0.977097010283248
DEU,Germany,2018,49316.57,11.77,30.2,62.4,8,0.5,10.806015409036663,1.2539354495789312,1.357539192560465,0.24253562503633297,-0.47853077512312303,0.9894237177300508
DEU,Germany,2018,49316.57,11.77,30.2,65.4,8,0.5,10.806015409036663,1.2539354495789312,1.357539192560465,0.24253562503633297,-0.47853077512312303,1.1743243294320955
DEU,Germany,2018,49316.57,11.77,30.2,60.4,8,0.5,10.806015409036663,1.2539354495789312,1.357539192560465,0.24253562503633297,-0.47853077512312303,0.8661566432620211
DEU,Germany,2018,49316.57,11.77,25.4,62.4,8,0.5,10.806015409036663,1.2539354495789312,1.357539192560465,0.24253562503633297,-1.1371852543596905,0.9894237177300508
DEU,Germany,2018,49316.57,11.77,25.4,65.4,8,0.5,10.806015409036663,1.2539354495789312,1.357539192560465,0.24253562503633297,-1.1371852543596905,1.1743243294320955
DEU,Germany,2018,49316.57,11.77,25.4,60.4,8,0.5,10.806015409036663,1.2539354495789312,1.357539192560465,0.24253562503633297,-1.1371852543596905,0.8661566432620211
DEU,Germany,2018,49316.57,11.77,34.9,62.4,8,0.5,10.806015409036663,1.2539354495789312,1.357539192560465,0.24253562503633297,0.1664017357960157,0.9894237177300508
DEU,Germany,2018,49316.57,11.77,34.9,65.4,8,0.5,10.806015409036663,1.2539354495789312,1.357539192560465,0.24253562503633297,0.1664017357960157,1.1743243294320955
DEU,Germany,2018,49316.57,11.77,34.9,60.4,8,0.5,10.806015409036663,1.2539354495789312,1.357539192560465,0.24253562503633297,0.1664017357960157,0.8661566432620211
DEU,Germany,2019,49291.76,11.76,25.0,62.6,8,1.5,10.805512206101909,1.2535057378876726,1.3544836629973864,0.7276068751089989,-1.1920731276294043,1.0017504251768539
DEU,Germany,2019,49291.76,11.76,25.0,65.0,8,1.5,10.805512206101909,1.2535057378876726,1.3544836629973864,0.7276068751089989,-1.1920731276294043,1.1496709145384894
DEU,Germany,2019,49291.76,11.76,25.0,61.1,8,1.5,10.805512206101909,1.2535057378876726,1.3544836629973864,0.7276068751089989,-1.1920731276294043,0.9093001193258317
DEU,Germany,2019,49291.76,11.76,29.7,62.6,8,1.5,10.805512206101909,1.2535057378876726,1.3544836629973864,0.7276068751089989,-0.5471406167102655,1.0017504251768539
DEU,Germany,2019,49291.76,11.76,29.7,65.0,8,1.5,10.805512206101909,1.2535057378876726,1.3544836629973864,0.7276068751089989,-0.5471406167102655,1.1496709145384894
DEU,Germany,2019,49291.76,11.76,29.7,61.1,8,1.5,10.805512206101909,1.2535057378876726,1.3544836629973864,0.7276068751089989,-0.5471406167102655,0.9093001193258317
DEU,Germany,2019,49291.76,11.76,34.4,62.6,8,1.5,10.805512206101909,1.2535057378876726,1.3544836629973864,0.7276068751089989,0.09779189420887327,1.0017504251768539
DEU,Germany,2019,49291.76,11.76,34.4,65.0,8,1.5,10.805512206101909,1.2535057378876726,1.3544836629973864,0.7276068751089989,0.09779189420887327,1.1496709145384894
DEU,Germany,2019,49291.76,11.76,34.4,61.1,8,1.5,10.805512206101909,1.2535057378876726,1.3544836629973864,0.7276068751089989,0.09779189420887327,0.9093001193258317
DEU,Germany,2020,49077.55,11.84,,,8,2.5,10.80115697907847,1.249786578397927,1.378927899502015,1.212678125181665,,
DEU,Germany,2021,47561.13,11.74,,,8,3.5,10.7697711099842,1.2229845191119988,1.3483726038712296,1.697749375254331,,
DEU,Germany,2022,48668.44,11.72,,,8,4.5,10.792786049714667,1.2426381975640846,1.3422615447450725,2.182820625326997,,
DEU,Germany,2023,49015.86,11.98,,,8,5.5,10.799899198191195,1.248712492547119,1.421705313385115,2.6678918753996625,,
DEU,Germany,2024,48608.8,11.93,,,8,6.5,10.791559863456246,1.2415910920436009,1.406427665569722,3.1529631254723287,,
EGY,"Egypt, Arab Rep.",2015,3616.06,4.77,34.7,44.1,9,-2.5,8.19314031429476,-0.9773372606224039,-0.7813315015945276,-1.212678125181665,0.1389577991611593,-0.13847001365241962
EGY,"Egypt, Arab Rep.",2015,3616.06,4.77,34.7,51.8,9,-2.5,8.19314031429476,-0.9773372606224039,-0.7813315015945276,-1.212678125181665,0.1389577991611593,0.33610822304949395
EGY,"Egypt, Arab Rep.",2015,3616.06,4.77,34.7,34.4,9,-2.5,8.19314031429476,-0.9773372606224039,-0.7813315015945276,-1.212678125181665,0.1389577991611593,-0.7363153248223632
EGY,"Egypt, Arab Rep.",2015,3616.06,4.77,38.1,44.1,9,-2.5,8.19314031429476,-0.9773372606224039,-0.7813315015945276,-1.212678125181665,0.6055047219537276,-0.13847001365241962
EGY,"Egypt, Arab Rep.",2015,3616.06,4.77,38.1,51.8,9,-2.5,8.19314031429476,-0.9773372606224039,-0.7813315015945276,-1.212678125181665,0.6055047219537276,0.33610822304949395
EGY,"Egypt, Arab Rep.",2015,3616.06,4.77,38.1,34.4,9,-2.5,8.19314031429476,-0.9773372606224039,-0.7813315015945276,-1.212678125181665,0.6055047219537276,-0.7363153248223632
EGY,"Egypt, Arab Rep.",2015,3616.06,4.77,41.4,44.1,9,-2.5,8.19314031429476,-0.9773372606224039,-0.7813315015945276,-1.212678125181665,1.0583296764288672,-0.13847001365241962
EGY,"Egypt, Arab Rep.",2015,3616.06,4.77,41.4,51.8,9,-2.5,8.19314031429476,-0.9773372606224039,-0.7813315015945276,-1.212678125181665,1.0583296764288672,0.33610822304949395
EGY,"Egypt, Arab Rep.",2015,3616.06,4.77,41.4,34.4,9,-2.5,8.19314031429476,-0.9773372606224039,-0.7813315015945276,-1.212678125181665,1.0583296764288672,-0.7363153248223632
EGY,"Egypt, Arab Rep.",2016,3618.59,4.73,41.2,34.6,9,-1.5,8.193839726181482,-0.976739995694137,-0.7935536198468416,-0.7276068751089989,1.030885739794011,-0.7239886173755601
EGY,"Egypt, Arab Rep.",2016,3618.59,4.73,41.2,52.0,9,-1.5,8.193839726181482,-0.976739995694137,-0.7935536198468416,-0.7276068751089989,1.030885739794011,0.3484349304962971
EGY,"Egypt, Arab Rep.",2016,3618.59,4.73,41.2,44.3,9,-1.5,8.193839726181482,-0.976739995694137,-0.7935536198468416,-0.7276068751089989,1.030885739794011,-0.12614330620561692
EGY,"Egypt, Arab Rep.",2016,3618.59,4.73,34.9,34.6,9,-1.5,8.193839726181482,-0.976739995694137,-0.7935536198468416,-0.7276068751089989,0.1664017357960157,-0.7239886173755601
EGY,"Egypt, Arab Rep.",2016,3618.59,4.73,34.9,52.0,9,-1.5,8.193839726181482,-0.976739995694137,-0.7935536198468416,-0.7276068751089989,0.1664017357960157,0.3484349304962971
EGY,"Egypt, Arab Rep.",2016,3618.59,4.73,34.9,44.3,9,-1.5,8.193839726181482,-0.976739995694137,-0.7935536198468416,-0.7276068751089989,0.1664017357960157,-0.12614330620561692
EGY,"Egypt, Arab Rep.",2016,3618.59,4.73,38.1,34.6,9,-1.5,8.193839726181482,-0.976739995694137,-0.7935536198468416,-0.7276068751089989,0.6055047219537276,-0.7239886173755601
EGY,"Egypt, Arab Rep.",2016,3618.59,4.73,38.1,52.0,9,-1.5,8.193839726181482,-0.976739995694137,-0.7935536198468416,-0.7276068751089989,0.6055047219537276,0.3484349304962971
EGY,"Egypt, Arab Rep.",2016,3618.59,4.73,38.1,44.3,9,-1.5,8.193839726181482,-0.976739995694137,-0.7935536198468416,-0.7276068751089989,0.6055047219537276,-0.12614330620561692
EGY,"Egypt, Arab Rep.",2017,3619.91,4.7,35.1,34.6,9,-0.5,8.194204442632302,-0.9764285449610678,-0.8027202085360773,-0.24253562503633297,0.19384567243087306,-0.7239886173755601
EGY,"Egypt, Arab Rep.",2017,3619.91,4.7,35.1,52.0,9,-0.5,8.194204442632302,-0.9764285449610678,-0.8027202085360773,-0.24253562503633297,0.19384567243087306,0.3484349304962971
EGY,"Egypt, Arab Rep.",2017,3619.91,4.7,35.1,44.2,9,-0.5,8.194204442632302,-0.9764285449610678,-0.8027202085360773,-0.24253562503633297,0.19384567243087306,-0.13230665992901805
EGY,"Egypt, Arab Rep.",2017,3619.91,4.7,38.2,34.6,9,-0.5,8.194204442632302,-0.9764285449610678,-0.8027202085360773,-0.24253562503633297,0.6192266902711563,-0.7239886173755601
EGY,"Egypt, Arab Rep.",2017,3619.91,4.7,38.2,52.0,9,-0.5,8.194204442632302,-0.9764285449610678,-0.8027202085360773,-0.24253562503633297,0.6192266902711563,0.3484349304962971
EGY,"Egypt, Arab Rep.",2017,3619.91,4.7,38.2,44.2,9,-0.5,8.194204442632302,-0.9764285449610678,-0.8027202085360773,-0.24253562503633297,0.6192266902711563,-0.13230665992901805
EGY,"Egypt, Arab Rep.",2017,3619.91,4.7,41.1,34.6,9,-0.5,8.194204442632302,-0.9764285449610678,-0.8027202085360773,-0.24253562503633297,1.0171637714765822,-0.7239886173755601
EGY,"Egypt, Arab Rep.",2017,3619.91,4.7,41.1,52.0,9,-0.5,8.194204442632302,-0.9764285449610678,-0.8027202085360773,-0.24253562503633297,1.0171637714765822,0.3484349304962971
EGY,"Egypt, Arab Rep.",2017,3619.91,4.7,41.1,44.2,9,-0.5,8.194204442632302,-0.9764285449610678,-0.8027202085360773,-0.24253562503633297,1.0171637714765822,-0.13230665992901805
EGY,"Egypt, Arab Rep.",2018,3579.88,4.74,40.9,44.2,9,0.5,8.18308455927988,-0.9859244034943784,-0.790498090283763,0.24253562503633297,0.9897198348417249,-0.13230665992901805
EGY,"Egypt, Arab Rep.",2018,3579.88,4.74,40.9,52.1,9,0.5,8.18308455927988,-0.9859244034943784,-0.790498090283763,0.24253562503633297,0.9897198348417249,0.35459828421969863
EGY,"Egypt, Arab Rep.",2018,3579.88,4.74,40.9,34.6,9,0.5,8.18308455927988,-0.9859244034943784,-0.790498090283763,0.24253562503633297,0.9897198348417249,-0.7239886173755601
EGY,"Egypt, Arab Rep.",2018,3579.88,4.74,38.2,44.2,9,0.5,8.18308455927988,-0.9859244034943784,-0.790498090283763,0.24253562503633297,0.6192266902711563,-0.13230665992901805
EGY,"Egypt, Arab Rep.",2018,3579.88,4.74,38.2,52.1,9,0.5,8.18308455927988,-0.9859244034943784,-0.790498090283763,0.24253562503633297,0.6192266902711563,0.35459828421969863
EGY,"Egypt, Arab Rep.",2018,3579.88,4.74,38.2,34.6,9,0.5,8.18308455927988,-0.9859244034943784,-0.790498090283763,0.24253562503633297,0.6192266902711563,-0.7239886173755601
EGY,"Egypt, Arab Rep.",2018,3579.88,4.74,35.3,44.2,9,0.5,8.18308455927988,-0.9859244034943784,-0.790498090283763,0.24253562503633297,0.22128960906572945,-0.13230665992901805
EGY,"Egypt, Arab Rep.",2018,3579.88,4.74,35.3,52.1,9,0.5,8.18308455927988,-0.9859244034943784,-0.790498090283763,0.24253562503633297,0.22128960906572945,0.35459828421969863
EGY,"Egypt, Arab Rep.",2018,3579.88,4.74,35.3,34.6,9,0.5,8.18308455927988,-0.9859244034943784,-0.790498090283763,0.24253562503633297,0.22128960906572945,-0.7239886173755601
EGY,"Egypt, Arab Rep.",2019,3586.69,4.75,38.2,34.6,9,1.5,8.184985050602712,-0.9843014730936319,-0.7874425607206845,0.7276068751089989,0.6192266902711563,-0.7239886173755601
EGY,"Egypt, Arab Rep.",2019,3586.69,4.75,38.2,44.2,9,1.5,8.184985050602712,-0.9843014730936319,-0.7874425607206845,0.7276068751089989,0.6192266902711563,-0.13230665992901805
EGY,"Egypt, Arab Rep.",2019,3586.69,4.75,38.2,52.2,9,1.5,8.184985050602712,-0.9843014730936319,-0.7874425607206845,0.7276068751089989,0.6192266902711563,0.3607616379431002
EGY,"Egypt, Arab Rep.",2019,3586.69,4.75,35.6,34.6,9,1.5,8.184985050602712,-0.9843014730936319,-0.7874425607206845,0.7276068751089989,0.2624555140180155,-0.7239886173755601
EGY,"Egypt, Arab Rep.",2019,3586.69,4.75,35.6,44.2,9,1.5,8.184985050602712,-0.9843014730936319,-0.7874425607206845,0.7276068751089989,0.2624555140180155,-0.13230665992901805
EGY,"Egypt, Arab Rep.",2019,3586.69,4.75,35.6,52.2,9,1.5,8.184985050602712,-0.9843014730936319,-0.7874425607206845,0.7276068751089989,0.2624555140180155,0.3607616379431002
EGY,"Egypt, Arab Rep.",2019,3586.69,4.75,40.7,34.6,9,1.5,8.184985050602712,-0.9843014730936319,-0.7874425607206845,0.7276068751089989,0.9622758982068684,-0.7239886173755601
EGY,"Egypt, Arab Rep.",2019,3586.69,4.75,40.7,44.2,9,1.5,8.184985050602712,-0.9843014730936319,-0.7874425607206845,0.7276068751089989,0.9622758982068684,-0.13230665992901805
EGY,"Egypt, Arab Rep.",2019,3586.69,4.75,40.7,52.2,9,1.5,8.184985050602712,-0.9843014730936319,-0.7874425607206845,0.7276068751089989,0.9622758982068684,0.3607616379431002
EGY,"Egypt, Arab Rep.",2020,3738.14,4.74,,,9,2.5,8.226343440497676,-0.9489833490485123,-0.790498090283763,1.212678125181665,,
EGY,"Egypt, Arab Rep.",2021,3651.39,4.75,,,9,3.5,8.202863196000083,-0.9690343759352413,-0.7874425607206845,1.697749375254331,,
EGY,"Egypt, Arab Rep.",2022,3661.78,4.78,,,9,4.5,8.205704646968844,-0.9666079101555604,-0.7782759720314488,2.182820625326997,,
EGY,"Egypt, Arab Rep.",2023,3564.14,4.73,,,9,5.5,8.178678069525143,-0.9896873389509234,-0.7935536198468416,2.6678918753996625,,
EGY,"Egypt, Arab Rep.",2024,3564.66,4.68,,,9,6.5,8.178823956631225,-0.9895627582087259,-0.8088312676622346,3.1529631254723287,,
ESP,Spain,2015,29420.93,9.03,29.4,48.6,10,-2.5,10.289461604804686,0.8128227423343687,0.5203240922769393,-1.212678125181665,-0.588306521662551,0.1388809039006469
ESP,Spain,2015,29420.93,9.03,29.4,58.6,10,-2.5,10.289461604804686,0.8128227423343687,0.5203240922769393,-1.212678125181665,-0.588306521662551,0.7552162762407947
ESP,Spain,2015,29420.93,9.03,29.4,52.5,10,-2.5,10.289461604804686,0.8128227423343687,0.5203240922769393,-1.212678125181665,-0.588306521662551,0.3792516991133045
ESP,Spain,2015,29420.93,9.03,23.1,48.6,10,-2.5,10.289461604804686,0.8128227423343687,0.5203240922769393,-1.212678125181665,-1.4527905256605453,0.1388809039006469
ESP,Spain,2015,29420.93,9.03,23.1,58.6,10,-2.5,10.289461604804686,0.8128227423343687,0.5203240922769393,-1.212678125181665,-1.4527905256605453,0.7552162762407947
ESP,Spain,2015,29420.93,9.03,23.1,52.5,10,-2.5,10.289461604804686,0.8128227423343687,0.5203240922769393,-1.212678125181665,-1.4527905256605453,0.3792516991133045
ESP,Spain,2015,29420.93,9.03,35.7,48.6,10,-2.5,10.289461604804686,0.8128227423343687,0.5203240922769393,-1.212678125181665,0.27617748233544415,0.1388809039006469
ESP,Spain,2015,29420.93,9.03,35.7,58.6,10,-2.5,10.289461604804686,0.8128227423343687,0.5203240922769393,-1.212678125181665,0.27617748233544415,0.7552162762407947
ESP,Spain,2015,29420.93,9.03,35.7,52.5,10,-2.5,10.289461604804686,0.8128227423343687,0.5203240922769393,-1.212678125181665,0.27617748233544415,0.3792516991133045
ESP,Spain,2016,31377.08,9.04,22.5,58.5,10,-1.5,10.353832969057398,0.8677928664955068,0.5233796218400177,-0.7276068751089989,-1.5351223355651165,0.7490529225173932
ESP,Spain,2016,31377.08,9.04,22.5,52.8,10,-1.5,10.353832969057398,0.8677928664955068,0.5233796218400177,-0.7276068751089989,-1.5351223355651165,0.3977417602835087
ESP,Spain,2016,31377.08,9.04,22.5,49.2,10,-1.5,10.353832969057398,0.8677928664955068,0.5233796218400177,-0.7276068751089989,-1.5351223355651165,0.17586102624105585
ESP,Spain,2016,31377.08,9.04,35.1,58.5,10,-1.5,10.353832969057398,0.8677928664955068,0.5233796218400177,-0.7276068751089989,0.19384567243087306,0.7490529225173932
ESP,Spain,2016,31377.08,9.04,35.1,52.8,10,-1.5,10.353832969057398,0.8677928664955068,0.5233796218400177,-0.7276068751089989,0.19384567243087306,0.3977417602835087
ESP,Spain,2016,31377.08,9.04,35.1,49.2,10,-1.5,10.353832969057398,0.8677928664955068,0.5233796218400177,-0.7276068751089989,0.19384567243087306,0.17586102624105585
ESP,Spain,2016,31377.08,9.04,28.8,58.5,10,-1.5,10.353832969057398,0.8677928664955068,0.5233796218400177,-0.7276068751089989,-0.6706383315671216,0.7490529225173932
ESP,Spain,2016,31377.08,9.04,28.8,52.8,10,-1.5,10.353832969057398,0.8677928664955068,0.5233796218400177,-0.7276068751089989,-0.6706383315671216,0.3977417602835087
ESP,Spain,2016,31377.08,9.04,28.8,49.2,10,-1.5,10.353832969057398,0.8677928664955068,0.5233796218400177,-0.7276068751089989,-0.6706383315671216,0.17586102624105585
ESP,Spain,2017,30703.09,9.04,34.6,49.8,10,-0.5,10.332118579976068,0.849249797263699,0.5233796218400177,-0.24253562503633297,0.12523583084373063,0.21284114858146438
ESP,Spain,2017,30703.09,9.04,34.6,58.3,10,-0.5,10.332118579976068,0.849249797263699,0.5233796218400177,-0.24253562503633297,0.12523583084373063,0.73672621507059
ESP,Spain,2017,30703.09,9.04,34.6,53.1,10,-0.5,10.332118579976068,0.849249797263699,0.5233796218400177,-0.24253562503633297,0.12523583084373063,0.4162318214537134
ESP,Spain,2017,30703.09,9.04,21.9,49.8,10,-0.5,10.332118579976068,0.849249797263699,0.5233796218400177,-0.24253562503633297,-1.6174541454696876,0.21284114858146438
ESP,Spain,2017,30703.09,9.04,21.9,58.3,10,-0.5,10.332118579976068,0.849249797263699,0.5233796218400177,-0.24253562503633297,-1.6174541454696876,0.73672621507059
ESP,Spain,2017,30703.09,9.04,21.9,53.1,10,-0.5,10.332118579976068,0.849249797263699,0.5233796218400177,-0.24253562503633297,-1.6174541454696876,0.4162318214537134
ESP,Spain,2017,30703.09,9.04,28.2,49.8,10,-0.5,10.332118579976068,0.849249797263699,0.5233796218400177,-0.24253562503633297,-0.7529701414716927,0.21284114858146438
ESP,Spain,2017,30703.09,9.04,28.2,58.3,10,-0.5,10.332118579976068,0.849249797263699,0.5233796218400177,-0.24253562503633297,-0.7529701414716927,0.73672621507059
ESP,Spain,2017,30703.09,9.04,28.2,53.1,10,-0.5,10.332118579976068,0.849249797263699,0.5233796218400177,-0.24253562503633297,-0.7529701414716927,0.4162318214537134
ESP,Spain,2018,30858.94,9.17,21.4,58.1,10,0.5,10.337181776655804,0.8535735296153182,0.5631015061600393,0.24253562503633297,-1.68606398705683,0.7243995076237874
ESP,Spain,2018,30858.94,9.17,21.4,53.3,10,0.5,10.337181776655804,0.8535735296153182,0.5631015061600393,0.24253562503633297,-1.68606398705683,0.4285585289005161
ESP,Spain,2018,30858.94,9.17,21.4,50.4,10,0.5,10.337181776655804,0.8535735296153182,0.5631015061600393,0.24253562503633297,-1.68606398705683,0.24982127092187334
ESP,Spain,2018,30858.94,9.17,27.7,58.1,10,0.5,10.337181776655804,0.8535735296153182,0.5631015061600393,0.24253562503633297,-0.8215799830588352,0.7243995076237874
ESP,Spain,2018,30858.94,9.17,27.7,53.3,10,0.5,10.337181776655804,0.8535735296153182,0.5631015061600393,0.24253562503633297,-0.8215799830588352,0.4285585289005161
ESP,Spain,2018,30858.94,9.17,27.7,50.4,10,0.5,10.337181776655804,0.8535735296153182,0.5631015061600393,0.24253562503633297,-0.8215799830588352,0.24982127092187334
ESP,Spain,2018,30858.94,9.17,34.1,58.1,10,0.5,10.337181776655804,0.8535735296153182,0.5631015061600393,0.24253562503633297,0.0566259892565882,0.7243995076237874
ESP,Spain,2018,30858.94,9.17,34.1,53.3,10,0.5,10.337181776655804,0.8535735296153182,0.5631015061600393,0.24253562503633297,0.0566259892565882,0.4285585289005161
ESP,Spain,2018,30858.94,9.17,34.1,50.4,10,0.5,10.337181776655804,0.8535735296153182,0.5631015061600393,0.24253562503633297,0.0566259892565882,0.24982127092187334
ESP,Spain,2019,30306.02,9.14,33.5,58.0,10,1.5,10.319101651631216,0.8381339513340704,0.5539349174708038,0.7276068751089989,-0.02570582064798291,0.7182361539003858
ESP,Spain,2019,30306.02,9.14,33.5,51.0,10,1.5,10.319101651631216,0.8381339513340704,0.5539349174708038,0.7276068751089989,-0.02570582064798291,0.28680139326228227
ESP,Spain,2019,30306.02,9.14,33.5,53.6,10,1.5,10.319101651631216,0.8381339513340704,0.5539349174708038,0.7276068751089989,-0.02570582064798291,0.4470485900707208
ESP,Spain,2019,30306.02,9.14,20.8,58.0,10,1.5,10.319101651631216,0.8381339513340704,0.5539349174708038,0.7276068751089989,-1.7683957969614006,0.7182361539003858
ESP,Spain,2019,30306.02,9.14,20.8,51.0,10,1.5,10.319101651631216,0.8381339513340704,0.5539349174708038,0.7276068751089989,-1.7683957969614006,0.28680139326228227
ESP,Spain,2019,30306.02,9.14,20.8,53.6,10,1.5,10.319101651631216,0.8381339513340704,0.5539349174708038,0.7276068751089989,-1.7683957969614006,0.4470485900707208
ESP,Spain,2019,30306.02,9.14,27.2,58.0,10,1.5,10.319101651631216,0.8381339513340704,0.5539349174708038,0.7276068751089989,-0.8901898246459776,0.7182361539003858
ESP,Spain,2019,30306.02,9.14,27.2,51.0,10,1.5,10.319101651631216,0.8381339513340704,0.5539349174708038,0.7276068751089989,-0.8901898246459776,0.28680139326228227
ESP,Spain,2019,30306.02,9.14,27.2,53.6,10,1.5,10.319101651631216,0.8381339513340704,0.5539349174708038,0.7276068751089989,-0.8901898246459776,0.4470485900707208
ESP,Spain,2020,30107.13,9.19,,,10,2.5,10.312517299762433,0.8325112238379326,0.5692125652861963,1.212678125181665,,
ESP,Spain,2021,30327.01,9.05,,,10,3.5,10.319794013561289,0.8387251959302098,0.5264351514030968,1.697749375254331,,
ESP,Spain,2022,29933.24,9.19,,,10,4.5,10.30672484757723,0.827564741508181,0.5692125652861963,2.182820625326997,,
ESP,Spain,2023,31747.45,9.2,,,10,5.5,10.365567686134789,0.8778137641761518,0.5722680948492748,2.6678918753996625,,
ESP,Spain,2024,30828.82,9.22,,,10,6.5,10.336205245739668,0.8527396180409662,0.5783791539754324,3.1529631254723287,,
ETH,Ethiopia,2015,935.84,3.47,26.0,13.1,11,-2.5,6.841444521694716,-2.131622033205596,-1.1785503447947403,-1.212678125181665,-1.0548534444551194,-2.049109667906878
ETH,Ethiopia,2015,935.84,3.47,26.0,13.2,11,-2.5,6.841444521694716,-2.131622033205596,-1.1785503447947403,-1.212678125181665,-1.0548534444551194,-2.0429463141834763
ETH,Ethiopia,2015,935.84,3.47,26.0,13.4,11,-2.5,6.841444521694716,-2.131622033205596,-1.1785503447947403,-1.212678125181665,-1.0548534444551194,-2.0306196067366735
ETH,Ethiopia,2015,935.84,3.47,29.7,13.1,11,-2.5,6.841444521694716,-2.131622033205596,-1.1785503447947403,-1.212678125181665,-0.5471406167102655,-2.049109667906878
ETH,Ethiopia,2015,935.84,3.47,29.7,13.2,11,-2.5,6.841444521694716,-2.131622033205596,-1.1785503447947403,-1.212678125181665,-0.5471406167102655,-2.0429463141834763
ETH,Ethiopia,2015,935.84,3.47,29.7,13.4,11,-2.5,6.841444521694716,-2.131622033205596,-1.1785503447947403,-1.212678125181665,-0.5471406167102655,-2.0306196067366735
ETH,Ethiopia,2015,935.84,3.47,27.9,13.1,11,-2.5,6.841444521694716,-2.131622033205596,-1.1785503447947403,-1.212678125181665,-0.7941360464239783,-2.049109667906878
ETH,Ethiopia,2015,935.84,3.47,27.9,13.2,11,-2.5,6.841444521694716,-2.131622033205596,-1.1785503447947403,-1.212678125181665,-0.7941360464239783,-2.0429463141834763
ETH,Ethiopia,2015,935.84,3.47,27.9,13.4,11,-2.5,6.841444521694716,-2.131622033205596,-1.1785503447947403,-1.212678125181665,-0.7941360464239783,-2.0306196067366735
ETH,Ethiopia,2016,903.53,3.43,27.8,13.8,11,-1.5,6.806309313686902,-2.1616258519693963,-1.1907724630470546,-0.7276068751089989,-0.8078580147414065,-2.005966191843068
ETH,Ethiopia,2016,903.53,3.43,27.8,13.9,11,-1.5,6.806309313686902,-2.1616258519693963,-1.1907724630470546,-0.7276068751089989,-0.8078580147414065,-1.9998028381196662
ETH,Ethiopia,2016,903.53,3.43,27.8,13.7,11,-1.5,6.806309313686902,-2.1616258519693963,-1.1907724630470546,-0.7276068751089989,-0.8078580147414065,-2.012129545566469
ETH,Ethiopia,2016,903.53,3.43,25.6,13.8,11,-1.5,6.806309313686902,-2.1616258519693963,-1.1907724630470546,-0.7276068751089989,-1.1097413177248332,-2.005966191843068
ETH,Ethiopia,2016,903.53,3.43,25.6,13.9,11,-1.5,6.806309313686902,-2.1616258519693963,-1.1907724630470546,-0.7276068751089989,-1.1097413177248332,-1.9998028381196662
ETH,Ethiopia,2016,903.53,3.43,25.6,13.7,11,-1.5,6.806309313686902,-2.1616258519693963,-1.1907724630470546,-0.7276068751089989,-1.1097413177248332,-2.012129545566469
ETH,Ethiopia,2016,903.53,3.43,29.8,13.8,11,-1.5,6.806309313686902,-2.1616258519693963,-1.1907724630470546,-0.7276068751089989,-0.5334186483928368,-2.005966191843068
ETH,Ethiopia,2016,903.53,3.43,29.8,13.9,11,-1.5,6.806309313686902,-2.1616258519693963,-1.1907724630470546,-0.7276068751089989,-0.5334186483928368,-1.9998028381196662
ETH,Ethiopia,2016,903.53,3.43,29.8,13.7,11,-1.5,6.806309313686902,-2.1616258519693963,-1.1907724630470546,-0.7276068751089989,-0.5334186483928368,-2.012129545566469
ETH,Ethiopia,2017,915.42,3.49,25.3,14.5,11,-0.5,6.8193829763531655,-2.150461557591791,-1.1724392856685832,-0.24253562503633297,-1.1509072226771186,-1.9628227157792573
ETH,Ethiopia,2017,915.42,3.49,25.3,14.3,11,-0.5,6.8193829763531655,-2.150461557591791,-1.1724392856685832,-0.24253562503633297,-1.1509072226771186,-1.9751494232260605
ETH,Ethiopia,2017,915.42,3.49,25.3,14.4,11,-0.5,6.8193829763531655,-2.150461557591791,-1.1724392856685832,-0.24253562503633297,-1.1509072226771186,-1.9689860695026589
ETH,Ethiopia,2017,915.42,3.49,27.7,14.5,11,-0.5,6.8193829763531655,-2.150461557591791,-1.1724392856685832,-0.24253562503633297,-0.8215799830588352,-1.9628227157792573
ETH,Ethiopia,2017,915.42,3.49,27.7,14.3,11,-0.5,6.8193829763531655,-2.150461557591791,-1.1724392856685832,-0.24253562503633297,-0.8215799830588352,-1.9751494232260605
ETH,Ethiopia,2017,915.42,3.49,27.7,14.4,11,-0.5,6.8193829763531655,-2.150461557591791,-1.1724392856685832,-0.24253562503633297,-0.8215799830588352,-1.9689860695026589
ETH,Ethiopia,2017,915.42,3.49,29.9,14.5,11,-0.5,6.8193829763531655,-2.150461557591791,-1.1724392856685832,-0.24253562503633297,-0.5196966800754086,-1.9628227157792573
ETH,Ethiopia,2017,915.42,3.49,29.9,14.3,11,-0.5,6.8193829763531655,-2.150461557591791,-1.1724392856685832,-0.24253562503633297,-0.5196966800754086,-1.9751494232260605
ETH,Ethiopia,2017,915.42,3.49,29.9,14.4,11,-0.5,6.8193829763531655,-2.150461557591791,-1.1724392856685832,-0.24253562503633297,-0.5196966800754086,-1.9689860695026589
ETH,Ethiopia,2018,933.85,3.58,30.0,15.0,11,0.5,6.839315825759616,-2.1334398396357095,-1.1449395196008763,0.24253562503633297,-0.5059747117579799,-1.93200594716225
ETH,Ethiopia,2018,933.85,3.58,30.0,15.0,11,0.5,6.839315825759616,-2.1334398396357095,-1.1449395196008763,0.24253562503633297,-0.5059747117579799,-1.93200594716225
ETH,Ethiopia,2018,933.85,3.58,30.0,14.9,11,0.5,6.839315825759616,-2.1334398396357095,-1.1449395196008763,0.24253562503633297,-0.5059747117579799,-1.9381693008856515
ETH,Ethiopia,2018,933.85,3.58,27.5,15.0,11,0.5,6.839315825759616,-2.1334398396357095,-1.1449395196008763,0.24253562503633297,-0.8490239196936921,-1.93200594716225
ETH,Ethiopia,2018,933.85,3.58,27.5,15.0,11,0.5,6.839315825759616,-2.1334398396357095,-1.1449395196008763,0.24253562503633297,-0.8490239196936921,-1.93200594716225
ETH,Ethiopia,2018,933.85,3.58,27.5,14.9,11,0.5,6.839315825759616,-2.1334398396357095,-1.1449395196008763,0.24253562503633297,-0.8490239196936921,-1.9381693008856515
ETH,Ethiopia,2018,933.85,3.58,24.9,15.0,11,0.5,6.839315825759616,-2.1334398396357095,-1.1449395196008763,0.24253562503633297,-1.2057950959468329,-1.93200594716225
ETH,Ethiopia,2018,933.85,3.58,24.9,15.0,11,0.5,6.839315825759616,-2.1334398396357095,-1.1449395196008763,0.24253562503633297,-1.2057950959468329,-1.93200594716225
ETH,Ethiopia,2018,933.85,3.58,24.9,14.9,11,0.5,6.839315825759616,-2.1334398396357095,-1.1449395196008763,0.24253562503633297,-1.2057950959468329,-1.9381693008856515
ETH,Ethiopia,2019,962.97,3.48,27.4,15.6,11,1.5,6.870022258664897,-2.1072179869696335,-1.1754948152316618,0.7276068751089989,-0.8627458880111207,-1.895025824821841
ETH,Ethiopia,2019,962.97,3.48,27.4,15.6,11,1.5,6.870022258664897,-2.1072179869696335,-1.1754948152316618,0.7276068751089989,-0.8627458880111207,-1.895025824821841
ETH,Ethiopia,2019,962.97,3.48,27.4,15.6,11,1.5,6.870022258664897,-2.1072179869696335,-1.1754948152316618,0.7276068751089989,-0.8627458880111207,-1.895025824821841
ETH,Ethiopia,2019,962.97,3.48,30.1,15.6,11,1.5,6.870022258664897,-2.1072179869696335,-1.1754948152316618,0.7276068751089989,-0.49225274344055125,-1.895025824821841
ETH,Ethiopia,2019,962.97,3.48,30.1,15.6,11,1.5,6.870022258664897,-2.1072179869696335,-1.1754948152316618,0.7276068751089989,-0.49225274344055125,-1.895025824821841
ETH,Ethiopia,2019,962.97,3.48,30.1,15.6,11,1.5,6.870022258664897,-2.1072179869696335,-1.1754948152316618,0.7276068751089989,-0.49225274344055125,-1.895025824821841
ETH,Ethiopia,2019,962.97,3.48,24.5,15.6,11,1.5,6.870022258664897,-2.1072179869696335,-1.1754948152316618,0.7276068751089989,-1.2606829692165467,-1.895025824821841
ETH,Ethiopia,2019,962.97,3.48,24.5,15.6,11,1.5,6.870022258664897,-2.1072179869696335,-1.1754948152316618,0.7276068751089989,-1.2606829692165467,-1.895025824821841
ETH,Ethiopia,2019,962.97,3.48,24.5,15.6,11,1.5,6.870022258664897,-2.1072179869696335,-1.1754948152316618,0.7276068751089989,-1.2606829692165467,-1.895025824821841
ETH,Ethiopia,2020,951.97,3.51,,,11,2.5,6.8585335216897905,-2.1170288291866313,-1.1663282265424262,1.212678125181665,,
ETH,Ethiopia,2021,943.31,3.53,,,11,3.5,6.849394966680927,-2.1248327262971305,-1.1602171674162691,1.697749375254331,,
ETH,Ethiopia,2022,963.22,3.52,,,11,4.5,6.870281838458586,-2.1069963180077513,-1.1632726969793474,2.182820625326997,,
ETH,Ethiopia,2023,974.59,3.49,,,11,5.5,6.882016869737024,-2.0969751520141573,-1.1724392856685832,2.6678918753996625,,
ETH,Ethiopia,2024,958.02,3.63,,,11,6.5,6.864868654579665,-2.11161892300278,-1.1296618717854834,3.1529631254723287,,
FRA,France,2015,40586.39,11.26,25.2,51.6,12,-2.5,10.611188067715602,1.08756204322454,1.2017071848434584,-1.212678125181665,-1.1646291909945474,0.32378151560269125
FRA,France,2015,40586.39,11.26,25.2,57.3,12,-2.5,10.611188067715602,1.08756204322454,1.2017071848434584,-1.212678125181665,-1.1646291909945474,0.6750926778365752
FRA,France,2015,40586.39,11.26,25.2,47.5,12,-2.5,10.611188067715602,1.08756204322454,1.2017071848434584,-1.212678125181665,-1.1646291909945474,0.07108401294323055
FRA,France,2015,40586.39,11.26,35.4,51.6,12,-2.5,10.611188067715602,1.08756204322454,1.2017071848434584,-1.212678125181665,0.23501157738315812,0.32378151560269125
FRA,France,2015,40586.39,11.26,35.4,57.3,12,-2.5,10.611188067715602,1.08756204322454,1.2017071848434584,-1.212678125181665,0.23501157738315812,0.6750926778365752
FRA,France,2015,40586.39,11.26,35.4,47.5,12,-2.5,10.611188067715602,1.08756204322454,1.2017071848434584,-1.212678125181665,0.23501157738315812,0.07108401294323055
FRA,France,2015,40586.39,11.26,30.2,51.6,12,-2.5,10.611188067715602,1.08756204322454,1.2017071848434584,-1.212678125181665,-0.47853077512312303,0.32378151560269125
FRA,France,2015,40586.39,11.26,30.2,57.3,12,-2.5,10.611188067715602,1.08756204322454,1.2017071848434584,-1.212678125181665,-0.47853077512312303,0.6750926778365752
FRA,France,2015,40586.39,11.26,30.2,47.5,12,-2.5,10.611188067715602,1.08756204322454,1.2017071848434584,-1.212678125181665,-0.47853077512312303,0.07108401294323055
FRA,France,2016,42276.71,11.38,25.0,48.2,12,-1.5,10.651991622386927,1.1224063640267663,1.2383735396004014,-0.7276068751089989,-1.1920731276294043,0.11422748900704106
FRA,France,2016,42276.71,11.38,25.0,56.9,12,-1.5,10.651991622386927,1.1224063640267663,1.2383735396004014,-0.7276068751089989,-1.1920731276294043,0.6504392629429694
FRA,France,2016,42276.71,11.38,25.0,51.8,12,-1.5,10.651991622386927,1.1224063640267663,1.2383735396004014,-0.7276068751089989,-1.1920731276294043,0.33610822304949395
FRA,France,2016,42276.71,11.38,29.9,48.2,12,-1.5,10.651991622386927,1.1224063640267663,1.2383735396004014,-0.7276068751089989,-0.5196966800754086,0.11422748900704106
FRA,France,2016,42276.71,11.38,29.9,56.9,12,-1.5,10.651991622386927,1.1224063640267663,1.2383735396004014,-0.7276068751089989,-0.5196966800754086,0.6504392629429694
FRA,France,2016,42276.71,11.38,29.9,51.8,12,-1.5,10.651991622386927,1.1224063640267663,1.2383735396004014,-0.7276068751089989,-0.5196966800754086,0.33610822304949395
FRA,France,2016,42276.71,11.38,35.1,48.2,12,-1.5,10.651991622386927,1.1224063640267663,1.2383735396004014,-0.7276068751089989,0.19384567243087306,0.11422748900704106
FRA,France,2016,42276.71,11.38,35.1,56.9,12,-1.5,10.651991622386927,1.1224063640267663,1.2383735396004014,-0.7276068751089989,0.19384567243087306,0.6504392629429694
FRA,France,2016,42276.71,11.38,35.1,51.8,12,-1.5,10.651991622386927,1.1224063640267663,1.2383735396004014,-0.7276068751089989,0.19384567243087306,0.33610822304949395
FRA,France,2017,42877.43,11.41,29.6,48.8,12,-0.5,10.666100859247035,1.1344549901670202,1.247540128289637,-0.24253562503633297,-0.5608625850276937,0.1512076113474496
FRA,France,2017,42877.43,11.41,29.6,56.5,12,-0.5,10.666100859247035,1.1344549901670202,1.247540128289637,-0.24253562503633297,-0.5608625850276937,0.6257858480493635
FRA,France,2017,42877.43,11.41,29.6,52.0,12,-0.5,10.666100859247035,1.1344549901670202,1.247540128289637,-0.24253562503633297,-0.5608625850276937,0.3484349304962971
FRA,France,2017,42877.43,11.41,24.8,48.8,12,-0.5,10.666100859247035,1.1344549901670202,1.247540128289637,-0.24253562503633297,-1.219517064264261,0.1512076113474496
FRA,France,2017,42877.43,11.41,24.8,56.5,12,-0.5,10.666100859247035,1.1344549901670202,1.247540128289637,-0.24253562503633297,-1.219517064264261,0.6257858480493635
FRA,France,2017,42877.43,11.41,24.8,52.0,12,-0.5,10.666100859247035,1.1344549901670202,1.247540128289637,-0.24253562503633297,-1.219517064264261,0.3484349304962971
FRA,France,2017,42877.43,11.41,34.8,48.8,12,-0.5,10.666100859247035,1.1344549901670202,1.247540128289637,-0.24253562503633297,0.15267976747858703,0.1512076113474496
FRA,France,2017,42877.43,11.41,34.8,56.5,12,-0.5,10.666100859247035,1.1344549901670202,1.247540128289637,-0.24253562503633297,0.15267976747858703,0.6257858480493635
FRA,France,2017,42877.43,11.41,34.8,52.0,12,-0.5,10.666100859247035,1.1344549901670202,1.247540128289637,-0.24253562503633297,0.15267976747858703,0.3484349304962971
FRA,France,2018,42127.07,11.29,24.6,49.4,12,0.5,10.648445805913234,1.119378403161337,1.210873773532694,0.24253562503633297,-1.2469610008991179,0.18818773368785854
FRA,France,2018,42127.07,11.29,24.6,56.1,12,0.5,10.648445805913234,1.119378403161337,1.210873773532694,0.24253562503633297,-1.2469610008991179,0.6011324331557578
FRA,France,2018,42127.07,11.29,24.6,52.1,12,0.5,10.648445805913234,1.119378403161337,1.210873773532694,0.24253562503633297,-1.2469610008991179,0.35459828421969863
FRA,France,2018,42127.07,11.29,29.4,49.4,12,0.5,10.648445805913234,1.119378403161337,1.210873773532694,0.24253562503633297,-0.588306521662551,0.18818773368785854
FRA,France,2018,42127.07,11.29,29.4,56.1,12,0.5,10.648445805913234,1.119378403161337,1.210873773532694,0.24253562503633297,-0.588306521662551,0.6011324331557578
FRA,France,2018,42127.07,11.29,29.4,52.1,12,0.5,10.648445805913234,1.119378403161337,1.210873773532694,0.24253562503633297,-0.588306521662551,0.35459828421969863
FRA,France,2018,42127.07,11.29,34.4,49.4,12,0.5,10.648445805913234,1.119378403161337,1.210873773532694,0.24253562503633297,0.09779189420887327,0.18818773368785854
FRA,France,2018,42127.07,11.29,34.4,56.1,12,0.5,10.648445805913234,1.119378403161337,1.210873773532694,0.24253562503633297,0.09779189420887327,0.6011324331557578
FRA,France,2018,42127.07,11.29,34.4,52.1,12,0.5,10.648445805913234,1.119378403161337,1.210873773532694,0.24253562503633297,0.09779189420887327,0.35459828421969863
FRA,France,2019,43280.7,11.33,29.1,52.3,12,1.5,10.675462087141879,1.1424490394722377,1.2230958917850085,0.7276068751089989,-0.629472426614836,0.36692499166650133
FRA,France,2019,43280.7,11.33,29.1,55.7,12,1.5,10.675462087141879,1.1424490394722377,1.2230958917850085,0.7276068751089989,-0.629472426614836,0.576479018262152
FRA,France,2019,43280.7,11.33,29.1,49.9,12,1.5,10.675462087141879,1.1424490394722377,1.2230958917850085,0.7276068751089989,-0.629472426614836,0.21900450230486593
FRA,France,2019,43280.7,11.33,34.1,52.3,12,1.5,10.675462087141879,1.1424490394722377,1.2230958917850085,0.7276068751089989,0.0566259892565882,0.36692499166650133
FRA,France,2019,43280.7,11.33,34.1,55.7,12,1.5,10.675462087141879,1.1424490394722377,1.2230958917850085,0.7276068751089989,0.0566259892565882,0.576479018262152
FRA,France,2019,43280.7,11.33,34.1,49.9,12,1.5,10.675462087141879,1.1424490394722377,1.2230958917850085,0.7276068751089989,0.0566259892565882,0.21900450230486593
FRA,France,2019,43280.7,11.33,24.4,52.3,12,1.5,10.675462087141879,1.1424490394722377,1.2230958917850085,0.7276068751089989,-1.2744049375339752,0.36692499166650133
FRA,France,2019,43280.7,11.33,24.4,55.7,12,1.5,10.675462087141879,1.1424490394722377,1.2230958917850085,0.7276068751089989,-1.2744049375339752,0.576479018262152
FRA,France,2019,43280.7,11.33,24.4,49.9,12,1.5,10.675462087141879,1.1424490394722377,1.2230958917850085,0.7276068751089989,-1.2744049375339752,0.21900450230486593
FRA,France,2020,41628.42,11.23,,,12,2.5,10.636538386069782,1.109210025423316,1.192540596154223,1.212678125181665,,
FRA,France,2021,42067.66,11.43,,,12,3.5,10.647034553454553,1.1181732597908807,1.253651187415794,1.697749375254331,,
FRA,France,2022,43099.64,11.47,,,12,4.5,10.671269923388742,1.1388691283628651,1.2658733056681086,2.182820625326997,,
FRA,France,2023,42761.11,11.42,,,12,5.5,10.663384323642093,1.1321351962458361,1.2505956578527155,2.6678918753996625,,
FRA,France,2024,43785.5,11.38,,,12,6.5,10.687057991327004,1.1523513974572965,1.2383735396004014,3.1529631254723287,,
GBR,United Kingdom,2015,46280.34,10.09,24.2,50.0,13,-2.5,10.742472527866624,1.199672811090168,0.8442102259632669,-1.212678125181665,-1.301848874168832,0.2251678560282675
GBR,United Kingdom,2015,46280.34,10.09,24.2,46.1,13,-2.5,10.742472527866624,1.199672811090168,0.8442102259632669,-1.212678125181665,-1.301848874168832,-0.015202939184390063
GBR,United Kingdom,2015,46280.34,10.09,24.2,47.8,13,-2.5,10.742472527866624,1.199672811090168,0.8442102259632669,-1.212678125181665,-1.301848874168832,0.0895740741134348
GBR,United Kingdom,2015,46280.34,10.09,31.0,50.0,13,-2.5,10.742472527866624,1.199672811090168,0.8442102259632669,-1.212678125181665,-0.3687550285836951,0.2251678560282675
GBR,United Kingdom,2015,46280.34,10.09,31.0,46.1,13,-2.5,10.742472527866624,1.199672811090168,0.8442102259632669,-1.212678125181665,-0.3687550285836951,-0.015202939184390063
GBR,United Kingdom,2015,46280.34,10.09,31.0,47.8,13,-2.5,10.742472527866624,1.199672811090168,0.8442102259632669,-1.212678125181665,-0.3687550285836951,0.0895740741134348
GBR,United Kingdom,2015,46280.34,10.09,27.6,50.0,13,-2.5,10.742472527866624,1.199672811090168,0.8442102259632669,-1.212678125181665,-0.8353019513762634,0.2251678560282675
GBR,United Kingdom,2015,46280.34,10.09,27.6,46.1,13,-2.5,10.742472527866624,1.199672811090168,0.8442102259632669,-1.212678125181665,-0.8353019513762634,-0.015202939184390063
GBR,United Kingdom,2015,46280.34,10.09,27.6,47.8,13,-2.5,10.742472527866624,1.199672811090168,0.8442102259632669,-1.212678125181665,-0.8353019513762634,0.0895740741134348
GBR,United Kingdom,2016,46843.75,10.31,27.3,47.9,13,-1.5,10.754572874285008,1.2100059390692495,0.9114318763509954,-0.7276068751089989,-0.876467856328549,0.09573742783683638
GBR,United Kingdom,2016,46843.75,10.31,27.3,49.6,13,-1.5,10.754572874285008,1.2100059390692495,0.9114318763509954,-0.7276068751089989,-0.876467856328549,0.2005144411346617
GBR,United Kingdom,2016,46843.75,10.31,27.3,46.5,13,-1.5,10.754572874285008,1.2100059390692495,0.9114318763509954,-0.7276068751089989,-0.876467856328549,0.009450475709215764
GBR,United Kingdom,2016,46843.75,10.31,30.7,47.9,13,-1.5,10.754572874285008,1.2100059390692495,0.9114318763509954,-0.7276068751089989,-0.40992093353598064,0.09573742783683638
GBR,United Kingdom,2016,46843.75,10.31,30.7,49.6,13,-1.5,10.754572874285008,1.2100059390692495,0.9114318763509954,-0.7276068751089989,-0.40992093353598064,0.2005144411346617
GBR,United Kingdom,2016,46843.75,10.31,30.7,46.5,13,-1.5,10.754572874285008,1.2100059390692495,0.9114318763509954,-0.7276068751089989,-0.40992093353598064,0.009450475709215764
GBR,United Kingdom,2016,46843.75,10.31,23.9,47.9,13,-1.5,10.754572874285008,1.2100059390692495,0.9114318763509954,-0.7276068751089989,-1.3430147791211178,0.09573742783683638
GBR,United Kingdom,2016,46843.75,10.31,23.9,49.6,13,-1.5,10.754572874285008,1.2100059390692495,0.9114318763509954,-0.7276068751089989,-1.3430147791211178,0.2005144411346617
GBR,United Kingdom,2016,46843.75,10.31,23.9,46.5,13,-1.5,10.754572874285008,1.2100059390692495,0.9114318763509954,-0.7276068751089989,-1.3430147791211178,0.009450475709215764
GBR,United Kingdom,2017,44511.71,10.09,27.0,47.8,13,-0.5,10.703507579604894,1.1663985738770057,0.8442102259632669,-0.24253562503633297,-0.9176337612808345,0.0895740741134348
GBR,United Kingdom,2017,44511.71,10.09,27.0,49.0,13,-0.5,10.703507579604894,1.1663985738770057,0.8442102259632669,-0.24253562503633297,-0.9176337612808345,0.16353431879425273
GBR,United Kingdom,2017,44511.71,10.09,27.0,46.8,13,-0.5,10.703507579604894,1.1663985738770057,0.8442102259632669,-0.24253562503633297,-0.9176337612808345,0.027940536879420025
GBR,United Kingdom,2017,44511.71,10.09,23.6,47.8,13,-0.5,10.703507579604894,1.1663985738770057,0.8442102259632669,-0.24253562503633297,-1.3841806840734028,0.0895740741134348
GBR,United Kingdom,2017,44511.71,10.09,23.6,49.0,13,-0.5,10.703507579604894,1.1663985738770057,0.8442102259632669,-0.24253562503633297,-1.3841806840734028,0.16353431879425273
GBR,United Kingdom,2017,44511.71,10.09,23.6,46.8,13,-0.5,10.703507579604894,1.1663985738770057,0.8442102259632669,-0.24253562503633297,-1.3841806840734028,0.027940536879420025
GBR,United Kingdom,2017,44511.71,10.09,30.4,47.8,13,-0.5,10.703507579604894,1.1663985738770057,0.8442102259632669,-0.24253562503633297,-0.4510868384882662,0.0895740741134348
GBR,United Kingdom,2017,44511.71,10.09,30.4,49.0,13,-0.5,10.703507579604894,1.1663985738770057,0.8442102259632669,-0.24253562503633297,-0.4510868384882662,0.16353431879425273
GBR,United Kingdom,2017,44511.71,10.09,30.4,46.8,13,-0.5,10.703507579604894,1.1663985738770057,0.8442102259632669,-0.24253562503633297,-0.4510868384882662,0.027940536879420025
GBR,United Kingdom,2018,46577.61,10.2,23.3,48.5,13,0.5,10.748875232547025,1.2051404204120242,0.8778210511571308,0.24253562503633297,-1.4253465890256884,0.13271755017724532
GBR,United Kingdom,2018,46577.61,10.2,23.3,47.7,13,0.5,10.748875232547025,1.2051404204120242,0.8778210511571308,0.24253562503633297,-1.4253465890256884,0.08341072039003368
GBR,United Kingdom,2018,46577.61,10.2,23.3,47.1,13,0.5,10.748875232547025,1.2051404204120242,0.8778210511571308,0.24253562503633297,-1.4253465890256884,0.046430598049624724
GBR,United Kingdom,2018,46577.61,10.2,26.7,48.5,13,0.5,10.748875232547025,1.2051404204120242,0.8778210511571308,0.24253562503633297,-0.9587996662331201,0.13271755017724532
GBR,United Kingdom,2018,46577.61,10.2,26.7,47.7,13,0.5,10.748875232547025,1.2051404204120242,0.8778210511571308,0.24253562503633297,-0.9587996662331201,0.08341072039003368
GBR,United Kingdom,2018,46577.61,10.2,26.7,47.1,13,0.5,10.748875232547025,1.2051404204120242,0.8778210511571308,0.24253562503633297,-0.9587996662331201,0.046430598049624724
GBR,United Kingdom,2018,46577.61,10.2,30.2,48.5,13,0.5,10.748875232547025,1.2051404204120242,0.8778210511571308,0.24253562503633297,-0.47853077512312303,0.13271755017724532
GBR,United Kingdom,2018,46577.61,10.2,30.2,47.7,13,0.5,10.748875232547025,1.2051404204120242,0.8778210511571308,0.24253562503633297,-0.47853077512312303,0.08341072039003368
GBR,United Kingdom,2018,46577.61,10.2,30.2,47.1,13,0.5,10.748875232547025,1.2051404204120242,0.8778210511571308,0.24253562503633297,-0.47853077512312303,0.046430598049624724
GBR,United Kingdom,2019,46597.88,10.16,23.0,47.5,13,1.5,10.749310325516642,1.2055119693894174,0.8655989329048169,0.7276068751089989,-1.466512493977974,0.07108401294323055
GBR,United Kingdom,2019,46597.88,10.16,23.0,47.4,13,1.5,10.749310325516642,1.2055119693894174,0.8655989329048169,0.7276068751089989,-1.466512493977974,0.06492065921982898
GBR,United Kingdom,2019,46597.88,10.16,23.0,47.9,13,1.5,10.749310325516642,1.2055119693894174,0.8655989329048169,0.7276068751089989,-1.466512493977974,0.09573742783683638
GBR,United Kingdom,2019,46597.88,10.16,26.4,47.5,13,1.5,10.749310325516642,1.2055119693894174,0.8655989329048169,0.7276068751089989,-0.9999655711854056,0.07108401294323055
GBR,United Kingdom,2019,46597.88,10.16,26.4,47.4,13,1.5,10.749310325516642,1.2055119693894174,0.8655989329048169,0.7276068751089989,-0.9999655711854056,0.06492065921982898
GBR,United Kingdom,2019,46597.88,10.16,26.4,47.9,13,1.5,10.749310325516642,1.2055119693894174,0.8655989329048169,0.7276068751089989,-0.9999655711854056,0.09573742783683638
GBR,United Kingdom,2019,46597.88,10.16,29.9,47.5,13,1.5,10.749310325516642,1.2055119693894174,0.8655989329048169,0.7276068751089989,-0.5196966800754086,0.07108401294323055
GBR,United Kingdom,2019,46597.88,10.16,29.9,47.4,13,1.5,10.749310325516642,1.2055119693894174,0.8655989329048169,0.7276068751089989,-0.5196966800754086,0.06492065921982898
GBR,United Kingdom,2019,46597.88,10.16,29.9,47.9,13,1.5,10.749310325516642,1.2055119693894174,0.8655989329048169,0.7276068751089989,-0.5196966800754086,0.09573742783683638
GBR,United Kingdom,2020,47575.71,10.34,,,13,2.5,10.770077615857511,1.2232462607436643,0.9205984650402309,1.212678125181665,,
GBR,United Kingdom,2021,46980.75,10.38,,,13,3.5,10.757493222325579,1.2124997792456618,0.9328205832925455,1.697749375254331,,
GBR,United Kingdom,2022,47503.44,10.19,,,13,4.5,10.768557408453086,1.2219480749627343,0.8747655215940524,2.182820625326997,,
GBR,United Kingdom,2023,47565.92,10.19,,,13,5.5,10.76987181740662,1.2230705185246054,0.8747655215940524,2.6678918753996625,,
GBR,United Kingdom,2024,48188.17,10.3,,,13,6.5,10.782868834229777,1.2341693609491422,0.9083763467879169,3.1529631254723287,,
IDN,Indonesia,2015,4102.95,2.91,37.9,13.8,14,-2.5,8.319461506162718,-0.8694648909472201,-1.3496600003271397,-1.212678125181665,0.5780607853188703,-2.005966191843068
IDN,Indonesia,2015,4102.95,2.91,37.9,20.0,14,-2.5,8.319461506162718,-0.8694648909472201,-1.3496600003271397,-1.212678125181665,0.5780607853188703,-1.623838260992176
IDN,Indonesia,2015,4102.95,2.91,37.9,17.2,14,-2.5,8.319461506162718,-0.8694648909472201,-1.3496600003271397,-1.212678125181665,0.5780607853188703,-1.7964121652474174
IDN,Indonesia,2015,4102.95,2.91,34.5,13.8,14,-2.5,8.319461506162718,-0.8694648909472201,-1.3496600003271397,-1.212678125181665,0.11151386252630195,-2.005966191843068
IDN,Indonesia,2015,4102.95,2.91,34.5,20.0,14,-2.5,8.319461506162718,-0.8694648909472201,-1.3496600003271397,-1.212678125181665,0.11151386252630195,-1.623838260992176
IDN,Indonesia,2015,4102.95,2.91,34.5,17.2,14,-2.5,8.319461506162718,-0.8694648909472201,-1.3496600003271397,-1.212678125181665,0.11151386252630195,-1.7964121652474174
IDN,Indonesia,2015,4102.95,2.91,41.1,13.8,14,-2.5,8.319461506162718,-0.8694648909472201,-1.3496600003271397,-1.212678125181665,1.0171637714765822,-2.005966191843068
IDN,Indonesia,2015,4102.95,2.91,41.1,20.0,14,-2.5,8.319461506162718,-0.8694648909472201,-1.3496600003271397,-1.212678125181665,1.0171637714765822,-1.623838260992176
IDN,Indonesia,2015,4102.95,2.91,41.1,17.2,14,-2.5,8.319461506162718,-0.8694648909472201,-1.3496600003271397,-1.212678125181665,1.0171637714765822,-1.7964121652474174
IDN,Indonesia,2016,4320.53,2.92,38.4,14.2,14,-1.5,8.37113335889813,-0.8253395536411691,-1.3466044707640612,-0.7276068751089989,0.6466706269060127,-1.9813127769494616
IDN,Indonesia,2016,4320.53,2.92,38.4,20.4,14,-1.5,8.37113335889813,-0.8253395536411691,-1.3466044707640612,-0.7276068751089989,0.6466706269060127,-1.5991848460985703
IDN,Indonesia,2016,4320.53,2.92,38.4,17.6,14,-1.5,8.37113335889813,-0.8253395536411691,-1.3466044707640612,-0.7276068751089989,0.6466706269060127,-1.7717587503538115
IDN,Indonesia,2016,4320.53,2.92,41.9,14.2,14,-1.5,8.37113335889813,-0.8253395536411691,-1.3466044707640612,-0.7276068751089989,1.1269395180160098,-1.9813127769494616
IDN,Indonesia,2016,4320.53,2.92,41.9,20.4,14,-1.5,8.37113335889813,-0.8253395536411691,-1.3466044707640612,-0.7276068751089989,1.1269395180160098,-1.5991848460985703
IDN,Indonesia,2016,4320.53,2.92,41.9,17.6,14,-1.5,8.37113335889813,-0.8253395536411691,-1.3466044707640612,-0.7276068751089989,1.1269395180160098,-1.7717587503538115
IDN,Indonesia,2016,4320.53,2.92,34.8,14.2,14,-1.5,8.37113335889813,-0.8253395536411691,-1.3466044707640612,-0.7276068751089989,0.15267976747858703,-1.9813127769494616
IDN,Indonesia,2016,4320.53,2.92,34.8,20.4,14,-1.5,8.37113335889813,-0.8253395536411691,-1.3466044707640612,-0.7276068751089989,0.15267976747858703,-1.5991848460985703
IDN,Indonesia,2016,4320.53,2.92,34.8,17.6,14,-1.5,8.37113335889813,-0.8253395536411691,-1.3466044707640612,-0.7276068751089989,0.15267976747858703,-1.7717587503538115
IDN,Indonesia,2017,4467.66,2.85,39.0,17.9,14,-0.5,8.404620060606035,-0.7967434818940489,-1.367993177705611,-0.24253562503633297,0.7290024368105839,-1.7532686891836071
IDN,Indonesia,2017,4467.66,2.85,39.0,14.6,14,-0.5,8.404620060606035,-0.7967434818940489,-1.367993177705611,-0.24253562503633297,0.7290024368105839,-1.9566593620558557
IDN,Indonesia,2017,4467.66,2.85,39.0,20.7,14,-0.5,8.404620060606035,-0.7967434818940489,-1.367993177705611,-0.24253562503633297,0.7290024368105839,-1.5806947849283657
IDN,Indonesia,2017,4467.66,2.85,35.2,17.9,14,-0.5,8.404620060606035,-0.7967434818940489,-1.367993177705611,-0.24253562503633297,0.20756764074830172,-1.7532686891836071
IDN,Indonesia,2017,4467.66,2.85,35.2,14.6,14,-0.5,8.404620060606035,-0.7967434818940489,-1.367993177705611,-0.24253562503633297,0.20756764074830172,-1.9566593620558557
IDN,Indonesia,2017,4467.66,2.85,35.2,20.7,14,-0.5,8.404620060606035,-0.7967434818940489,-1.367993177705611,-0.24253562503633297,0.20756764074830172,-1.5806947849283657
IDN,Indonesia,2017,4467.66,2.85,42.8,17.9,14,-0.5,8.404620060606035,-0.7967434818940489,-1.367993177705611,-0.24253562503633297,1.250437232872866,-1.7532686891836071
IDN,Indonesia,2017,4467.66,2.85,42.8,14.6,14,-0.5,8.404620060606035,-0.7967434818940489,-1.367993177705611,-0.24253562503633297,1.250437232872866,-1.9566593620558557
IDN,Indonesia,2017,4467.66,2.85,42.8,20.7,14,-0.5,8.404620060606035,-0.7967434818940489,-1.367993177705611,-0.24253562503633297,1.250437232872866,-1.5806947849283657
IDN,Indonesia,2018,4292.17,2.93,43.6,15.0,14,0.5,8.36454771154028,-0.8309633874241721,-1.3435489412009824,0.24253562503633297,1.3602129794122944,-1.93200594716225
IDN,Indonesia,2018,4292.17,2.93,43.6,18.3,14,0.5,8.36454771154028,-0.8309633874241721,-1.3435489412009824,0.24253562503633297,1.3602129794122944,-1.7286152742900012
IDN,Indonesia,2018,4292.17,2.93,43.6,21.0,14,0.5,8.36454771154028,-0.8309633874241721,-1.3435489412009824,0.24253562503633297,1.3602129794122944,-1.562204723758161
IDN,Indonesia,2018,4292.17,2.93,39.6,15.0,14,0.5,8.36454771154028,-0.8309633874241721,-1.3435489412009824,0.24253562503633297,0.811334246715155,-1.93200594716225
IDN,Indonesia,2018,4292.17,2.93,39.6,18.3,14,0.5,8.36454771154028,-0.8309633874241721,-1.3435489412009824,0.24253562503633297,0.811334246715155,-1.7286152742900012
IDN,Indonesia,2018,4292.17,2.93,39.6,21.0,14,0.5,8.36454771154028,-0.8309633874241721,-1.3435489412009824,0.24253562503633297,0.811334246715155,-1.562204723758161
IDN,Indonesia,2018,4292.17,2.93,35.5,15.0,14,0.5,8.36454771154028,-0.8309633874241721,-1.3435489412009824,0.24253562503633297,0.2487335457005868,-1.93200594716225
IDN,Indonesia,2018,4292.17,2.93,35.5,18.3,14,0.5,8.36454771154028,-0.8309633874241721,-1.3435489412009824,0.24253562503633297,0.2487335457005868,-1.7286152742900012
IDN,Indonesia,2018,4292.17,2.93,35.5,21.0,14,0.5,8.36454771154028,-0.8309633874241721,-1.3435489412009824,0.24253562503633297,0.2487335457005868,-1.562204723758161
IDN,Indonesia,2019,4221.32,2.96,40.3,15.4,14,1.5,8.347903154328053,-0.8451770581640271,-1.3343823525117469,0.7276068751089989,0.9073880249371538,-1.907352532268644
IDN,Indonesia,2019,4221.32,2.96,40.3,21.4,14,1.5,8.347903154328053,-0.8451770581640271,-1.3343823525117469,0.7276068751089989,0.9073880249371538,-1.5375513088645554
IDN,Indonesia,2019,4221.32,2.96,40.3,18.7,14,1.5,8.347903154328053,-0.8451770581640271,-1.3343823525117469,0.7276068751089989,0.9073880249371538,-1.7039618593963952
IDN,Indonesia,2019,4221.32,2.96,35.9,15.4,14,1.5,8.347903154328053,-0.8451770581640271,-1.3343823525117469,0.7276068751089989,0.30362141897030054,-1.907352532268644
IDN,Indonesia,2019,4221.32,2.96,35.9,21.4,14,1.5,8.347903154328053,-0.8451770581640271,-1.3343823525117469,0.7276068751089989,0.30362141897030054,-1.5375513088645554
IDN,Indonesia,2019,4221.32,2.96,35.9,18.7,14,1.5,8.347903154328053,-0.8451770581640271,-1.3343823525117469,0.7276068751089989,0.30362141897030054,-1.7039618593963952
IDN,Indonesia,2019,4221.32,2.96,44.5,15.4,14,1.5,8.347903154328053,-0.8451770581640271,-1.3343823525117469,0.7276068751089989,1.4837106942691505,-1.907352532268644
IDN,Indonesia,2019,4221.32,2.96,44.5,21.4,14,1.5,8.347903154328053,-0.8451770581640271,-1.3343823525117469,0.7276068751089989,1.4837106942691505,-1.5375513088645554
IDN,Indonesia,2019,4221.32,2.96,44.5,18.7,14,1.5,8.347903154328053,-0.8451770581640271,-1.3343823525117469,0.7276068751089989,1.4837106942691505,-1.7039618593963952
IDN,Indonesia,2020,4403.35,2.94,,,14,2.5,8.390120893852453,-0.8091250898641468,-1.340493411637904,1.212678125181665,,
IDN,Indonesia,2021,4336.9,2.94,,,14,3.5,8.374915086156582,-0.8221101360367109,-1.340493411637904,1.697749375254331,,
IDN,Indonesia,2022,4492.22,2.93,,,14,4.5,8.410102290616308,-0.7920619147431411,-1.3435489412009824,2.182820625326997,,
IDN,Indonesia,2023,4434.83,2.93,,,14,5.5,8.39724456255467,-0.8030418111020816,-1.3435489412009824,2.6678918753996625,,
IDN,Indonesia,2024,4354.75,2.92,,,14,6.5,8.379022482357572,-0.8186026124387801,-1.3466044707640612,3.1529631254723287,,
IND,India,2015,2132.86,3.29,31.0,26.6,15,-2.5,7.665219081061754,-1.428157218767015,-1.2335498769301545,-1.212678125181665,-0.3687550285836951,-1.2170569152476782
IND,India,2015,2132.86,3.29,31.0,31.0,15,-2.5,7.665219081061754,-1.428157218767015,-1.2335498769301545,-1.212678125181665,-0.3687550285836951,-0.9458693514180134
IND,India,2015,2132.86,3.29,31.0,22.4,15,-2.5,7.665219081061754,-1.428157218767015,-1.2335498769301545,-1.212678125181665,-0.3687550285836951,-1.4759177716305405
IND,India,2015,2132.86,3.29,31.6,26.6,15,-2.5,7.665219081061754,-1.428157218767015,-1.2335498769301545,-1.212678125181665,-0.28642321867912396,-1.2170569152476782
IND,India,2015,2132.86,3.29,31.6,31.0,15,-2.5,7.665219081061754,-1.428157218767015,-1.2335498769301545,-1.212678125181665,-0.28642321867912396,-0.9458693514180134
IND,India,2015,2132.86,3.29,31.6,22.4,15,-2.5,7.665219081061754,-1.428157218767015,-1.2335498769301545,-1.212678125181665,-0.28642321867912396,-1.4759177716305405
IND,India,2015,2132.86,3.29,31.4,26.6,15,-2.5,7.665219081061754,-1.428157218767015,-1.2335498769301545,-1.212678125181665,-0.3138671553139813,-1.2170569152476782
IND,India,2015,2132.86,3.29,31.4,31.0,15,-2.5,7.665219081061754,-1.428157218767015,-1.2335498769301545,-1.212678125181665,-0.3138671553139813,-0.9458693514180134
IND,India,2015,2132.86,3.29,31.4,22.4,15,-2.5,7.665219081061754,-1.428157218767015,-1.2335498769301545,-1.212678125181665,-0.3138671553139813,-1.4759177716305405
IND,India,2016,2156.19,3.33,31.3,27.4,15,-1.5,7.676098054305561,-1.4188670861606902,-1.2213277586778402,-0.7276068751089989,-0.3275891236314095,-1.1677500854604668
IND,India,2016,2156.19,3.33,31.3,32.1,15,-1.5,7.676098054305561,-1.4188670861606902,-1.2213277586778402,-0.7276068751089989,-0.3275891236314095,-0.8780724604605971
IND,India,2016,2156.19,3.33,31.3,23.1,15,-1.5,7.676098054305561,-1.4188670861606902,-1.2213277586778402,-0.7276068751089989,-0.3275891236314095,-1.43277429556673
IND,India,2016,2156.19,3.33,31.6,27.4,15,-1.5,7.676098054305561,-1.4188670861606902,-1.2213277586778402,-0.7276068751089989,-0.28642321867912396,-1.1677500854604668
IND,India,2016,2156.19,3.33,31.6,32.1,15,-1.5,7.676098054305561,-1.4188670861606902,-1.2213277586778402,-0.7276068751089989,-0.28642321867912396,-0.8780724604605971
IND,India,2016,2156.19,3.33,31.6,23.1,15,-1.5,7.676098054305561,-1.4188670861606902,-1.2213277586778402,-0.7276068751089989,-0.28642321867912396,-1.43277429556673
IND,India,2016,2156.19,3.33,30.8,27.4,15,-1.5,7.676098054305561,-1.4188670861606902,-1.2213277586778402,-0.7276068751089989,-0.3961989652185519,-1.1677500854604668
IND,India,2016,2156.19,3.33,30.8,32.1,15,-1.5,7.676098054305561,-1.4188670861606902,-1.2213277586778402,-0.7276068751089989,-0.3961989652185519,-0.8780724604605971
IND,India,2016,2156.19,3.33,30.8,23.1,15,-1.5,7.676098054305561,-1.4188670861606902,-1.2213277586778402,-0.7276068751089989,-0.3961989652185519,-1.43277429556673
IND,India,2017,2190.47,3.33,31.2,23.8,15,-0.5,7.691871411656859,-1.4053973792171666,-1.2213277586778402,-0.24253562503633297,-0.3413110919488382,-1.3896308195029197
IND,India,2017,2190.47,3.33,31.2,33.1,15,-0.5,7.691871411656859,-1.4053973792171666,-1.2213277586778402,-0.24253562503633297,-0.3413110919488382,-0.8164389232265823
IND,India,2017,2190.47,3.33,31.2,28.3,15,-0.5,7.691871411656859,-1.4053973792171666,-1.2213277586778402,-0.24253562503633297,-0.3413110919488382,-1.1122799019498533
IND,India,2017,2190.47,3.33,31.6,23.8,15,-0.5,7.691871411656859,-1.4053973792171666,-1.2213277586778402,-0.24253562503633297,-0.28642321867912396,-1.3896308195029197
IND,India,2017,2190.47,3.33,31.6,33.1,15,-0.5,7.691871411656859,-1.4053973792171666,-1.2213277586778402,-0.24253562503633297,-0.28642321867912396,-0.8164389232265823
IND,India,2017,2190.47,3.33,31.6,28.3,15,-0.5,7.691871411656859,-1.4053973792171666,-1.2213277586778402,-0.24253562503633297,-0.28642321867912396,-1.1122799019498533
IND,India,2017,2190.47,3.33,30.7,23.8,15,-0.5,7.691871411656859,-1.4053973792171666,-1.2213277586778402,-0.24253562503633297,-0.40992093353598064,-1.3896308195029197
IND,India,2017,2190.47,3.33,30.7,33.1,15,-0.5,7.691871411656859,-1.4053973792171666,-1.2213277586778402,-0.24253562503633297,-0.40992093353598064,-0.8164389232265823
IND,India,2017,2190.47,3.33,30.7,28.3,15,-0.5,7.691871411656859,-1.4053973792171666,-1.2213277586778402,-0.24253562503633297,-0.40992093353598064,-1.1122799019498533
IND,India,2018,2054.97,3.31,30.6,24.4,15,0.5,7.628016528283629,-1.4599264529453733,-1.2274388178039974,0.24253562503633297,-0.4236429018534088,-1.352650697162511
IND,India,2018,2054.97,3.31,30.6,29.1,15,0.5,7.628016528283629,-1.4599264529453733,-1.2274388178039974,0.24253562503633297,-0.4236429018534088,-1.0629730721626414
IND,India,2018,2054.97,3.31,30.6,34.1,15,0.5,7.628016528283629,-1.4599264529453733,-1.2274388178039974,0.24253562503633297,-0.4236429018534088,-0.7548053859925674
IND,India,2018,2054.97,3.31,31.2,24.4,15,0.5,7.628016528283629,-1.4599264529453733,-1.2274388178039974,0.24253562503633297,-0.3413110919488382,-1.352650697162511
IND,India,2018,2054.97,3.31,31.2,29.1,15,0.5,7.628016528283629,-1.4599264529453733,-1.2274388178039974,0.24253562503633297,-0.3413110919488382,-1.0629730721626414
IND,India,2018,2054.97,3.31,31.2,34.1,15,0.5,7.628016528283629,-1.4599264529453733,-1.2274388178039974,0.24253562503633297,-0.3413110919488382,-0.7548053859925674
IND,India,2018,2054.97,3.31,31.6,24.4,15,0.5,7.628016528283629,-1.4599264529453733,-1.2274388178039974,0.24253562503633297,-0.28642321867912396,-1.352650697162511
IND,India,2018,2054.97,3.31,31.6,29.1,15,0.5,7.628016528283629,-1.4599264529453733,-1.2274388178039974,0.24253562503633297,-0.28642321867912396,-1.0629730721626414
IND,India,2018,2054.97,3.31,31.6,34.1,15,0.5,7.628016528283629,-1.4599264529453733,-1.2274388178039974,0.24253562503633297,-0.28642321867912396,-0.7548053859925674
IND,India,2019,2078.78,3.3,31.1,29.9,15,1.5,7.639536462152851,-1.4500889700448532,-1.230494347367076,0.7276068751089989,-0.35503306026626635,-1.0136662423754297
IND,India,2019,2078.78,3.3,31.1,35.1,15,1.5,7.639536462152851,-1.4500889700448532,-1.230494347367076,0.7276068751089989,-0.35503306026626635,-0.6931718487585526
IND,India,2019,2078.78,3.3,31.1,25.1,15,1.5,7.639536462152851,-1.4500889700448532,-1.230494347367076,0.7276068751089989,-0.35503306026626635,-1.3095072210987004
IND,India,2019,2078.78,3.3,30.5,29.9,15,1.5,7.639536462152851,-1.4500889700448532,-1.230494347367076,0.7276068751089989,-0.43736487017083747,-1.0136662423754297
IND,India,2019,2078.78,3.3,30.5,35.1,15,1.5,7.639536462152851,-1.4500889700448532,-1.230494347367076,0.7276068751089989,-0.43736487017083747,-0.6931718487585526
IND,India,2019,2078.78,3.3,30.5,25.1,15,1.5,7.639536462152851,-1.4500889700448532,-1.230494347367076,0.7276068751089989,-0.43736487017083747,-1.3095072210987004
IND,India,2019,2078.78,3.3,31.6,29.9,15,1.5,7.639536462152851,-1.4500889700448532,-1.230494347367076,0.7276068751089989,-0.28642321867912396,-1.0136662423754297
IND,India,2019,2078.78,3.3,31.6,35.1,15,1.5,7.639536462152851,-1.4500889700448532,-1.230494347367076,0.7276068751089989,-0.28642321867912396,-0.6931718487585526
IND,India,2019,2078.78,3.3,31.6,25.1,15,1.5,7.639536462152851,-1.4500889700448532,-1.230494347367076,0.7276068751089989,-0.28642321867912396,-1.3095072210987004
IND,India,2020,2198.47,3.34,,,15,2.5,7.6955169428602614,-1.4022842666521194,-1.2182722291147616,1.212678125181665,,
IND,India,2021,2112.64,3.29,,,15,3.5,7.655693629224773,-1.4362915076118834,-1.2335498769301545,1.697749375254331,,
IND,India,2022,2150.38,3.29,,,15,4.5,7.673399849690342,-1.421171226276914,-1.2335498769301545,2.182820625326997,,
IND,India,2023,2127.81,3.34,,,15,5.5,7.662848560761042,-1.4301815318566842,-1.2182722291147616,2.6678918753996625,,
IND,India,2024,2211.52,3.35,,,15,6.5,7.701435340903029,-1.3972302324705728,-1.215216699551683,3.1529631254723287,,
ITA,Italy,2015,34281.8,8.61,35.6,51.9,16,-2.5,10.44236988008464,0.943399233527039,0.39199185062763975,-1.212678125181665,0.2624555140180155,0.3422715767728955
ITA,Italy,2015,34281.8,8.61,35.6,57.8,16,-2.5,10.44236988008464,0.943399233527039,0.39199185062763975,-1.212678125181665,0.2624555140180155,0.7059094464535827
ITA,Italy,2015,34281.8,8.61,35.6,47.6,16,-2.5,10.44236988008464,0.943399233527039,0.39199185062763975,-1.212678125181665,0.2624555140180155,0.07724736666663211
ITA,Italy,2015,34281.8,8.61,41.1,51.9,16,-2.5,10.44236988008464,0.943399233527039,0.39199185062763975,-1.212678125181665,1.0171637714765822,0.3422715767728955
ITA,Italy,2015,34281.8,8.61,41.1,57.8,16,-2.5,10.44236988008464,0.943399233527039,0.39199185062763975,-1.212678125181665,1.0171637714765822,0.7059094464535827
ITA,Italy,2015,34281.8,8.61,41.1,47.6,16,-2.5,10.44236988008464,0.943399233527039,0.39199185062763975,-1.212678125181665,1.0171637714765822,0.07724736666663211
ITA,Italy,2015,34281.8,8.61,30.1,51.9,16,-2.5,10.44236988008464,0.943399233527039,0.39199185062763975,-1.212678125181665,-0.49225274344055125,0.3422715767728955
ITA,Italy,2015,34281.8,8.61,30.1,57.8,16,-2.5,10.44236988008464,0.943399233527039,0.39199185062763975,-1.212678125181665,-0.49225274344055125,0.7059094464535827
ITA,Italy,2015,34281.8,8.61,30.1,47.6,16,-2.5,10.44236988008464,0.943399233527039,0.39199185062763975,-1.212678125181665,-0.49225274344055125,0.07724736666663211
ITA,Italy,2016,32663.54,8.73,40.6,57.9,16,-1.5,10.39401475011798,0.902106221813633,0.42865820538458277,-0.7276068751089989,0.9485539298894398,0.7120728001769842
ITA,Italy,2016,32663.54,8.73,40.6,52.5,16,-1.5,10.39401475011798,0.902106221813633,0.42865820538458277,-0.7276068751089989,0.9485539298894398,0.3792516991133045
ITA,Italy,2016,32663.54,8.73,40.6,48.5,16,-1.5,10.39401475011798,0.902106221813633,0.42865820538458277,-0.7276068751089989,0.9485539298894398,0.13271755017724532
ITA,Italy,2016,32663.54,8.73,35.1,57.9,16,-1.5,10.39401475011798,0.902106221813633,0.42865820538458277,-0.7276068751089989,0.19384567243087306,0.7120728001769842
ITA,Italy,2016,32663.54,8.73,35.1,52.5,16,-1.5,10.39401475011798,0.902106221813633,0.42865820538458277,-0.7276068751089989,0.19384567243087306,0.3792516991133045
ITA,Italy,2016,32663.54,8.73,35.1,48.5,16,-1.5,10.39401475011798,0.902106221813633,0.42865820538458277,-0.7276068751089989,0.19384567243087306,0.13271755017724532
ITA,Italy,2016,32663.54,8.73,29.7,57.9,16,-1.5,10.39401475011798,0.902106221813633,0.42865820538458277,-0.7276068751089989,-0.5471406167102655,0.7120728001769842
ITA,Italy,2016,32663.54,8.73,29.7,52.5,16,-1.5,10.39401475011798,0.902106221813633,0.42865820538458277,-0.7276068751089989,-0.5471406167102655,0.3792516991133045
ITA,Italy,2016,32663.54,8.73,29.7,48.5,16,-1.5,10.39401475011798,0.902106221813633,0.42865820538458277,-0.7276068751089989,-0.5471406167102655,0.13271755017724532
ITA,Italy,2017,33673.87,8.68,34.7,53.0,16,-0.5,10.424477444665065,0.9281199333603088,0.4133805575691898,-0.24253562503633297,0.1389577991611593,0.41006846773031186
ITA,Italy,2017,33673.87,8.68,34.7,57.9,16,-0.5,10.424477444665065,0.9281199333603088,0.4133805575691898,-0.24253562503633297,0.1389577991611593,0.7120728001769842
ITA,Italy,2017,33673.87,8.68,34.7,49.4,16,-0.5,10.424477444665065,0.9281199333603088,0.4133805575691898,-0.24253562503633297,0.1389577991611593,0.18818773368785854
ITA,Italy,2017,33673.87,8.68,40.1,53.0,16,-0.5,10.424477444665065,0.9281199333603088,0.4133805575691898,-0.24253562503633297,0.8799440883022973,0.41006846773031186
ITA,Italy,2017,33673.87,8.68,40.1,57.9,16,-0.5,10.424477444665065,0.9281199333603088,0.4133805575691898,-0.24253562503633297,0.8799440883022973,0.7120728001769842
ITA,Italy,2017,33673.87,8.68,40.1,49.4,16,-0.5,10.424477444665065,0.9281199333603088,0.4133805575691898,-0.24253562503633297,0.8799440883022973,0.18818773368785854
ITA,Italy,2017,33673.87,8.68,29.3,53.0,16,-0.5,10.424477444665065,0.9281199333603088,0.4133805575691898,-0.24253562503633297,-0.6020284899799793,0.41006846773031186
ITA,Italy,2017,33673.87,8.68,29.3,57.9,16,-0.5,10.424477444665065,0.9281199333603088,0.4133805575691898,-0.24253562503633297,-0.6020284899799793,0.7120728001769842
ITA,Italy,2017,33673.87,8.68,29.3,49.4,16,-0.5,10.424477444665065,0.9281199333603088,0.4133805575691898,-0.24253562503633297,-0.6020284899799793,0.18818773368785854
ITA,Italy,2018,33923.77,8.72,29.0,57.9,16,0.5,10.431871227597743,0.9344338769988834,0.4256026758215043,0.24253562503633297,-0.6431943949322648,0.7120728001769842
ITA,Italy,2018,33923.77,8.72,29.0,53.4,16,0.5,10.431871227597743,0.9344338769988834,0.4256026758215043,0.24253562503633297,-0.6431943949322648,0.4347218826239177
ITA,Italy,2018,33923.77,8.72,29.0,50.2,16,0.5,10.431871227597743,0.9344338769988834,0.4256026758215043,0.24253562503633297,-0.6431943949322648,0.23749456347507064
ITA,Italy,2018,33923.77,8.72,34.2,57.9,16,0.5,10.431871227597743,0.9344338769988834,0.4256026758215043,0.24253562503633297,0.07034795757401688,0.7120728001769842
ITA,Italy,2018,33923.77,8.72,34.2,53.4,16,0.5,10.431871227597743,0.9344338769988834,0.4256026758215043,0.24253562503633297,0.07034795757401688,0.4347218826239177
ITA,Italy,2018,33923.77,8.72,34.2,50.2,16,0.5,10.431871227597743,0.9344338769988834,0.4256026758215043,0.24253562503633297,0.07034795757401688,0.23749456347507064
ITA,Italy,2018,33923.77,8.72,39.6,57.9,16,0.5,10.431871227597743,0.9344338769988834,0.4256026758215043,0.24253562503633297,0.811334246715155,0.7120728001769842
ITA,Italy,2018,33923.77,8.72,39.6,53.4,16,0.5,10.431871227597743,0.9344338769988834,0.4256026758215043,0.24253562503633297,0.811334246715155,0.4347218826239177
ITA,Italy,2018,33923.77,8.72,39.6,50.2,16,0.5,10.431871227597743,0.9344338769988834,0.4256026758215043,0.24253562503633297,0.811334246715155,0.23749456347507064
ITA,Italy,2019,35178.2,8.75,33.8,58.0,16,1.5,10.468181851547648,0.965441445815643,0.4347692645107398,0.7276068751089989,0.015460084304302155,0.7182361539003858
ITA,Italy,2019,35178.2,8.75,33.8,53.9,16,1.5,10.468181851547648,0.965441445815643,0.4347692645107398,0.7276068751089989,0.015460084304302155,0.4655386512409251
ITA,Italy,2019,35178.2,8.75,33.8,51.0,16,1.5,10.468181851547648,0.965441445815643,0.4347692645107398,0.7276068751089989,0.015460084304302155,0.28680139326228227
ITA,Italy,2019,35178.2,8.75,28.6,58.0,16,1.5,10.468181851547648,0.965441445815643,0.4347692645107398,0.7276068751089989,-0.6980822682019785,0.7182361539003858
ITA,Italy,2019,35178.2,8.75,28.6,53.9,16,1.5,10.468181851547648,0.965441445815643,0.4347692645107398,0.7276068751089989,-0.6980822682019785,0.4655386512409251
ITA,Italy,2019,35178.2,8.75,28.6,51.0,16,1.5,10.468181851547648,0.965441445815643,0.4347692645107398,0.7276068751089989,-0.6980822682019785,0.28680139326228227
ITA,Italy,2019,35178.2,8.75,39.1,58.0,16,1.5,10.468181851547648,0.965441445815643,0.4347692645107398,0.7276068751089989,0.7427244051280125,0.7182361539003858
ITA,Italy,2019,35178.2,8.75,39.1,53.9,16,1.5,10.468181851547648,0.965441445815643,0.4347692645107398,0.7276068751089989,0.7427244051280125,0.4655386512409251
ITA,Italy,2019,35178.2,8.75,39.1,51.0,16,1.5,10.468181851547648,0.965441445815643,0.4347692645107398,0.7276068751089989,0.7427244051280125,0.28680139326228227
ITA,Italy,2020,34458.79,8.66,,,16,2.5,10.447519396290744,0.9477966787032526,0.4072694984430328,1.212678125181665,,
ITA,Italy,2021,33541.22,8.72,,,16,3.5,10.4205304091939,0.9247493503000119,0.4256026758215043,1.697749375254331,,
ITA,Italy,2022,34756.76,8.92,,,16,4.5,10.45612936444807,0.9551491874488125,0.4867132670830753,2.182820625326997,,
ITA,Italy,2023,34995.25,8.86,,,16,5.5,10.462967616975819,0.9609887341922961,0.46838008970460376,2.6678918753996625,,
ITA,Italy,2024,34680.48,8.68,,,16,6.5,10.453932271629144,0.953272973289737,0.4133805575691898,3.1529631254723287,,
JPN,Japan,2015,40365.42,10.83,40.0,50.8,17,-2.5,10.605728756828867,1.0829000479295523,1.0703194136310805,-1.212678125181665,0.8662221199848686,0.2744746858154792
JPN,Japan,2015,40365.42,10.83,40.0,46.3,17,-2.5,10.605728756828867,1.0829000479295523,1.0703194136310805,-1.212678125181665,0.8662221199848686,-0.0028762317375873683
JPN,Japan,2015,40365.42,10.83,40.0,43.7,17,-2.5,10.605728756828867,1.0829000479295523,1.0703194136310805,-1.212678125181665,0.8662221199848686,-0.16312342854602546
JPN,Japan,2015,40365.42,10.83,31.9,50.8,17,-2.5,10.605728756828867,1.0829000479295523,1.0703194136310805,-1.212678125181665,-0.24525731372683887,0.2744746858154792
JPN,Japan,2015,40365.42,10.83,31.9,46.3,17,-2.5,10.605728756828867,1.0829000479295523,1.0703194136310805,-1.212678125181665,-0.24525731372683887,-0.0028762317375873683
JPN,Japan,2015,40365.42,10.83,31.9,43.7,17,-2.5,10.605728756828867,1.0829000479295523,1.0703194136310805,-1.212678125181665,-0.24525731372683887,-0.16312342854602546
JPN,Japan,2015,40365.42,10.83,23.7,50.8,17,-2.5,10.605728756828867,1.0829000479295523,1.0703194136310805,-1.212678125181665,-1.3704587157559747,0.2744746858154792
JPN,Japan,2015,40365.42,10.83,23.7,46.3,17,-2.5,10.605728756828867,1.0829000479295523,1.0703194136310805,-1.212678125181665,-1.3704587157559747,-0.0028762317375873683
JPN,Japan,2015,40365.42,10.83,23.7,43.7,17,-2.5,10.605728756828867,1.0829000479295523,1.0703194136310805,-1.212678125181665,-1.3704587157559747,-0.16312342854602546
JPN,Japan,2016,39842.89,10.87,23.4,46.7,17,-1.5,10.592699249228266,1.0717734599058513,1.0825415318833944,-0.7276068751089989,-1.4116246207082601,0.021777183156018894
JPN,Japan,2016,39842.89,10.87,23.4,44.3,17,-1.5,10.592699249228266,1.0717734599058513,1.0825415318833944,-0.7276068751089989,-1.4116246207082601,-0.12614330620561692
JPN,Japan,2016,39842.89,10.87,23.4,51.0,17,-1.5,10.592699249228266,1.0717734599058513,1.0825415318833944,-0.7276068751089989,-1.4116246207082601,0.28680139326228227
JPN,Japan,2016,39842.89,10.87,31.8,46.7,17,-1.5,10.592699249228266,1.0717734599058513,1.0825415318833944,-0.7276068751089989,-0.25897928204426707,0.021777183156018894
JPN,Japan,2016,39842.89,10.87,31.8,44.3,17,-1.5,10.592699249228266,1.0717734599058513,1.0825415318833944,-0.7276068751089989,-0.25897928204426707,-0.12614330620561692
JPN,Japan,2016,39842.89,10.87,31.8,51.0,17,-1.5,10.592699249228266,1.0717734599058513,1.0825415318833944,-0.7276068751089989,-0.25897928204426707,0.28680139326228227
JPN,Japan,2016,39842.89,10.87,40.1,46.7,17,-1.5,10.592699249228266,1.0717734599058513,1.0825415318833944,-0.7276068751089989,0.8799440883022973,0.021777183156018894
JPN,Japan,2016,39842.89,10.87,40.1,44.3,17,-1.5,10.592699249228266,1.0717734599058513,1.0825415318833944,-0.7276068751089989,0.8799440883022973,-0.12614330620561692
JPN,Japan,2016,39842.89,10.87,40.1,51.0,17,-1.5,10.592699249228266,1.0717734599058513,1.0825415318833944,-0.7276068751089989,0.8799440883022973,0.28680139326228227
JPN,Japan,2017,39309.99,10.98,23.1,51.0,17,-0.5,10.579233964027678,1.0602747382625501,1.116152357077259,-0.24253562503633297,-1.4527905256605453,0.28680139326228227
JPN,Japan,2017,39309.99,10.98,23.1,44.9,17,-0.5,10.579233964027678,1.0602747382625501,1.116152357077259,-0.24253562503633297,-1.4527905256605453,-0.08916318386520798
JPN,Japan,2017,39309.99,10.98,23.1,47.0,17,-0.5,10.579233964027678,1.0602747382625501,1.116152357077259,-0.24253562503633297,-1.4527905256605453,0.04026724432622315
JPN,Japan,2017,39309.99,10.98,31.7,51.0,17,-0.5,10.579233964027678,1.0602747382625501,1.116152357077259,-0.24253562503633297,-0.27270125036169574,0.28680139326228227
JPN,Japan,2017,39309.99,10.98,31.7,44.9,17,-0.5,10.579233964027678,1.0602747382625501,1.116152357077259,-0.24253562503633297,-0.27270125036169574,-0.08916318386520798
JPN,Japan,2017,39309.99,10.98,31.7,47.0,17,-0.5,10.579233964027678,1.0602747382625501,1.116152357077259,-0.24253562503633297,-0.27270125036169574,0.04026724432622315
JPN,Japan,2017,39309.99,10.98,40.2,51.0,17,-0.5,10.579233964027678,1.0602747382625501,1.116152357077259,-0.24253562503633297,0.893666056619726,0.28680139326228227
JPN,Japan,2017,39309.99,10.98,40.2,44.9,17,-0.5,10.579233964027678,1.0602747382625501,1.116152357077259,-0.24253562503633297,0.893666056619726,-0.08916318386520798
JPN,Japan,2017,39309.99,10.98,40.2,47.0,17,-0.5,10.579233964027678,1.0602747382625501,1.116152357077259,-0.24253562503633297,0.893666056619726,0.04026724432622315
JPN,Japan,2018,40024.48,10.94,31.6,51.1,17,0.5,10.597246545900445,1.0756566378619046,1.1039302388249443,0.24253562503633297,-0.28642321867912396,0.29296474698568387
JPN,Japan,2018,40024.48,10.94,31.6,45.4,17,0.5,10.597246545900445,1.0756566378619046,1.1039302388249443,0.24253562503633297,-0.28642321867912396,-0.058346415248200584
JPN,Japan,2018,40024.48,10.94,31.6,47.3,17,0.5,10.597246545900445,1.0756566378619046,1.1039302388249443,0.24253562503633297,-0.28642321867912396,0.058757305496427416
JPN,Japan,2018,40024.48,10.94,40.2,51.1,17,0.5,10.597246545900445,1.0756566378619046,1.1039302388249443,0.24253562503633297,0.893666056619726,0.29296474698568387
JPN,Japan,2018,40024.48,10.94,40.2,45.4,17,0.5,10.597246545900445,1.0756566378619046,1.1039302388249443,0.24253562503633297,0.893666056619726,-0.058346415248200584
JPN,Japan,2018,40024.48,10.94,40.2,47.3,17,0.5,10.597246545900445,1.0756566378619046,1.1039302388249443,0.24253562503633297,0.893666056619726,0.058757305496427416
JPN,Japan,2018,40024.48,10.94,22.8,51.1,17,0.5,10.597246545900445,1.0756566378619046,1.1039302388249443,0.24253562503633297,-1.4939564306128308,0.29296474698568387
JPN,Japan,2018,40024.48,10.94,22.8,45.4,17,0.5,10.597246545900445,1.0756566378619046,1.1039302388249443,0.24253562503633297,-1.4939564306128308,-0.058346415248200584
JPN,Japan,2018,40024.48,10.94,22.8,47.3,17,0.5,10.597246545900445,1.0756566378619046,1.1039302388249443,0.24253562503633297,-1.4939564306128308,0.058757305496427416
JPN,Japan,2019,40917.93,11.0,40.3,47.7,17,1.5,10.619323632275758,1.0945094335616012,1.122263416203416,0.7276068751089989,0.9073880249371538,0.08341072039003368
JPN,Japan,2019,40917.93,11.0,40.3,51.2,17,1.5,10.619323632275758,1.0945094335616012,1.122263416203416,0.7276068751089989,0.9073880249371538,0.2991281007090854
JPN,Japan,2019,40917.93,11.0,40.3,45.9,17,1.5,10.619323632275758,1.0945094335616012,1.122263416203416,0.7276068751089989,0.9073880249371538,-0.027529646631193193
JPN,Japan,2019,40917.93,11.0,31.4,47.7,17,1.5,10.619323632275758,1.0945094335616012,1.122263416203416,0.7276068751089989,-0.3138671553139813,0.08341072039003368
JPN,Japan,2019,40917.93,11.0,31.4,51.2,17,1.5,10.619323632275758,1.0945094335616012,1.122263416203416,0.7276068751089989,-0.3138671553139813,0.2991281007090854
JPN,Japan,2019,40917.93,11.0,31.4,45.9,17,1.5,10.619323632275758,1.0945094335616012,1.122263416203416,0.7276068751089989,-0.3138671553139813,-0.027529646631193193
JPN,Japan,2019,40917.93,11.0,22.5,47.7,17,1.5,10.619323632275758,1.0945094335616012,1.122263416203416,0.7276068751089989,-1.5351223355651165,0.08341072039003368
JPN,Japan,2019,40917.93,11.0,22.5,51.2,17,1.5,10.619323632275758,1.0945094335616012,1.122263416203416,0.7276068751089989,-1.5351223355651165,0.2991281007090854
JPN,Japan,2019,40917.93,11.0,22.5,45.9,17,1.5,10.619323632275758,1.0945094335616012,1.122263416203416,0.7276068751089989,-1.5351223355651165,-0.027529646631193193
JPN,Japan,2020,41198.97,10.95,,,17,2.5,10.626168535025112,1.1003546592822449,1.1069857683880229,1.212678125181665,,
JPN,Japan,2021,40461.36,10.96,,,17,3.5,10.608102723602196,1.084927304145095,1.110041297951102,1.697749375254331,,
JPN,Japan,2022,39583.47,10.83,,,17,4.5,10.586166885854396,1.0661951281445798,1.0703194136310805,2.182820625326997,,
JPN,Japan,2023,40008.51,10.89,,,17,5.5,10.596847460468002,1.0753158376314453,1.088652591009552,2.6678918753996625,,
JPN,Japan,2024,41519.82,10.91,,,17,6.5,10.633926182570258,1.1069793262239132,1.094763650135709,3.1529631254723287,,
KEN,Kenya,2015,1793.19,4.62,33.7,18.1,18,-2.5,7.4917514356429376,-1.5762904472189936,-0.8271644450407059,-1.212678125181665,0.001738115986874449,-1.740941981736804
KEN,Kenya,2015,1793.19,4.62,33.7,13.7,18,-2.5,7.4917514356429376,-1.5762904472189936,-0.8271644450407059,-1.212678125181665,0.001738115986874449,-2.012129545566469
KEN,Kenya,2015,1793.19,4.62,33.7,8.4,18,-2.5,7.4917514356429376,-1.5762904472189936,-0.8271644450407059,-1.212678125181665,0.001738115986874449,-2.3387872929067477
KEN,Kenya,2015,1793.19,4.62,35.2,18.1,18,-2.5,7.4917514356429376,-1.5762904472189936,-0.8271644450407059,-1.212678125181665,0.20756764074830172,-1.740941981736804
KEN,Kenya,2015,1793.19,4.62,35.2,13.7,18,-2.5,7.4917514356429376,-1.5762904472189936,-0.8271644450407059,-1.212678125181665,0.20756764074830172,-2.012129545566469
KEN,Kenya,2015,1793.19,4.62,35.2,8.4,18,-2.5,7.4917514356429376,-1.5762904472189936,-0.8271644450407059,-1.212678125181665,0.20756764074830172,-2.3387872929067477
KEN,Kenya,2015,1793.19,4.62,36.4,18.1,18,-2.5,7.4917514356429376,-1.5762904472189936,-0.8271644450407059,-1.212678125181665,0.372231260557443,-1.740941981736804
KEN,Kenya,2015,1793.19,4.62,36.4,13.7,18,-2.5,7.4917514356429376,-1.5762904472189936,-0.8271644450407059,-1.212678125181665,0.372231260557443,-2.012129545566469
KEN,Kenya,2015,1793.19,4.62,36.4,8.4,18,-2.5,7.4917514356429376,-1.5762904472189936,-0.8271644450407059,-1.212678125181665,0.372231260557443,-2.3387872929067477
KEN,Kenya,2016,1819.03,4.67,36.0,18.7,18,-1.5,7.506058670960461,-1.5640727396880594,-0.8118867972253131,-0.7276068751089989,0.3173433872877292,-1.7039618593963952
KEN,Kenya,2016,1819.03,4.67,36.0,8.8,18,-1.5,7.506058670960461,-1.5640727396880594,-0.8118867972253131,-0.7276068751089989,0.3173433872877292,-2.3141338780131417
KEN,Kenya,2016,1819.03,4.67,36.0,14.2,18,-1.5,7.506058670960461,-1.5640727396880594,-0.8118867972253131,-0.7276068751089989,0.3173433872877292,-1.9813127769494616
KEN,Kenya,2016,1819.03,4.67,33.1,18.7,18,-1.5,7.506058670960461,-1.5640727396880594,-0.8118867972253131,-0.7276068751089989,-0.08059369391769666,-1.7039618593963952
KEN,Kenya,2016,1819.03,4.67,33.1,8.8,18,-1.5,7.506058670960461,-1.5640727396880594,-0.8118867972253131,-0.7276068751089989,-0.08059369391769666,-2.3141338780131417
KEN,Kenya,2016,1819.03,4.67,33.1,14.2,18,-1.5,7.506058670960461,-1.5640727396880594,-0.8118867972253131,-0.7276068751089989,-0.08059369391769666,-1.9813127769494616
KEN,Kenya,2016,1819.03,4.67,34.7,18.7,18,-1.5,7.506058670960461,-1.5640727396880594,-0.8118867972253131,-0.7276068751089989,0.1389577991611593,-1.7039618593963952
KEN,Kenya,2016,1819.03,4.67,34.7,8.8,18,-1.5,7.506058670960461,-1.5640727396880594,-0.8118867972253131,-0.7276068751089989,0.1389577991611593,-2.3141338780131417
KEN,Kenya,2016,1819.03,4.67,34.7,14.2,18,-1.5,7.506058670960461,-1.5640727396880594,-0.8118867972253131,-0.7276068751089989,0.1389577991611593,-1.9813127769494616
KEN,Kenya,2017,1799.66,4.54,32.5,19.2,18,-0.5,7.495353037153614,-1.5732148485499395,-0.8516086815453343,-0.24253562503633297,-0.16292550382226778,-1.673145090779388
KEN,Kenya,2017,1799.66,4.54,32.5,14.7,18,-0.5,7.495353037153614,-1.5732148485499395,-0.8516086815453343,-0.24253562503633297,-0.16292550382226778,-1.9504960083324543
KEN,Kenya,2017,1799.66,4.54,32.5,9.1,18,-0.5,7.495353037153614,-1.5732148485499395,-0.8516086815453343,-0.24253562503633297,-0.16292550382226778,-2.295643816842937
KEN,Kenya,2017,1799.66,4.54,34.2,19.2,18,-0.5,7.495353037153614,-1.5732148485499395,-0.8516086815453343,-0.24253562503633297,0.07034795757401688,-1.673145090779388
KEN,Kenya,2017,1799.66,4.54,34.2,14.7,18,-0.5,7.495353037153614,-1.5732148485499395,-0.8516086815453343,-0.24253562503633297,0.07034795757401688,-1.9504960083324543
KEN,Kenya,2017,1799.66,4.54,34.2,9.1,18,-0.5,7.495353037153614,-1.5732148485499395,-0.8516086815453343,-0.24253562503633297,0.07034795757401688,-2.295643816842937
KEN,Kenya,2017,1799.66,4.54,35.5,19.2,18,-0.5,7.495353037153614,-1.5732148485499395,-0.8516086815453343,-0.24253562503633297,0.2487335457005868,-1.673145090779388
KEN,Kenya,2017,1799.66,4.54,35.5,14.7,18,-0.5,7.495353037153614,-1.5732148485499395,-0.8516086815453343,-0.24253562503633297,0.2487335457005868,-1.9504960083324543
KEN,Kenya,2017,1799.66,4.54,35.5,9.1,18,-0.5,7.495353037153614,-1.5732148485499395,-0.8516086815453343,-0.24253562503633297,0.2487335457005868,-2.295643816842937
KEN,Kenya,2018,1856.42,4.6,33.7,9.5,18,0.5,7.526405180849172,-1.5466977750929736,-0.8332755041668631,0.24253562503633297,0.001738115986874449,-2.270990401949331
KEN,Kenya,2018,1856.42,4.6,33.7,15.2,18,0.5,7.526405180849172,-1.5466977750929736,-0.8332755041668631,0.24253562503633297,0.001738115986874449,-1.919679239715447
KEN,Kenya,2018,1856.42,4.6,33.7,19.9,18,0.5,7.526405180849172,-1.5466977750929736,-0.8332755041668631,0.24253562503633297,0.001738115986874449,-1.6300016147155776
KEN,Kenya,2018,1856.42,4.6,32.0,9.5,18,0.5,7.526405180849172,-1.5466977750929736,-0.8332755041668631,0.24253562503633297,-0.2315353454094102,-2.270990401949331
KEN,Kenya,2018,1856.42,4.6,32.0,15.2,18,0.5,7.526405180849172,-1.5466977750929736,-0.8332755041668631,0.24253562503633297,-0.2315353454094102,-1.919679239715447
KEN,Kenya,2018,1856.42,4.6,32.0,19.9,18,0.5,7.526405180849172,-1.5466977750929736,-0.8332755041668631,0.24253562503633297,-0.2315353454094102,-1.6300016147155776
KEN,Kenya,2018,1856.42,4.6,35.1,9.5,18,0.5,7.526405180849172,-1.5466977750929736,-0.8332755041668631,0.24253562503633297,0.19384567243087306,-2.270990401949331
KEN,Kenya,2018,1856.42,4.6,35.1,15.2,18,0.5,7.526405180849172,-1.5466977750929736,-0.8332755041668631,0.24253562503633297,0.19384567243087306,-1.919679239715447
KEN,Kenya,2018,1856.42,4.6,35.1,19.9,18,0.5,7.526405180849172,-1.5466977750929736,-0.8332755041668631,0.24253562503633297,0.19384567243087306,-1.6300016147155776
KEN,Kenya,2019,1864.13,4.64,31.4,20.5,18,1.5,7.5305497353029125,-1.5431585200910085,-0.8210533859145488,0.7276068751089989,-0.3138671553139813,-1.5930214923751687
KEN,Kenya,2019,1864.13,4.64,31.4,15.8,18,1.5,7.5305497353029125,-1.5431585200910085,-0.8210533859145488,0.7276068751089989,-0.3138671553139813,-1.882699117375038
KEN,Kenya,2019,1864.13,4.64,31.4,9.9,18,1.5,7.5305497353029125,-1.5431585200910085,-0.8210533859145488,0.7276068751089989,-0.3138671553139813,-2.2463369870557255
KEN,Kenya,2019,1864.13,4.64,33.2,20.5,18,1.5,7.5305497353029125,-1.5431585200910085,-0.8210533859145488,0.7276068751089989,-0.06687172560026798,-1.5930214923751687
KEN,Kenya,2019,1864.13,4.64,33.2,15.8,18,1.5,7.5305497353029125,-1.5431585200910085,-0.8210533859145488,0.7276068751089989,-0.06687172560026798,-1.882699117375038
KEN,Kenya,2019,1864.13,4.64,33.2,9.9,18,1.5,7.5305497353029125,-1.5431585200910085,-0.8210533859145488,0.7276068751089989,-0.06687172560026798,-2.2463369870557255
KEN,Kenya,2019,1864.13,4.64,34.7,20.5,18,1.5,7.5305497353029125,-1.5431585200910085,-0.8210533859145488,0.7276068751089989,0.1389577991611593,-1.5930214923751687
KEN,Kenya,2019,1864.13,4.64,34.7,15.8,18,1.5,7.5305497353029125,-1.5431585200910085,-0.8210533859145488,0.7276068751089989,0.1389577991611593,-1.882699117375038
KEN,Kenya,2019,1864.13,4.64,34.7,9.9,18,1.5,7.5305497353029125,-1.5431585200910085,-0.8210533859145488,0.7276068751089989,0.1389577991611593,-2.2463369870557255
KEN,Kenya,2020,1825.28,4.64,,,18,2.5,7.509488678905767,-1.5611436738710454,-0.8210533859145488,1.212678125181665,,
KEN,Kenya,2021,1906.24,4.73,,,18,3.5,7.552887994440322,-1.5240826951091675,-0.7935536198468416,1.697749375254331,,
KEN,Kenya,2022,1844.5,4.64,,,18,4.5,7.5199635170367305,-1.5521986536852628,-0.8210533859145488,2.182820625326997,,
KEN,Kenya,2023,1886.74,4.6,,,18,5.5,7.5426057510316795,-1.5328632484404465,-0.8332755041668631,2.6678918753996625,,
KEN,Kenya,2024,1865.99,4.64,,,18,6.5,7.531547022336123,-1.542306883766747,-0.8210533859145488,3.1529631254723287,,
KOR,"Korea, Rep.",2015,32835.84,8.42,27.2,67.6,19,-2.5,10.39927588075559,0.9065989804763517,0.33393678892914724,-1.212678125181665,-0.8901898246459776,1.3099181113469274
KOR,"Korea, Rep.",2015,32835.84,8.42,27.2,62.3,19,-2.5,10.39927588075559,0.9065989804763517,0.33393678892914724,-1.212678125181665,-0.8901898246459776,0.9832603640066492
KOR,"Korea, Rep.",2015,32835.84,8.42,27.2,75.4,19,-2.5,10.39927588075559,0.9065989804763517,0.33393678892914724,-1.212678125181665,-0.8901898246459776,1.7906597017722434
KOR,"Korea, Rep.",2015,32835.84,8.42,31.9,67.6,19,-2.5,10.39927588075559,0.9065989804763517,0.33393678892914724,-1.212678125181665,-0.24525731372683887,1.3099181113469274
KOR,"Korea, Rep.",2015,32835.84,8.42,31.9,62.3,19,-2.5,10.39927588075559,0.9065989804763517,0.33393678892914724,-1.212678125181665,-0.24525731372683887,0.9832603640066492
KOR,"Korea, Rep.",2015,32835.84,8.42,31.9,75.4,19,-2.5,10.39927588075559,0.9065989804763517,0.33393678892914724,-1.212678125181665,-0.24525731372683887,1.7906597017722434
KOR,"Korea, Rep.",2015,32835.84,8.42,22.3,67.6,19,-2.5,10.39927588075559,0.9065989804763517,0.33393678892914724,-1.212678125181665,-1.5625662721999731,1.3099181113469274
KOR,"Korea, Rep.",2015,32835.84,8.42,22.3,62.3,19,-2.5,10.39927588075559,0.9065989804763517,0.33393678892914724,-1.212678125181665,-1.5625662721999731,0.9832603640066492
KOR,"Korea, Rep.",2015,32835.84,8.42,22.3,75.4,19,-2.5,10.39927588075559,0.9065989804763517,0.33393678892914724,-1.212678125181665,-1.5625662721999731,1.7906597017722434
KOR,"Korea, Rep.",2016,31843.67,8.5,31.9,76.0,19,-1.5,10.368593897135051,0.8803980063520543,0.35838102543377576,-0.7276068751089989,-0.24525731372683887,1.827639824112652
KOR,"Korea, Rep.",2016,31843.67,8.5,31.9,63.6,19,-1.5,10.368593897135051,0.8803980063520543,0.35838102543377576,-0.7276068751089989,-0.24525731372683887,1.0633839624108687
KOR,"Korea, Rep.",2016,31843.67,8.5,31.9,68.5,19,-1.5,10.368593897135051,0.8803980063520543,0.35838102543377576,-0.7276068751089989,-0.24525731372683887,1.365388294857541
KOR,"Korea, Rep.",2016,31843.67,8.5,22.0,76.0,19,-1.5,10.368593897135051,0.8803980063520543,0.35838102543377576,-0.7276068751089989,-1.6037321771522588,1.827639824112652
KOR,"Korea, Rep.",2016,31843.67,8.5,22.0,63.6,19,-1.5,10.368593897135051,0.8803980063520543,0.35838102543377576,-0.7276068751089989,-1.6037321771522588,1.0633839624108687
KOR,"Korea, Rep.",2016,31843.67,8.5,22.0,68.5,19,-1.5,10.368593897135051,0.8803980063520543,0.35838102543377576,-0.7276068751089989,-1.6037321771522588,1.365388294857541
KOR,"Korea, Rep.",2016,31843.67,8.5,27.1,76.0,19,-1.5,10.368593897135051,0.8803980063520543,0.35838102543377576,-0.7276068751089989,-0.9039117929634058,1.827639824112652
KOR,"Korea, Rep.",2016,31843.67,8.5,27.1,63.6,19,-1.5,10.368593897135051,0.8803980063520543,0.35838102543377576,-0.7276068751089989,-0.9039117929634058,1.0633839624108687
KOR,"Korea, Rep.",2016,31843.67,8.5,27.1,68.5,19,-1.5,10.368593897135051,0.8803980063520543,0.35838102543377576,-0.7276068751089989,-0.9039117929634058,1.365388294857541
KOR,"Korea, Rep.",2017,32487.74,8.55,27.0,69.4,19,-0.5,10.388618066379173,0.8974977071639203,0.3736586732491688,-0.24253562503633297,-0.9176337612808345,1.4208584783681546
KOR,"Korea, Rep.",2017,32487.74,8.55,27.0,64.8,19,-0.5,10.388618066379173,0.8974977071639203,0.3736586732491688,-0.24253562503633297,-0.9176337612808345,1.1373442070916862
KOR,"Korea, Rep.",2017,32487.74,8.55,27.0,76.5,19,-0.5,10.388618066379173,0.8974977071639203,0.3736586732491688,-0.24253562503633297,-0.9176337612808345,1.8584565927296592
KOR,"Korea, Rep.",2017,32487.74,8.55,21.7,69.4,19,-0.5,10.388618066379173,0.8974977071639203,0.3736586732491688,-0.24253562503633297,-1.6448980821045442,1.4208584783681546
KOR,"Korea, Rep.",2017,32487.74,8.55,21.7,64.8,19,-0.5,10.388618066379173,0.8974977071639203,0.3736586732491688,-0.24253562503633297,-1.6448980821045442,1.1373442070916862
KOR,"Korea, Rep.",2017,32487.74,8.55,21.7,76.5,19,-0.5,10.388618066379173,0.8974977071639203,0.3736586732491688,-0.24253562503633297,-1.6448980821045442,1.8584565927296592
KOR,"Korea, Rep.",2017,32487.74,8.55,31.9,69.4,19,-0.5,10.388618066379173,0.8974977071639203,0.3736586732491688,-0.24253562503633297,-0.24525731372683887,1.4208584783681546
KOR,"Korea, Rep.",2017,32487.74,8.55,31.9,64.8,19,-0.5,10.388618066379173,0.8974977071639203,0.3736586732491688,-0.24253562503633297,-0.24525731372683887,1.1373442070916862
KOR,"Korea, Rep.",2017,32487.74,8.55,31.9,76.5,19,-0.5,10.388618066379173,0.8974977071639203,0.3736586732491688,-0.24253562503633297,-0.24525731372683887,1.8584565927296592
KOR,"Korea, Rep.",2018,32437.27,8.33,31.9,70.3,19,0.5,10.38706334932434,0.8961700517610592,0.30643702286144026,0.24253562503633297,-0.24525731372683887,1.4763286618787674
KOR,"Korea, Rep.",2018,32437.27,8.33,31.9,66.0,19,0.5,10.38706334932434,0.8961700517610592,0.30643702286144026,0.24253562503633297,-0.24525731372683887,1.211304451772504
KOR,"Korea, Rep.",2018,32437.27,8.33,31.9,77.0,19,0.5,10.38706334932434,0.8961700517610592,0.30643702286144026,0.24253562503633297,-0.24525731372683887,1.8892733613466666
KOR,"Korea, Rep.",2018,32437.27,8.33,26.8,70.3,19,0.5,10.38706334932434,0.8961700517610592,0.30643702286144026,0.24253562503633297,-0.9450776979156914,1.4763286618787674
KOR,"Korea, Rep.",2018,32437.27,8.33,26.8,66.0,19,0.5,10.38706334932434,0.8961700517610592,0.30643702286144026,0.24253562503633297,-0.9450776979156914,1.211304451772504
KOR,"Korea, Rep.",2018,32437.27,8.33,26.8,77.0,19,0.5,10.38706334932434,0.8961700517610592,0.30643702286144026,0.24253562503633297,-0.9450776979156914,1.8892733613466666
KOR,"Korea, Rep.",2018,32437.27,8.33,21.5,70.3,19,0.5,10.38706334932434,0.8961700517610592,0.30643702286144026,0.24253562503633297,-1.6723420187394011,1.4763286618787674
KOR,"Korea, Rep.",2018,32437.27,8.33,21.5,66.0,19,0.5,10.38706334932434,0.8961700517610592,0.30643702286144026,0.24253562503633297,-1.6723420187394011,1.211304451772504
KOR,"Korea, Rep.",2018,32437.27,8.33,21.5,77.0,19,0.5,10.38706334932434,0.8961700517610592,0.30643702286144026,0.24253562503633297,-1.6723420187394011,1.8892733613466666
KOR,"Korea, Rep.",2019,31551.04,8.58,32.0,77.5,19,1.5,10.359361830975994,0.8725142551077134,0.38282526193840427,0.7276068751089989,-0.2315353454094102,1.9200901299636741
KOR,"Korea, Rep.",2019,31551.04,8.58,32.0,67.2,19,1.5,10.359361830975994,0.8725142551077134,0.38282526193840427,0.7276068751089989,-0.2315353454094102,1.2852646964533219
KOR,"Korea, Rep.",2019,31551.04,8.58,32.0,71.1,19,1.5,10.359361830975994,0.8725142551077134,0.38282526193840427,0.7276068751089989,-0.2315353454094102,1.5256354916659791
KOR,"Korea, Rep.",2019,31551.04,8.58,26.7,77.5,19,1.5,10.359361830975994,0.8725142551077134,0.38282526193840427,0.7276068751089989,-0.9587996662331201,1.9200901299636741
KOR,"Korea, Rep.",2019,31551.04,8.58,26.7,67.2,19,1.5,10.359361830975994,0.8725142551077134,0.38282526193840427,0.7276068751089989,-0.9587996662331201,1.2852646964533219
KOR,"Korea, Rep.",2019,31551.04,8.58,26.7,71.1,19,1.5,10.359361830975994,0.8725142551077134,0.38282526193840427,0.7276068751089989,-0.9587996662331201,1.5256354916659791
KOR,"Korea, Rep.",2019,31551.04,8.58,21.2,77.5,19,1.5,10.359361830975994,0.8725142551077134,0.38282526193840427,0.7276068751089989,-1.7135079236916868,1.9200901299636741
KOR,"Korea, Rep.",2019,31551.04,8.58,21.2,67.2,19,1.5,10.359361830975994,0.8725142551077134,0.38282526193840427,0.7276068751089989,-1.7135079236916868,1.2852646964533219
KOR,"Korea, Rep.",2019,31551.04,8.58,21.2,71.1,19,1.5,10.359361830975994,0.8725142551077134,0.38282526193840427,0.7276068751089989,-1.7135079236916868,1.5256354916659791
KOR,"Korea, Rep.",2020,33636.48,8.43,,,19,2.5,10.423366471275513,0.9271712142229658,0.3369923184922257,1.212678125181665,,
KOR,"Korea, Rep.",2021,32394.76,8.58,,,19,3.5,10.385751960305912,0.8950501870820459,0.38282526193840427,1.697749375254331,,
KOR,"Korea, Rep.",2022,32038.16,8.39,,,19,4.5,10.374682971318501,0.8855977899480112,0.32477020023991177,2.182820625326997,,
KOR,"Korea, Rep.",2023,33265.06,8.44,,,19,5.5,10.41226287587194,0.9176892648335884,0.34004784805530425,2.6678918753996625,,
KOR,"Korea, Rep.",2024,32956.72,8.47,,,19,6.5,10.402950464508399,0.9097369025551717,0.3492144367445403,3.1529631254723287,,
MEX,Mexico,2015,9955.23,5.41,32.9,46.6,20,-2.5,9.20585332019926,-0.11252787961221851,-0.5857776095574995,-1.212678125181665,-0.10803763055255403,0.01561382943261733
MEX,Mexico,2015,9955.23,5.41,32.9,56.7,20,-2.5,9.20585332019926,-0.11252787961221851,-0.5857776095574995,-1.212678125181665,-0.10803763055255403,0.6381125554961667
MEX,Mexico,2015,9955.23,5.41,32.9,35.8,20,-2.5,9.20585332019926,-0.11252787961221851,-0.5857776095574995,-1.212678125181665,-0.10803763055255403,-0.6500283726947426
MEX,Mexico,2015,9955.23,5.41,34.3,46.6,20,-2.5,9.20585332019926,-0.11252787961221851,-0.5857776095574995,-1.212678125181665,0.08406992589144459,0.01561382943261733
MEX,Mexico,2015,9955.23,5.41,34.3,56.7,20,-2.5,9.20585332019926,-0.11252787961221851,-0.5857776095574995,-1.212678125181665,0.08406992589144459,0.6381125554961667
MEX,Mexico,2015,9955.23,5.41,34.3,35.8,20,-2.5,9.20585332019926,-0.11252787961221851,-0.5857776095574995,-1.212678125181665,0.08406992589144459,-0.6500283726947426
MEX,Mexico,2015,9955.23,5.41,33.6,46.6,20,-2.5,9.20585332019926,-0.11252787961221851,-0.5857776095574995,-1.212678125181665,-0.011983852330554231,0.01561382943261733
MEX,Mexico,2015,9955.23,5.41,33.6,56.7,20,-2.5,9.20585332019926,-0.11252787961221851,-0.5857776095574995,-1.212678125181665,-0.011983852330554231,0.6381125554961667
MEX,Mexico,2015,9955.23,5.41,33.6,35.8,20,-2.5,9.20585332019926,-0.11252787961221851,-0.5857776095574995,-1.212678125181665,-0.011983852330554231,-0.6500283726947426
MEX,Mexico,2016,10068.65,5.35,33.2,57.6,20,-1.5,9.217181915156536,-0.1028537911630768,-0.604110786935971,-0.7276068751089989,-0.06687172560026798,0.6935827390067799
MEX,Mexico,2016,10068.65,5.35,33.2,36.7,20,-1.5,9.217181915156536,-0.1028537911630768,-0.604110786935971,-0.7276068751089989,-0.06687172560026798,-0.594558189184129
MEX,Mexico,2016,10068.65,5.35,33.2,47.5,20,-1.5,9.217181915156536,-0.1028537911630768,-0.604110786935971,-0.7276068751089989,-0.06687172560026798,0.07108401294323055
MEX,Mexico,2016,10068.65,5.35,32.5,57.6,20,-1.5,9.217181915156536,-0.1028537911630768,-0.604110786935971,-0.7276068751089989,-0.16292550382226778,0.6935827390067799
MEX,Mexico,2016,10068.65,5.35,32.5,36.7,20,-1.5,9.217181915156536,-0.1028537911630768,-0.604110786935971,-0.7276068751089989,-0.16292550382226778,-0.594558189184129
MEX,Mexico,2016,10068.65,5.35,32.5,47.5,20,-1.5,9.217181915156536,-0.1028537911630768,-0.604110786935971,-0.7276068751089989,-0.16292550382226778,0.07108401294323055
MEX,Mexico,2016,10068.65,5.35,33.9,57.6,20,-1.5,9.217181915156536,-0.1028537911630768,-0.604110786935971,-0.7276068751089989,0.029182052621730837,0.6935827390067799
MEX,Mexico,2016,10068.65,5.35,33.9,36.7,20,-1.5,9.217181915156536,-0.1028537911630768,-0.604110786935971,-0.7276068751089989,0.029182052621730837,-0.594558189184129
MEX,Mexico,2016,10068.65,5.35,33.9,47.5,20,-1.5,9.217181915156536,-0.1028537911630768,-0.604110786935971,-0.7276068751089989,0.029182052621730837,0.07108401294323055
MEX,Mexico,2017,10084.76,5.42,32.1,37.6,20,-0.5,9.218780652385757,-0.10148854459713005,-0.582722079994421,-0.24253562503633297,-0.2178133770919815,-0.5390880056735157
MEX,Mexico,2017,10084.76,5.42,32.1,48.3,20,-0.5,9.218780652385757,-0.10148854459713005,-0.582722079994421,-0.24253562503633297,-0.2178133770919815,0.1203908427304422
MEX,Mexico,2017,10084.76,5.42,32.1,58.3,20,-0.5,9.218780652385757,-0.10148854459713005,-0.582722079994421,-0.24253562503633297,-0.2178133770919815,0.73672621507059
MEX,Mexico,2017,10084.76,5.42,32.8,37.6,20,-0.5,9.218780652385757,-0.10148854459713005,-0.582722079994421,-0.24253562503633297,-0.12175959886998271,-0.5390880056735157
MEX,Mexico,2017,10084.76,5.42,32.8,48.3,20,-0.5,9.218780652385757,-0.10148854459713005,-0.582722079994421,-0.24253562503633297,-0.12175959886998271,0.1203908427304422
MEX,Mexico,2017,10084.76,5.42,32.8,58.3,20,-0.5,9.218780652385757,-0.10148854459713005,-0.582722079994421,-0.24253562503633297,-0.12175959886998271,0.73672621507059
MEX,Mexico,2017,10084.76,5.42,33.5,37.6,20,-0.5,9.218780652385757,-0.10148854459713005,-0.582722079994421,-0.24253562503633297,-0.02570582064798291,-0.5390880056735157
MEX,Mexico,2017,10084.76,5.42,33.5,48.3,20,-0.5,9.218780652385757,-0.10148854459713005,-0.582722079994421,-0.24253562503633297,-0.02570582064798291,0.1203908427304422
MEX,Mexico,2017,10084.76,5.42,33.5,58.3,20,-0.5,9.218780652385757,-0.10148854459713005,-0.582722079994421,-0.24253562503633297,-0.02570582064798291,0.73672621507059
MEX,Mexico,2018,10603.49,5.52,31.7,59.0,20,0.5,9.268938471193843,-0.05865612121228317,-0.5521667843636355,0.24253562503633297,-0.27270125036169574,0.7798696911344005
MEX,Mexico,2018,10603.49,5.52,31.7,38.5,20,0.5,9.268938471193843,-0.05865612121228317,-0.5521667843636355,0.24253562503633297,-0.27270125036169574,-0.4836178221629025
MEX,Mexico,2018,10603.49,5.52,31.7,49.1,20,0.5,9.268938471193843,-0.05865612121228317,-0.5521667843636355,0.24253562503633297,-0.27270125036169574,0.16969767251765427
MEX,Mexico,2018,10603.49,5.52,32.4,59.0,20,0.5,9.268938471193843,-0.05865612121228317,-0.5521667843636355,0.24253562503633297,-0.17664747213969645,0.7798696911344005
MEX,Mexico,2018,10603.49,5.52,32.4,38.5,20,0.5,9.268938471193843,-0.05865612121228317,-0.5521667843636355,0.24253562503633297,-0.17664747213969645,-0.4836178221629025
MEX,Mexico,2018,10603.49,5.52,32.4,49.1,20,0.5,9.268938471193843,-0.05865612121228317,-0.5521667843636355,0.24253562503633297,-0.17664747213969645,0.16969767251765427
MEX,Mexico,2018,10603.49,5.52,33.1,59.0,20,0.5,9.268938471193843,-0.05865612121228317,-0.5521667843636355,0.24253562503633297,-0.08059369391769666,0.7798696911344005
MEX,Mexico,2018,10603.49,5.52,33.1,38.5,20,0.5,9.268938471193843,-0.05865612121228317,-0.5521667843636355,0.24253562503633297,-0.08059369391769666,-0.4836178221629025
MEX,Mexico,2018,10603.49,5.52,33.1,49.1,20,0.5,9.268938471193843,-0.05865612121228317,-0.5521667843636355,0.24253562503633297,-0.08059369391769666,0.16969767251765427
MEX,Mexico,2019,9962.68,5.41,32.8,59.7,20,1.5,9.206601390689329,-0.11188906252021283,-0.5857776095574995,0.7276068751089989,-0.12175959886998271,0.823013167198211
MEX,Mexico,2019,9962.68,5.41,32.8,49.9,20,1.5,9.206601390689329,-0.11188906252021283,-0.5857776095574995,0.7276068751089989,-0.12175959886998271,0.21900450230486593
MEX,Mexico,2019,9962.68,5.41,32.8,39.3,20,1.5,9.206601390689329,-0.11188906252021283,-0.5857776095574995,0.7276068751089989,-0.12175959886998271,-0.4343109923756909
MEX,Mexico,2019,9962.68,5.41,31.4,59.7,20,1.5,9.206601390689329,-0.11188906252021283,-0.5857776095574995,0.7276068751089989,-0.3138671553139813,0.823013167198211
MEX,Mexico,2019,9962.68,5.41,31.4,49.9,20,1.5,9.206601390689329,-0.11188906252021283,-0.5857776095574995,0.7276068751089989,-0.3138671553139813,0.21900450230486593
MEX,Mexico,2019,9962.68,5.41,31.4,39.3,20,1.5,9.206601390689329,-0.11188906252021283,-0.5857776095574995,0.7276068751089989,-0.3138671553139813,-0.4343109923756909
MEX,Mexico,2019,9962.68,5.41,32.1,59.7,20,1.5,9.206601390689329,-0.11188906252021283,-0.5857776095574995,0.7276068751089989,-0.2178133770919815,0.823013167198211
MEX,Mexico,2019,9962.68,5.41,32.1,49.9,20,1.5,9.206601390689329,-0.11188906252021283,-0.5857776095574995,0.7276068751089989,-0.2178133770919815,0.21900450230486593
MEX,Mexico,2019,9962.68,5.41,32.1,39.3,20,1.5,9.206601390689329,-0.11188906252021283,-0.5857776095574995,0.7276068751089989,-0.2178133770919815,-0.4343109923756909
MEX,Mexico,2020,9873.98,5.4,,,20,2.5,9.197658293295184,-0.11952604800045401,-0.588833139120578,1.212678125181665,,
MEX,Mexico,2021,10263.12,5.5,,,20,3.5,9.236312166064934,-0.0865174546588512,-0.5582778434897925,1.697749375254331,,
MEX,Mexico,2022,10087.52,5.41,,,20,4.5,9.219054295228036,-0.10125486645172325,-0.5857776095574995,2.182820625326997,,
MEX,Mexico,2023,9837.21,5.44,,,20,5.5,9.193927413256835,-0.12271204446517404,-0.5766110208682638,2.6678918753996625,,
MEX,Mexico,2024,10087.52,5.43,,,20,6.5,9.219054295228036,-0.10125486645172325,-0.5796665504313425,3.1529631254723287,,
NGA,Nigeria,2015,2092.46,3.81,38.5,21.4,21,-2.5,7.646095686290836,-1.4444877004515873,-1.0746623396500692,-1.212678125181665,0.6603925952234414,-1.5375513088645554
NGA,Nigeria,2015,2092.46,3.81,38.5,23.2,21,-2.5,7.646095686290836,-1.4444877004515873,-1.0746623396500692,-1.212678125181665,0.6603925952234414,-1.4266109418433288
NGA,Nigeria,2015,2092.46,3.81,38.5,24.9,21,-2.5,7.646095686290836,-1.4444877004515873,-1.0746623396500692,-1.212678125181665,0.6603925952234414,-1.3218339285455036
NGA,Nigeria,2015,2092.46,3.81,36.1,21.4,21,-2.5,7.646095686290836,-1.4444877004515873,-1.0746623396500692,-1.212678125181665,0.33106535560515793,-1.5375513088645554
NGA,Nigeria,2015,2092.46,3.81,36.1,23.2,21,-2.5,7.646095686290836,-1.4444877004515873,-1.0746623396500692,-1.212678125181665,0.33106535560515793,-1.4266109418433288
NGA,Nigeria,2015,2092.46,3.81,36.1,24.9,21,-2.5,7.646095686290836,-1.4444877004515873,-1.0746623396500692,-1.212678125181665,0.33106535560515793,-1.3218339285455036
NGA,Nigeria,2015,2092.46,3.81,33.6,21.4,21,-2.5,7.646095686290836,-1.4444877004515873,-1.0746623396500692,-1.212678125181665,-0.011983852330554231,-1.5375513088645554
NGA,Nigeria,2015,2092.46,3.81,33.6,23.2,21,-2.5,7.646095686290836,-1.4444877004515873,-1.0746623396500692,-1.212678125181665,-0.011983852330554231,-1.4266109418433288
NGA,Nigeria,2015,2092.46,3.81,33.6,24.9,21,-2.5,7.646095686290836,-1.4444877004515873,-1.0746623396500692,-1.212678125181665,-0.011983852330554231,-1.3218339285455036
NGA,Nigeria,2016,2141.46,3.79,36.1,24.5,21,-1.5,7.6692431183846,-1.4247208797390356,-1.0807733987762265,-0.7276068751089989,0.33106535560515793,-1.3464873434391094
NGA,Nigeria,2016,2141.46,3.79,36.1,22.8,21,-1.5,7.6692431183846,-1.4247208797390356,-1.0807733987762265,-0.7276068751089989,0.33106535560515793,-1.4512643567369345
NGA,Nigeria,2016,2141.46,3.79,36.1,26.0,21,-1.5,7.6692431183846,-1.4247208797390356,-1.0807733987762265,-0.7276068751089989,0.33106535560515793,-1.2540370375880874
NGA,Nigeria,2016,2141.46,3.79,33.5,24.5,21,-1.5,7.6692431183846,-1.4247208797390356,-1.0807733987762265,-0.7276068751089989,-0.02570582064798291,-1.3464873434391094
NGA,Nigeria,2016,2141.46,3.79,33.5,22.8,21,-1.5,7.6692431183846,-1.4247208797390356,-1.0807733987762265,-0.7276068751089989,-0.02570582064798291,-1.4512643567369345
NGA,Nigeria,2016,2141.46,3.79,33.5,26.0,21,-1.5,7.6692431183846,-1.4247208797390356,-1.0807733987762265,-0.7276068751089989,-0.02570582064798291,-1.2540370375880874
NGA,Nigeria,2016,2141.46,3.79,38.6,24.5,21,-1.5,7.6692431183846,-1.4247208797390356,-1.0807733987762265,-0.7276068751089989,0.6741145635408701,-1.3464873434391094
NGA,Nigeria,2016,2141.46,3.79,38.6,22.8,21,-1.5,7.6692431183846,-1.4247208797390356,-1.0807733987762265,-0.7276068751089989,0.6741145635408701,-1.4512643567369345
NGA,Nigeria,2016,2141.46,3.79,38.6,26.0,21,-1.5,7.6692431183846,-1.4247208797390356,-1.0807733987762265,-0.7276068751089989,0.6741145635408701,-1.2540370375880874
NGA,Nigeria,2017,2135.89,3.8,36.1,25.8,21,-0.5,7.66663870062667,-1.426944930280497,-1.077717869213148,-0.24253562503633297,0.33106535560515793,-1.2663637450348901
NGA,Nigeria,2017,2135.89,3.8,36.1,27.1,21,-0.5,7.66663870062667,-1.426944930280497,-1.077717869213148,-0.24253562503633297,0.33106535560515793,-1.186240146630671
NGA,Nigeria,2017,2135.89,3.8,36.1,24.3,21,-0.5,7.66663870062667,-1.426944930280497,-1.077717869213148,-0.24253562503633297,0.33106535560515793,-1.3588140508859123
NGA,Nigeria,2017,2135.89,3.8,38.8,25.8,21,-0.5,7.66663870062667,-1.426944930280497,-1.077717869213148,-0.24253562503633297,0.7015585001757264,-1.2663637450348901
NGA,Nigeria,2017,2135.89,3.8,38.8,27.1,21,-0.5,7.66663870062667,-1.426944930280497,-1.077717869213148,-0.24253562503633297,0.7015585001757264,-1.186240146630671
NGA,Nigeria,2017,2135.89,3.8,38.8,24.3,21,-0.5,7.66663870062667,-1.426944930280497,-1.077717869213148,-0.24253562503633297,0.7015585001757264,-1.3588140508859123
NGA,Nigeria,2017,2135.89,3.8,33.3,25.8,21,-0.5,7.66663870062667,-1.426944930280497,-1.077717869213148,-0.24253562503633297,-0.05314975728284027,-1.2663637450348901
NGA,Nigeria,2017,2135.89,3.8,33.3,27.1,21,-0.5,7.66663870062667,-1.426944930280497,-1.077717869213148,-0.24253562503633297,-0.05314975728284027,-1.186240146630671
NGA,Nigeria,2017,2135.89,3.8,33.3,24.3,21,-0.5,7.66663870062667,-1.426944930280497,-1.077717869213148,-0.24253562503633297,-0.05314975728284027,-1.3588140508859123
NGA,Nigeria,2018,2116.06,3.84,33.2,27.2,21,0.5,7.657311147963707,-1.4349102225180472,-1.0654957509608336,0.24253562503633297,-0.06687172560026798,-1.1800767929072695
NGA,Nigeria,2018,2116.06,3.84,33.2,25.8,21,0.5,7.657311147963707,-1.4349102225180472,-1.0654957509608336,0.24253562503633297,-0.06687172560026798,-1.2663637450348901
NGA,Nigeria,2018,2116.06,3.84,33.2,28.4,21,0.5,7.657311147963707,-1.4349102225180472,-1.0654957509608336,0.24253562503633297,-0.06687172560026798,-1.106116548226452
NGA,Nigeria,2018,2116.06,3.84,38.9,27.2,21,0.5,7.657311147963707,-1.4349102225180472,-1.0654957509608336,0.24253562503633297,0.7152804684931551,-1.1800767929072695
NGA,Nigeria,2018,2116.06,3.84,38.9,25.8,21,0.5,7.657311147963707,-1.4349102225180472,-1.0654957509608336,0.24253562503633297,0.7152804684931551,-1.2663637450348901
NGA,Nigeria,2018,2116.06,3.84,38.9,28.4,21,0.5,7.657311147963707,-1.4349102225180472,-1.0654957509608336,0.24253562503633297,0.7152804684931551,-1.106116548226452
NGA,Nigeria,2018,2116.06,3.84,36.1,27.2,21,0.5,7.657311147963707,-1.4349102225180472,-1.0654957509608336,0.24253562503633297,0.33106535560515793,-1.1800767929072695
NGA,Nigeria,2018,2116.06,3.84,36.1,25.8,21,0.5,7.657311147963707,-1.4349102225180472,-1.0654957509608336,0.24253562503633297,0.33106535560515793,-1.2663637450348901
NGA,Nigeria,2018,2116.06,3.84,36.1,28.4,21,0.5,7.657311147963707,-1.4349102225180472,-1.0654957509608336,0.24253562503633297,0.33106535560515793,-1.106116548226452
NGA,Nigeria,2019,2044.29,3.77,33.0,27.4,21,1.5,7.622805819929044,-1.4643761533446769,-1.0868844579023835,0.7276068751089989,-0.09431566223512534,-1.1677500854604668
NGA,Nigeria,2019,2044.29,3.77,33.0,28.6,21,1.5,7.622805819929044,-1.4643761533446769,-1.0868844579023835,0.7276068751089989,-0.09431566223512534,-1.0937898407796487
NGA,Nigeria,2019,2044.29,3.77,33.0,29.6,21,1.5,7.622805819929044,-1.4643761533446769,-1.0868844579023835,0.7276068751089989,-0.09431566223512534,-1.032156303545634
NGA,Nigeria,2019,2044.29,3.77,39.0,27.4,21,1.5,7.622805819929044,-1.4643761533446769,-1.0868844579023835,0.7276068751089989,0.7290024368105839,-1.1677500854604668
NGA,Nigeria,2019,2044.29,3.77,39.0,28.6,21,1.5,7.622805819929044,-1.4643761533446769,-1.0868844579023835,0.7276068751089989,0.7290024368105839,-1.0937898407796487
NGA,Nigeria,2019,2044.29,3.77,39.0,29.6,21,1.5,7.622805819929044,-1.4643761533446769,-1.0868844579023835,0.7276068751089989,0.7290024368105839,-1.032156303545634
NGA,Nigeria,2019,2044.29,3.77,36.1,27.4,21,1.5,7.622805819929044,-1.4643761533446769,-1.0868844579023835,0.7276068751089989,0.33106535560515793,-1.1677500854604668
NGA,Nigeria,2019,2044.29,3.77,36.1,28.6,21,1.5,7.622805819929044,-1.4643761533446769,-1.0868844579023835,0.7276068751089989,0.33106535560515793,-1.0937898407796487
NGA,Nigeria,2019,2044.29,3.77,36.1,29.6,21,1.5,7.622805819929044,-1.4643761533446769,-1.0868844579023835,0.7276068751089989,0.33106535560515793,-1.032156303545634
NGA,Nigeria,2020,2072.75,3.73,,,21,2.5,7.636631506996328,-1.452569665420668,-1.0991065761546979,1.212678125181665,,
NGA,Nigeria,2021,2113.51,3.85,,,21,3.5,7.6561053514837045,-1.435939916124642,-1.062440221397755,1.697749375254331,,
NGA,Nigeria,2022,2137.03,3.84,,,21,4.5,7.667172293592159,-1.4264892669291769,-1.0654957509608336,2.182820625326997,,
NGA,Nigeria,2023,2201.75,3.88,,,21,5.5,7.6970077776855685,-1.4010111636753182,-1.0532736327085195,2.6678918753996625,,
NGA,Nigeria,2024,2160.1,3.89,,,21,6.5,7.677909795902867,-1.41731994386057,-1.0502181031454407,3.1529631254723287,,
POL,Poland,2015,16975.97,6.32,41.8,57.5,22,-2.5,9.73955409365145,0.3432275346491142,-0.30772441931735045,-1.212678125181665,1.113217549698581,0.6874193852833784
POL,Poland,2015,16975.97,6.32,41.8,50.7,22,-2.5,9.73955409365145,0.3432275346491142,-0.30772441931735045,-1.212678125181665,1.113217549698581,0.268311332092078
POL,Poland,2015,16975.97,6.32,41.8,65.6,22,-2.5,9.73955409365145,0.3432275346491142,-0.30772441931735045,-1.212678125181665,1.113217549698581,1.1866510368788978
POL,Poland,2015,16975.97,6.32,54.1,57.5,22,-2.5,9.73955409365145,0.3432275346491142,-0.30772441931735045,-1.212678125181665,2.8010196527422853,0.6874193852833784
POL,Poland,2015,16975.97,6.32,54.1,50.7,22,-2.5,9.73955409365145,0.3432275346491142,-0.30772441931735045,-1.212678125181665,2.8010196527422853,0.268311332092078
POL,Poland,2015,16975.97,6.32,54.1,65.6,22,-2.5,9.73955409365145,0.3432275346491142,-0.30772441931735045,-1.212678125181665,2.8010196527422853,1.1866510368788978
POL,Poland,2015,16975.97,6.32,48.1,57.5,22,-2.5,9.73955409365145,0.3432275346491142,-0.30772441931735045,-1.212678125181665,1.9777015536965763,0.6874193852833784
POL,Poland,2015,16975.97,6.32,48.1,50.7,22,-2.5,9.73955409365145,0.3432275346491142,-0.30772441931735045,-1.212678125181665,1.9777015536965763,0.268311332092078
POL,Poland,2015,16975.97,6.32,48.1,65.6,22,-2.5,9.73955409365145,0.3432275346491142,-0.30772441931735045,-1.212678125181665,1.9777015536965763,1.1866510368788978
POL,Poland,2016,17074.05,6.26,48.4,58.5,22,-1.5,9.745315045995154,0.34814711759249584,-0.32605759669582196,-0.7276068751089989,2.0188674586488613,0.7490529225173932
POL,Poland,2016,17074.05,6.26,48.4,52.2,22,-1.5,9.745315045995154,0.34814711759249584,-0.32605759669582196,-0.7276068751089989,2.0188674586488613,0.3607616379431002
POL,Poland,2016,17074.05,6.26,48.4,66.2,22,-1.5,9.745315045995154,0.34814711759249584,-0.32605759669582196,-0.7276068751089989,2.0188674586488613,1.2236311592193072
POL,Poland,2016,17074.05,6.26,54.5,58.5,22,-1.5,9.745315045995154,0.34814711759249584,-0.32605759669582196,-0.7276068751089989,2.855907526011999,0.7490529225173932
POL,Poland,2016,17074.05,6.26,54.5,52.2,22,-1.5,9.745315045995154,0.34814711759249584,-0.32605759669582196,-0.7276068751089989,2.855907526011999,0.3607616379431002
POL,Poland,2016,17074.05,6.26,54.5,66.2,22,-1.5,9.745315045995154,0.34814711759249584,-0.32605759669582196,-0.7276068751089989,2.855907526011999,1.2236311592193072
POL,Poland,2016,17074.05,6.26,42.0,58.5,22,-1.5,9.745315045995154,0.34814711759249584,-0.32605759669582196,-0.7276068751089989,1.1406614863334383,0.7490529225173932
POL,Poland,2016,17074.05,6.26,42.0,52.2,22,-1.5,9.745315045995154,0.34814711759249584,-0.32605759669582196,-0.7276068751089989,1.1406614863334383,0.3607616379431002
POL,Poland,2016,17074.05,6.26,42.0,66.2,22,-1.5,9.745315045995154,0.34814711759249584,-0.32605759669582196,-0.7276068751089989,1.1406614863334383,1.2236311592193072
POL,Poland,2017,17419.4,6.36,42.2,53.5,22,-0.5,9.765339806644542,0.36524732343670474,-0.29550230106503617,-0.24253562503633297,1.1681054229682957,0.44088523634731924
POL,Poland,2017,17419.4,6.36,42.2,66.7,22,-0.5,9.765339806644542,0.36524732343670474,-0.29550230106503617,-0.24253562503633297,1.1681054229682957,1.2544479278363145
POL,Poland,2017,17419.4,6.36,42.2,59.5,22,-0.5,9.765339806644542,0.36524732343670474,-0.29550230106503617,-0.24253562503633297,1.1681054229682957,0.810686459751408
POL,Poland,2017,17419.4,6.36,48.7,53.5,22,-0.5,9.765339806644542,0.36524732343670474,-0.29550230106503617,-0.24253562503633297,2.060033363601147,0.44088523634731924
POL,Poland,2017,17419.4,6.36,48.7,66.7,22,-0.5,9.765339806644542,0.36524732343670474,-0.29550230106503617,-0.24253562503633297,2.060033363601147,1.2544479278363145
POL,Poland,2017,17419.4,6.36,48.7,59.5,22,-0.5,9.765339806644542,0.36524732343670474,-0.29550230106503617,-0.24253562503633297,2.060033363601147,0.810686459751408
POL,Poland,2017,17419.4,6.36,54.8,53.5,22,-0.5,9.765339806644542,0.36524732343670474,-0.29550230106503617,-0.24253562503633297,2.897073430964284,0.44088523634731924
POL,Poland,2017,17419.4,6.36,54.8,66.7,22,-0.5,9.765339806644542,0.36524732343670474,-0.29550230106503617,-0.24253562503633297,2.897073430964284,1.2544479278363145
POL,Poland,2017,17419.4,6.36,54.8,59.5,22,-0.5,9.765339806644542,0.36524732343670474,-0.29550230106503617,-0.24253562503633297,2.897073430964284,0.810686459751408
POL,Poland,2018,17115.72,6.28,48.9,60.4,22,0.5,9.747752618440524,0.35022869006698476,-0.3199465375696647,0.24253562503633297,2.087477300236004,0.8661566432620211
POL,Poland,2018,17115.72,6.28,48.9,54.9,22,0.5,9.747752618440524,0.35022869006698476,-0.3199465375696647,0.24253562503633297,2.087477300236004,0.5271721884749399
POL,Poland,2018,17115.72,6.28,48.9,67.1,22,0.5,9.747752618440524,0.35022869006698476,-0.3199465375696647,0.24253562503633297,2.087477300236004,1.27910134272992
POL,Poland,2018,17115.72,6.28,55.1,60.4,22,0.5,9.747752618440524,0.35022869006698476,-0.3199465375696647,0.24253562503633297,2.9382393359165704,0.8661566432620211
POL,Poland,2018,17115.72,6.28,55.1,54.9,22,0.5,9.747752618440524,0.35022869006698476,-0.3199465375696647,0.24253562503633297,2.9382393359165704,0.5271721884749399
POL,Poland,2018,17115.72,6.28,55.1,67.1,22,0.5,9.747752618440524,0.35022869006698476,-0.3199465375696647,0.24253562503633297,2.9382393359165704,1.27910134272992
POL,Poland,2018,17115.72,6.28,42.4,60.4,22,0.5,9.747752618440524,0.35022869006698476,-0.3199465375696647,0.24253562503633297,1.1955493596031521,0.8661566432620211
POL,Poland,2018,17115.72,6.28,42.4,54.9,22,0.5,9.747752618440524,0.35022869006698476,-0.3199465375696647,0.24253562503633297,1.1955493596031521,0.5271721884749399
POL,Poland,2018,17115.72,6.28,42.4,67.1,22,0.5,9.747752618440524,0.35022869006698476,-0.3199465375696647,0.24253562503633297,1.1955493596031521,1.27910134272992
POL,Poland,2019,17413.13,6.34,42.7,61.3,22,1.5,9.764979798338072,0.3649398932379591,-0.30161336019119345,0.7276068751089989,1.2367152645554382,0.9216268267726344
POL,Poland,2019,17413.13,6.34,42.7,67.6,22,1.5,9.764979798338072,0.3649398932379591,-0.30161336019119345,0.7276068751089989,1.2367152645554382,1.3099181113469274
POL,Poland,2019,17413.13,6.34,42.7,56.2,22,1.5,9.764979798338072,0.3649398932379591,-0.30161336019119345,0.7276068751089989,1.2367152645554382,0.6072957868791593
POL,Poland,2019,17413.13,6.34,55.5,61.3,22,1.5,9.764979798338072,0.3649398932379591,-0.30161336019119345,0.7276068751089989,2.993127209186284,0.9216268267726344
POL,Poland,2019,17413.13,6.34,55.5,67.6,22,1.5,9.764979798338072,0.3649398932379591,-0.30161336019119345,0.7276068751089989,2.993127209186284,1.3099181113469274
POL,Poland,2019,17413.13,6.34,55.5,56.2,22,1.5,9.764979798338072,0.3649398932379591,-0.30161336019119345,0.7276068751089989,2.993127209186284,0.6072957868791593
POL,Poland,2019,17413.13,6.34,49.2,61.3,22,1.5,9.764979798338072,0.3649398932379591,-0.30161336019119345,0.7276068751089989,2.1286432051882898,0.9216268267726344
POL,Poland,2019,17413.13,6.34,49.2,67.6,22,1.5,9.764979798338072,0.3649398932379591,-0.30161336019119345,0.7276068751089989,2.1286432051882898,1.3099181113469274
POL,Poland,2019,17413.13,6.34,49.2,56.2,22,1.5,9.764979798338072,0.3649398932379591,-0.30161336019119345,0.7276068751089989,2.1286432051882898,0.6072957868791593
POL,Poland,2020,16790.97,6.33,,,22,2.5,9.728596520886443,0.3338702817403144,-0.3046688897542719,1.212678125181665,,
POL,Poland,2021,17429.09,6.29,,,22,3.5,9.765895928315796,0.3657222252454891,-0.3168910080065862,1.697749375254331,,
POL,Poland,2022,17461.21,6.26,,,22,4.5,9.767737128252394,0.36729452358490156,-0.32605759669582196,2.182820625326997,,
POL,Poland,2023,17907.64,6.43,,,22,5.5,9.792982716411418,0.3888530711119412,-0.2741135941234864,2.6678918753996625,,
POL,Poland,2024,17424.14,6.39,,,22,6.5,9.76561188003486,0.36547966134379084,-0.2863357123758007,3.1529631254723287,,
RUS,Russian Federation,2015,11112.11,5.26,46.3,58.4,23,-2.5,9.315790783593247,-0.01864644517495876,-0.6316105530036781,-1.212678125181665,1.730706123982863,0.7428895687939916
RUS,Russian Federation,2015,11112.11,5.26,46.3,39.8,23,-2.5,9.315790783593247,-0.01864644517495876,-0.6316105530036781,-1.212678125181665,1.730706123982863,-0.40349422375868343
RUS,Russian Federation,2015,11112.11,5.26,46.3,49.4,23,-2.5,9.315790783593247,-0.01864644517495876,-0.6316105530036781,-1.212678125181665,1.730706123982863,0.18818773368785854
RUS,Russian Federation,2015,11112.11,5.26,43.1,58.4,23,-2.5,9.315790783593247,-0.01864644517495876,-0.6316105530036781,-1.212678125181665,1.291603137825152,0.7428895687939916
RUS,Russian Federation,2015,11112.11,5.26,43.1,39.8,23,-2.5,9.315790783593247,-0.01864644517495876,-0.6316105530036781,-1.212678125181665,1.291603137825152,-0.40349422375868343
RUS,Russian Federation,2015,11112.11,5.26,43.1,49.4,23,-2.5,9.315790783593247,-0.01864644517495876,-0.6316105530036781,-1.212678125181665,1.291603137825152,0.18818773368785854
RUS,Russian Federation,2015,11112.11,5.26,49.3,58.4,23,-2.5,9.315790783593247,-0.01864644517495876,-0.6316105530036781,-1.212678125181665,2.1423651735057176,0.7428895687939916
RUS,Russian Federation,2015,11112.11,5.26,49.3,39.8,23,-2.5,9.315790783593247,-0.01864644517495876,-0.6316105530036781,-1.212678125181665,2.1423651735057176,-0.40349422375868343
RUS,Russian Federation,2015,11112.11,5.26,49.3,49.4,23,-2.5,9.315790783593247,-0.01864644517495876,-0.6316105530036781,-1.212678125181665,2.1423651735057176,0.18818773368785854
RUS,Russian Federation,2016,11595.3,5.3,42.6,49.6,23,-1.5,9.358355122576143,0.017701502796765883,-0.6193884347513637,-0.7276068751089989,1.2229932962380095,0.2005144411346617
RUS,Russian Federation,2016,11595.3,5.3,42.6,58.1,23,-1.5,9.358355122576143,0.017701502796765883,-0.6193884347513637,-0.7276068751089989,1.2229932962380095,0.7243995076237874
RUS,Russian Federation,2016,11595.3,5.3,42.6,40.5,23,-1.5,9.358355122576143,0.017701502796765883,-0.6193884347513637,-0.7276068751089989,1.2229932962380095,-0.3603507476948729
RUS,Russian Federation,2016,11595.3,5.3,45.8,49.6,23,-1.5,9.358355122576143,0.017701502796765883,-0.6193884347513637,-0.7276068751089989,1.6620962823957204,0.2005144411346617
RUS,Russian Federation,2016,11595.3,5.3,45.8,58.1,23,-1.5,9.358355122576143,0.017701502796765883,-0.6193884347513637,-0.7276068751089989,1.6620962823957204,0.7243995076237874
RUS,Russian Federation,2016,11595.3,5.3,45.8,40.5,23,-1.5,9.358355122576143,0.017701502796765883,-0.6193884347513637,-0.7276068751089989,1.6620962823957204,-0.3603507476948729
RUS,Russian Federation,2016,11595.3,5.3,48.8,49.6,23,-1.5,9.358355122576143,0.017701502796765883,-0.6193884347513637,-0.7276068751089989,2.073755331918575,0.2005144411346617
RUS,Russian Federation,2016,11595.3,5.3,48.8,58.1,23,-1.5,9.358355122576143,0.017701502796765883,-0.6193884347513637,-0.7276068751089989,2.073755331918575,0.7243995076237874
RUS,Russian Federation,2016,11595.3,5.3,48.8,40.5,23,-1.5,9.358355122576143,0.017701502796765883,-0.6193884347513637,-0.7276068751089989,2.073755331918575,-0.3603507476948729
RUS,Russian Federation,2017,11518.39,5.3,45.3,41.2,23,-0.5,9.351700167538526,0.012018483507810228,-0.6193884347513637,-0.24253562503633297,1.593486440808578,-0.31720727163106244
RUS,Russian Federation,2017,11518.39,5.3,45.3,49.7,23,-0.5,9.351700167538526,0.012018483507810228,-0.6193884347513637,-0.24253562503633297,1.593486440808578,0.20667779485806326
RUS,Russian Federation,2017,11518.39,5.3,45.3,57.7,23,-0.5,9.351700167538526,0.012018483507810228,-0.6193884347513637,-0.24253562503633297,1.593486440808578,0.6997460927301815
RUS,Russian Federation,2017,11518.39,5.3,48.3,41.2,23,-0.5,9.351700167538526,0.012018483507810228,-0.6193884347513637,-0.24253562503633297,2.0051454903314325,-0.31720727163106244
RUS,Russian Federation,2017,11518.39,5.3,48.3,49.7,23,-0.5,9.351700167538526,0.012018483507810228,-0.6193884347513637,-0.24253562503633297,2.0051454903314325,0.20667779485806326
RUS,Russian Federation,2017,11518.39,5.3,48.3,57.7,23,-0.5,9.351700167538526,0.012018483507810228,-0.6193884347513637,-0.24253562503633297,2.0051454903314325,0.6997460927301815
RUS,Russian Federation,2017,11518.39,5.3,42.1,41.2,23,-0.5,9.351700167538526,0.012018483507810228,-0.6193884347513637,-0.24253562503633297,1.1543834546508671,-0.31720727163106244
RUS,Russian Federation,2017,11518.39,5.3,42.1,49.7,23,-0.5,9.351700167538526,0.012018483507810228,-0.6193884347513637,-0.24253562503633297,1.1543834546508671,0.20667779485806326
RUS,Russian Federation,2017,11518.39,5.3,42.1,57.7,23,-0.5,9.351700167538526,0.012018483507810228,-0.6193884347513637,-0.24253562503633297,1.1543834546508671,0.6997460927301815
RUS,Russian Federation,2018,11661.78,5.26,47.8,57.4,23,0.5,9.364072106915428,0.022583539127766093,-0.6316105530036781,0.24253562503633297,1.9365356487442902,0.6812560315599768
RUS,Russian Federation,2018,11661.78,5.26,47.8,49.9,23,0.5,9.364072106915428,0.022583539127766093,-0.6316105530036781,0.24253562503633297,1.9365356487442902,0.21900450230486593
RUS,Russian Federation,2018,11661.78,5.26,47.8,41.9,23,0.5,9.364072106915428,0.022583539127766093,-0.6316105530036781,0.24253562503633297,1.9365356487442902,-0.2740637955672523
RUS,Russian Federation,2018,11661.78,5.26,41.6,57.4,23,0.5,9.364072106915428,0.022583539127766093,-0.6316105530036781,0.24253562503633297,1.0857736130637246,0.6812560315599768
RUS,Russian Federation,2018,11661.78,5.26,41.6,49.9,23,0.5,9.364072106915428,0.022583539127766093,-0.6316105530036781,0.24253562503633297,1.0857736130637246,0.21900450230486593
RUS,Russian Federation,2018,11661.78,5.26,41.6,41.9,23,0.5,9.364072106915428,0.022583539127766093,-0.6316105530036781,0.24253562503633297,1.0857736130637246,-0.2740637955672523
RUS,Russian Federation,2018,11661.78,5.26,44.8,57.4,23,0.5,9.364072106915428,0.022583539127766093,-0.6316105530036781,0.24253562503633297,1.5248765992214357,0.6812560315599768
RUS,Russian Federation,2018,11661.78,5.26,44.8,49.9,23,0.5,9.364072106915428,0.022583539127766093,-0.6316105530036781,0.24253562503633297,1.5248765992214357,0.21900450230486593
RUS,Russian Federation,2018,11661.78,5.26,44.8,41.9,23,0.5,9.364072106915428,0.022583539127766093,-0.6316105530036781,0.24253562503633297,1.5248765992214357,-0.2740637955672523
RUS,Russian Federation,2019,11815.91,5.36,44.3,57.0,23,1.5,9.377202207391417,0.0337960287462831,-0.6010552573728922,0.7276068751089989,1.4562667576342931,0.656602616666371
RUS,Russian Federation,2019,11815.91,5.36,44.3,42.6,23,1.5,9.377202207391417,0.0337960287462831,-0.6010552573728922,0.7276068751089989,1.4562667576342931,-0.2309203195034418
RUS,Russian Federation,2019,11815.91,5.36,44.3,50.0,23,1.5,9.377202207391417,0.0337960287462831,-0.6010552573728922,0.7276068751089989,1.4562667576342931,0.2251678560282675
RUS,Russian Federation,2019,11815.91,5.36,41.2,57.0,23,1.5,9.377202207391417,0.0337960287462831,-0.6010552573728922,0.7276068751089989,1.030885739794011,0.656602616666371
RUS,Russian Federation,2019,11815.91,5.36,41.2,42.6,23,1.5,9.377202207391417,0.0337960287462831,-0.6010552573728922,0.7276068751089989,1.030885739794011,-0.2309203195034418
RUS,Russian Federation,2019,11815.91,5.36,41.2,50.0,23,1.5,9.377202207391417,0.0337960287462831,-0.6010552573728922,0.7276068751089989,1.030885739794011,0.2251678560282675
RUS,Russian Federation,2019,11815.91,5.36,47.3,57.0,23,1.5,9.377202207391417,0.0337960287462831,-0.6010552573728922,0.7276068751089989,1.8679258071571478,0.656602616666371
RUS,Russian Federation,2019,11815.91,5.36,47.3,42.6,23,1.5,9.377202207391417,0.0337960287462831,-0.6010552573728922,0.7276068751089989,1.8679258071571478,-0.2309203195034418
RUS,Russian Federation,2019,11815.91,5.36,47.3,50.0,23,1.5,9.377202207391417,0.0337960287462831,-0.6010552573728922,0.7276068751089989,1.8679258071571478,0.2251678560282675
RUS,Russian Federation,2020,11780.23,5.36,,,23,2.5,9.374177981632972,0.031213481873726894,-0.6010552573728922,1.212678125181665,,
RUS,Russian Federation,2021,11798.18,5.44,,,23,3.5,9.375700561269827,0.032513693429824776,-0.5766110208682638,1.697749375254331,,
RUS,Russian Federation,2022,11748.3,5.32,,,23,4.5,9.371463828253956,0.02889572226168698,-0.6132773756252065,2.182820625326997,,
RUS,Russian Federation,2023,11633.36,5.29,,,23,5.5,9.361632111783392,0.020499897792559355,-0.6224439643144423,2.6678918753996625,,
RUS,Russian Federation,2024,11558.77,5.31,,,23,6.5,9.355199735181257,0.015006950042028554,-0.6163329051882853,3.1529631254723287,,
SAU,Saudi Arabia,2015,22553.73,6.34,35.9,49.0,24,-2.5,10.023655741451622,0.5858370091453962,-0.30161336019119345,-1.212678125181665,0.30362141897030054,0.16353431879425273
SAU,Saudi Arabia,2015,22553.73,6.34,35.9,40.1,24,-2.5,10.023655741451622,0.5858370091453962,-0.30161336019119345,-1.212678125181665,0.30362141897030054,-0.38500416258847875
SAU,Saudi Arabia,2015,22553.73,6.34,35.9,35.2,24,-2.5,10.023655741451622,0.5858370091453962,-0.30161336019119345,-1.212678125181665,0.30362141897030054,-0.6870084950351512
SAU,Saudi Arabia,2015,22553.73,6.34,34.3,49.0,24,-2.5,10.023655741451622,0.5858370091453962,-0.30161336019119345,-1.212678125181665,0.08406992589144459,0.16353431879425273
SAU,Saudi Arabia,2015,22553.73,6.34,34.3,40.1,24,-2.5,10.023655741451622,0.5858370091453962,-0.30161336019119345,-1.212678125181665,0.08406992589144459,-0.38500416258847875
SAU,Saudi Arabia,2015,22553.73,6.34,34.3,35.2,24,-2.5,10.023655741451622,0.5858370091453962,-0.30161336019119345,-1.212678125181665,0.08406992589144459,-0.6870084950351512
SAU,Saudi Arabia,2015,22553.73,6.34,31.6,49.0,24,-2.5,10.023655741451622,0.5858370091453962,-0.30161336019119345,-1.212678125181665,-0.28642321867912396,0.16353431879425273
SAU,Saudi Arabia,2015,22553.73,6.34,31.6,40.1,24,-2.5,10.023655741451622,0.5858370091453962,-0.30161336019119345,-1.212678125181665,-0.28642321867912396,-0.38500416258847875
SAU,Saudi Arabia,2015,22553.73,6.34,31.6,35.2,24,-2.5,10.023655741451622,0.5858370091453962,-0.30161336019119345,-1.212678125181665,-0.28642321867912396,-0.6870084950351512
SAU,Saudi Arabia,2016,23691.13,6.39,31.2,35.8,24,-1.5,10.072855995466494,0.6278517171347965,-0.2863357123758007,-0.7276068751089989,-0.3413110919488382,-0.6500283726947426
SAU,Saudi Arabia,2016,23691.13,6.39,31.2,49.2,24,-1.5,10.072855995466494,0.6278517171347965,-0.2863357123758007,-0.7276068751089989,-0.3413110919488382,0.17586102624105585
SAU,Saudi Arabia,2016,23691.13,6.39,31.2,40.5,24,-1.5,10.072855995466494,0.6278517171347965,-0.2863357123758007,-0.7276068751089989,-0.3413110919488382,-0.3603507476948729
SAU,Saudi Arabia,2016,23691.13,6.39,34.2,35.8,24,-1.5,10.072855995466494,0.6278517171347965,-0.2863357123758007,-0.7276068751089989,0.07034795757401688,-0.6500283726947426
SAU,Saudi Arabia,2016,23691.13,6.39,34.2,49.2,24,-1.5,10.072855995466494,0.6278517171347965,-0.2863357123758007,-0.7276068751089989,0.07034795757401688,0.17586102624105585
SAU,Saudi Arabia,2016,23691.13,6.39,34.2,40.5,24,-1.5,10.072855995466494,0.6278517171347965,-0.2863357123758007,-0.7276068751089989,0.07034795757401688,-0.3603507476948729
SAU,Saudi Arabia,2016,23691.13,6.39,36.0,35.8,24,-1.5,10.072855995466494,0.6278517171347965,-0.2863357123758007,-0.7276068751089989,0.3173433872877292,-0.6500283726947426
SAU,Saudi Arabia,2016,23691.13,6.39,36.0,49.2,24,-1.5,10.072855995466494,0.6278517171347965,-0.2863357123758007,-0.7276068751089989,0.3173433872877292,0.17586102624105585
SAU,Saudi Arabia,2016,23691.13,6.39,36.0,40.5,24,-1.5,10.072855995466494,0.6278517171347965,-0.2863357123758007,-0.7276068751089989,0.3173433872877292,-0.3603507476948729
SAU,Saudi Arabia,2017,23799.09,6.39,34.2,40.7,24,-0.5,10.07740262363446,0.6317343242196252,-0.2863357123758007,-0.24253562503633297,0.07034795757401688,-0.3480240402480698
SAU,Saudi Arabia,2017,23799.09,6.39,34.2,36.2,24,-0.5,10.07740262363446,0.6317343242196252,-0.2863357123758007,-0.24253562503633297,0.07034795757401688,-0.6253749578011363
SAU,Saudi Arabia,2017,23799.09,6.39,34.2,49.2,24,-0.5,10.07740262363446,0.6317343242196252,-0.2863357123758007,-0.24253562503633297,0.07034795757401688,0.17586102624105585
SAU,Saudi Arabia,2017,23799.09,6.39,30.9,40.7,24,-0.5,10.07740262363446,0.6317343242196252,-0.2863357123758007,-0.24253562503633297,-0.38247699690112374,-0.3480240402480698
SAU,Saudi Arabia,2017,23799.09,6.39,30.9,36.2,24,-0.5,10.07740262363446,0.6317343242196252,-0.2863357123758007,-0.24253562503633297,-0.38247699690112374,-0.6253749578011363
SAU,Saudi Arabia,2017,23799.09,6.39,30.9,49.2,24,-0.5,10.07740262363446,0.6317343242196252,-0.2863357123758007,-0.24253562503633297,-0.38247699690112374,0.17586102624105585
SAU,Saudi Arabia,2017,23799.09,6.39,36.1,40.7,24,-0.5,10.07740262363446,0.6317343242196252,-0.2863357123758007,-0.24253562503633297,0.33106535560515793,-0.3480240402480698
SAU,Saudi Arabia,2017,23799.09,6.39,36.1,36.2,24,-0.5,10.07740262363446,0.6317343242196252,-0.2863357123758007,-0.24253562503633297,0.33106535560515793,-0.6253749578011363
SAU,Saudi Arabia,2017,23799.09,6.39,36.1,49.2,24,-0.5,10.07740262363446,0.6317343242196252,-0.2863357123758007,-0.24253562503633297,0.33106535560515793,0.17586102624105585
SAU,Saudi Arabia,2018,23899.32,6.43,34.1,49.4,24,0.5,10.081605285631994,0.635323200337036,-0.2741135941234864,0.24253562503633297,0.0566259892565882,0.18818773368785854
SAU,Saudi Arabia,2018,23899.32,6.43,34.1,40.9,24,0.5,10.081605285631994,0.635323200337036,-0.2741135941234864,0.24253562503633297,0.0566259892565882,-0.3356973328012671
SAU,Saudi Arabia,2018,23899.32,6.43,34.1,36.6,24,0.5,10.081605285631994,0.635323200337036,-0.2741135941234864,0.24253562503633297,0.0566259892565882,-0.6007215429075305
SAU,Saudi Arabia,2018,23899.32,6.43,36.2,49.4,24,0.5,10.081605285631994,0.635323200337036,-0.2741135941234864,0.24253562503633297,0.3447873239225866,0.18818773368785854
SAU,Saudi Arabia,2018,23899.32,6.43,36.2,40.9,24,0.5,10.081605285631994,0.635323200337036,-0.2741135941234864,0.24253562503633297,0.3447873239225866,-0.3356973328012671
SAU,Saudi Arabia,2018,23899.32,6.43,36.2,36.6,24,0.5,10.081605285631994,0.635323200337036,-0.2741135941234864,0.24253562503633297,0.3447873239225866,-0.6007215429075305
SAU,Saudi Arabia,2018,23899.32,6.43,30.5,49.4,24,0.5,10.081605285631994,0.635323200337036,-0.2741135941234864,0.24253562503633297,-0.43736487017083747,0.18818773368785854
SAU,Saudi Arabia,2018,23899.32,6.43,30.5,40.9,24,0.5,10.081605285631994,0.635323200337036,-0.2741135941234864,0.24253562503633297,-0.43736487017083747,-0.3356973328012671
SAU,Saudi Arabia,2018,23899.32,6.43,30.5,36.6,24,0.5,10.081605285631994,0.635323200337036,-0.2741135941234864,0.24253562503633297,-0.43736487017083747,-0.6007215429075305
SAU,Saudi Arabia,2019,23425.45,6.53,36.3,37.0,24,1.5,10.061578317167573,0.6182211091224004,-0.24355829849270066,0.7276068751089989,0.3585092922400143,-0.5760681280139247
SAU,Saudi Arabia,2019,23425.45,6.53,36.3,41.2,24,1.5,10.061578317167573,0.6182211091224004,-0.24355829849270066,0.7276068751089989,0.3585092922400143,-0.31720727163106244
SAU,Saudi Arabia,2019,23425.45,6.53,36.3,49.5,24,1.5,10.061578317167573,0.6182211091224004,-0.24355829849270066,0.7276068751089989,0.3585092922400143,0.19435108741126012
SAU,Saudi Arabia,2019,23425.45,6.53,30.2,37.0,24,1.5,10.061578317167573,0.6182211091224004,-0.24355829849270066,0.7276068751089989,-0.47853077512312303,-0.5760681280139247
SAU,Saudi Arabia,2019,23425.45,6.53,30.2,41.2,24,1.5,10.061578317167573,0.6182211091224004,-0.24355829849270066,0.7276068751089989,-0.47853077512312303,-0.31720727163106244
SAU,Saudi Arabia,2019,23425.45,6.53,30.2,49.5,24,1.5,10.061578317167573,0.6182211091224004,-0.24355829849270066,0.7276068751089989,-0.47853077512312303,0.19435108741126012
SAU,Saudi Arabia,2019,23425.45,6.53,34.0,37.0,24,1.5,10.061578317167573,0.6182211091224004,-0.24355829849270066,0.7276068751089989,0.042904020939159515,-0.5760681280139247
SAU,Saudi Arabia,2019,23425.45,6.53,34.0,41.2,24,1.5,10.061578317167573,0.6182211091224004,-0.24355829849270066,0.7276068751089989,0.042904020939159515,-0.31720727163106244
SAU,Saudi Arabia,2019,23425.45,6.53,34.0,49.5,24,1.5,10.061578317167573,0.6182211091224004,-0.24355829849270066,0.7276068751089989,0.042904020939159515,0.19435108741126012
SAU,Saudi Arabia,2020,23216.92,6.38,,,24,2.5,10.052636602181673,0.6105853041539245,-0.28939124193887916,1.212678125181665,,
SAU,Saudi Arabia,2021,23253.66,6.47,,,24,3.5,10.054217817981215,0.6119355882411954,-0.2618914758711722,1.697749375254331,,
SAU,Saudi Arabia,2022,22816.42,6.49,,,24,4.5,10.035235731179236,0.5957257769305975,-0.2557804167450149,2.182820625326997,,
SAU,Saudi Arabia,2023,23365.5,6.53,,,24,5.5,10.05901585443477,0.6160328862034724,-0.24355829849270066,2.6678918753996625,,
SAU,Saudi Arabia,2024,22588.64,6.41,,,24,6.5,10.025202404019813,0.5871577863946572,-0.2802246532496434,3.1529631254723287,,
THA,Thailand,2015,7178.04,3.81,27.9,34.5,25,-2.5,8.878781644274918,-0.39183174156811806,-1.0746623396500692,-1.212678125181665,-0.7941360464239783,-0.7301519710989617
THA,Thailand,2015,7178.04,3.81,27.9,42.6,25,-2.5,8.878781644274918,-0.39183174156811806,-1.0746623396500692,-1.212678125181665,-0.7941360464239783,-0.2309203195034418
THA,Thailand,2015,7178.04,3.81,27.9,50.1,25,-2.5,8.878781644274918,-0.39183174156811806,-1.0746623396500692,-1.212678125181665,-0.7941360464239783,0.23133120975166907
THA,Thailand,2015,7178.04,3.81,28.3,34.5,25,-2.5,8.878781644274918,-0.39183174156811806,-1.0746623396500692,-1.212678125181665,-0.739248173154264,-0.7301519710989617
THA,Thailand,2015,7178.04,3.81,28.3,42.6,25,-2.5,8.878781644274918,-0.39183174156811806,-1.0746623396500692,-1.212678125181665,-0.739248173154264,-0.2309203195034418
THA,Thailand,2015,7178.04,3.81,28.3,50.1,25,-2.5,8.878781644274918,-0.39183174156811806,-1.0746623396500692,-1.212678125181665,-0.739248173154264,0.23133120975166907
THA,Thailand,2015,7178.04,3.81,28.6,34.5,25,-2.5,8.878781644274918,-0.39183174156811806,-1.0746623396500692,-1.212678125181665,-0.6980822682019785,-0.7301519710989617
THA,Thailand,2015,7178.04,3.81,28.6,42.6,25,-2.5,8.878781644274918,-0.39183174156811806,-1.0746623396500692,-1.212678125181665,-0.6980822682019785,-0.2309203195034418
THA,Thailand,2015,7178.04,3.81,28.6,50.1,25,-2.5,8.878781644274918,-0.39183174156811806,-1.0746623396500692,-1.212678125181665,-0.6980822682019785,0.23133120975166907
THA,Thailand,2016,7367.97,3.76,28.7,35.2,25,-1.5,8.904897506265616,-0.369530021030273,-1.089939987465462,-0.7276068751089989,-0.6843602998845504,-0.6870084950351512
THA,Thailand,2016,7367.97,3.76,28.7,50.4,25,-1.5,8.904897506265616,-0.369530021030273,-1.089939987465462,-0.7276068751089989,-0.6843602998845504,0.24982127092187334
THA,Thailand,2016,7367.97,3.76,28.7,43.1,25,-1.5,8.904897506265616,-0.369530021030273,-1.089939987465462,-0.7276068751089989,-0.6843602998845504,-0.20010355088643442
THA,Thailand,2016,7367.97,3.76,28.2,35.2,25,-1.5,8.904897506265616,-0.369530021030273,-1.089939987465462,-0.7276068751089989,-0.7529701414716927,-0.6870084950351512
THA,Thailand,2016,7367.97,3.76,28.2,50.4,25,-1.5,8.904897506265616,-0.369530021030273,-1.089939987465462,-0.7276068751089989,-0.7529701414716927,0.24982127092187334
THA,Thailand,2016,7367.97,3.76,28.2,43.1,25,-1.5,8.904897506265616,-0.369530021030273,-1.089939987465462,-0.7276068751089989,-0.7529701414716927,-0.20010355088643442
THA,Thailand,2016,7367.97,3.76,28.5,35.2,25,-1.5,8.904897506265616,-0.369530021030273,-1.089939987465462,-0.7276068751089989,-0.7118042365194072,-0.6870084950351512
THA,Thailand,2016,7367.97,3.76,28.5,50.4,25,-1.5,8.904897506265616,-0.369530021030273,-1.089939987465462,-0.7276068751089989,-0.7118042365194072,0.24982127092187334
THA,Thailand,2016,7367.97,3.76,28.5,43.1,25,-1.5,8.904897506265616,-0.369530021030273,-1.089939987465462,-0.7276068751089989,-0.7118042365194072,-0.20010355088643442
THA,Thailand,2017,7230.0,3.86,28.8,35.8,25,-0.5,8.88599431515281,-0.3856724591248462,-1.0593846918346765,-0.24253562503633297,-0.6706383315671216,-0.6500283726947426
THA,Thailand,2017,7230.0,3.86,28.8,50.7,25,-0.5,8.88599431515281,-0.3856724591248462,-1.0593846918346765,-0.24253562503633297,-0.6706383315671216,0.268311332092078
THA,Thailand,2017,7230.0,3.86,28.8,43.5,25,-0.5,8.88599431515281,-0.3856724591248462,-1.0593846918346765,-0.24253562503633297,-0.6706383315671216,-0.17545013599282858
THA,Thailand,2017,7230.0,3.86,28.5,35.8,25,-0.5,8.88599431515281,-0.3856724591248462,-1.0593846918346765,-0.24253562503633297,-0.7118042365194072,-0.6500283726947426
THA,Thailand,2017,7230.0,3.86,28.5,50.7,25,-0.5,8.88599431515281,-0.3856724591248462,-1.0593846918346765,-0.24253562503633297,-0.7118042365194072,0.268311332092078
THA,Thailand,2017,7230.0,3.86,28.5,43.5,25,-0.5,8.88599431515281,-0.3856724591248462,-1.0593846918346765,-0.24253562503633297,-0.7118042365194072,-0.17545013599282858
THA,Thailand,2017,7230.0,3.86,28.7,35.8,25,-0.5,8.88599431515281,-0.3856724591248462,-1.0593846918346765,-0.24253562503633297,-0.6843602998845504,-0.6500283726947426
THA,Thailand,2017,7230.0,3.86,28.7,50.7,25,-0.5,8.88599431515281,-0.3856724591248462,-1.0593846918346765,-0.24253562503633297,-0.6843602998845504,0.268311332092078
THA,Thailand,2017,7230.0,3.86,28.7,43.5,25,-0.5,8.88599431515281,-0.3856724591248462,-1.0593846918346765,-0.24253562503633297,-0.6843602998845504,-0.17545013599282858
THA,Thailand,2018,7164.92,3.78,28.8,36.4,25,0.5,8.87695217481264,-0.3933940226329657,-1.083828928339305,0.24253562503633297,-0.6706383315671216,-0.6130482503543336
THA,Thailand,2018,7164.92,3.78,28.8,50.9,25,0.5,8.87695217481264,-0.3933940226329657,-1.083828928339305,0.24253562503633297,-0.6706383315671216,0.2806380395388807
THA,Thailand,2018,7164.92,3.78,28.8,44.0,25,0.5,8.87695217481264,-0.3933940226329657,-1.083828928339305,0.24253562503633297,-0.6706383315671216,-0.1446333673758212
THA,Thailand,2018,7164.92,3.78,29.0,36.4,25,0.5,8.87695217481264,-0.3933940226329657,-1.083828928339305,0.24253562503633297,-0.6431943949322648,-0.6130482503543336
THA,Thailand,2018,7164.92,3.78,29.0,50.9,25,0.5,8.87695217481264,-0.3933940226329657,-1.083828928339305,0.24253562503633297,-0.6431943949322648,0.2806380395388807
THA,Thailand,2018,7164.92,3.78,29.0,44.0,25,0.5,8.87695217481264,-0.3933940226329657,-1.083828928339305,0.24253562503633297,-0.6431943949322648,-0.1446333673758212
THA,Thailand,2018,7164.92,3.78,29.0,36.4,25,0.5,8.87695217481264,-0.3933940226329657,-1.083828928339305,0.24253562503633297,-0.6431943949322648,-0.6130482503543336
THA,Thailand,2018,7164.92,3.78,29.0,50.9,25,0.5,8.87695217481264,-0.3933940226329657,-1.083828928339305,0.24253562503633297,-0.6431943949322648,0.2806380395388807
THA,Thailand,2018,7164.92,3.78,29.0,44.0,25,0.5,8.87695217481264,-0.3933940226329657,-1.083828928339305,0.24253562503633297,-0.6431943949322648,-0.1446333673758212
THA,Thailand,2019,7325.13,3.85,29.1,44.4,25,1.5,8.899066181168058,-0.37450969900289316,-1.062440221397755,0.7276068751089989,-0.629472426614836,-0.11997995248221537
THA,Thailand,2019,7325.13,3.85,29.1,37.0,25,1.5,8.899066181168058,-0.37450969900289316,-1.062440221397755,0.7276068751089989,-0.629472426614836,-0.5760681280139247
THA,Thailand,2019,7325.13,3.85,29.1,51.2,25,1.5,8.899066181168058,-0.37450969900289316,-1.062440221397755,0.7276068751089989,-0.629472426614836,0.2991281007090854
THA,Thailand,2019,7325.13,3.85,29.2,44.4,25,1.5,8.899066181168058,-0.37450969900289316,-1.062440221397755,0.7276068751089989,-0.6157504582974079,-0.11997995248221537
THA,Thailand,2019,7325.13,3.85,29.2,37.0,25,1.5,8.899066181168058,-0.37450969900289316,-1.062440221397755,0.7276068751089989,-0.6157504582974079,-0.5760681280139247
THA,Thailand,2019,7325.13,3.85,29.2,51.2,25,1.5,8.899066181168058,-0.37450969900289316,-1.062440221397755,0.7276068751089989,-0.6157504582974079,0.2991281007090854
THA,Thailand,2019,7325.13,3.85,29.2,44.4,25,1.5,8.899066181168058,-0.37450969900289316,-1.062440221397755,0.7276068751089989,-0.6157504582974079,-0.11997995248221537
THA,Thailand,2019,7325.13,3.85,29.2,37.0,25,1.5,8.899066181168058,-0.37450969900289316,-1.062440221397755,0.7276068751089989,-0.6157504582974079,-0.5760681280139247
THA,Thailand,2019,7325.13,3.85,29.2,51.2,25,1.5,8.899066181168058,-0.37450969900289316,-1.062440221397755,0.7276068751089989,-0.6157504582974079,0.2991281007090854
THA,Thailand,2020,7321.65,3.87,,,25,2.5,8.898590991390442,-0.37491548877259706,-1.0563291622715978,1.212678125181665,,
THA,Thailand,2021,7467.38,3.86,,,25,3.5,8.918299480326061,-0.3580853641294997,-1.0593846918346765,1.697749375254331,,
THA,Thailand,2022,7447.79,3.92,,,25,4.5,8.91567262307068,-0.36032857694871195,-1.0410515144562051,2.182820625326997,,
THA,Thailand,2023,7362.46,3.76,,,25,5.5,8.904149395007902,-0.37016887293593453,-1.089939987465462,2.6678918753996625,,
THA,Thailand,2024,7647.01,3.82,,,25,6.5,8.942070000745737,-0.337786455227792,-1.0716068100869909,3.1529631254723287,,
TUR,Turkiye,2015,9861.86,4.34,30.7,49.6,26,-2.5,9.19643007077984,-0.12057489238878974,-0.9127192728069056,-1.212678125181665,-0.40992093353598064,0.2005144411346617
TUR,Turkiye,2015,9861.86,4.34,30.7,58.1,26,-2.5,9.19643007077984,-0.12057489238878974,-0.9127192728069056,-1.212678125181665,-0.40992093353598064,0.7243995076237874
TUR,Turkiye,2015,9861.86,4.34,30.7,64.5,26,-2.5,9.19643007077984,-0.12057489238878974,-0.9127192728069056,-1.212678125181665,-0.40992093353598064,1.1188541459214818
TUR,Turkiye,2015,9861.86,4.34,33.7,49.6,26,-2.5,9.19643007077984,-0.12057489238878974,-0.9127192728069056,-1.212678125181665,0.001738115986874449,0.2005144411346617
TUR,Turkiye,2015,9861.86,4.34,33.7,58.1,26,-2.5,9.19643007077984,-0.12057489238878974,-0.9127192728069056,-1.212678125181665,0.001738115986874449,0.7243995076237874
TUR,Turkiye,2015,9861.86,4.34,33.7,64.5,26,-2.5,9.19643007077984,-0.12057489238878974,-0.9127192728069056,-1.212678125181665,0.001738115986874449,1.1188541459214818
TUR,Turkiye,2015,9861.86,4.34,36.3,49.6,26,-2.5,9.19643007077984,-0.12057489238878974,-0.9127192728069056,-1.212678125181665,0.3585092922400143,0.2005144411346617
TUR,Turkiye,2015,9861.86,4.34,36.3,58.1,26,-2.5,9.19643007077984,-0.12057489238878974,-0.9127192728069056,-1.212678125181665,0.3585092922400143,0.7243995076237874
TUR,Turkiye,2015,9861.86,4.34,36.3,64.5,26,-2.5,9.19643007077984,-0.12057489238878974,-0.9127192728069056,-1.212678125181665,0.3585092922400143,1.1188541459214818
TUR,Turkiye,2016,9493.86,4.24,33.5,50.0,26,-1.5,9.158400552847072,-0.15305031600021982,-0.9432745684376911,-0.7276068751089989,-0.02570582064798291,0.2251678560282675
TUR,Turkiye,2016,9493.86,4.24,33.5,58.2,26,-1.5,9.158400552847072,-0.15305031600021982,-0.9432745684376911,-0.7276068751089989,-0.02570582064798291,0.730562861347189
TUR,Turkiye,2016,9493.86,4.24,33.5,64.5,26,-1.5,9.158400552847072,-0.15305031600021982,-0.9432745684376911,-0.7276068751089989,-0.02570582064798291,1.1188541459214818
TUR,Turkiye,2016,9493.86,4.24,30.7,50.0,26,-1.5,9.158400552847072,-0.15305031600021982,-0.9432745684376911,-0.7276068751089989,-0.40992093353598064,0.2251678560282675
TUR,Turkiye,2016,9493.86,4.24,30.7,58.2,26,-1.5,9.158400552847072,-0.15305031600021982,-0.9432745684376911,-0.7276068751089989,-0.40992093353598064,0.730562861347189
TUR,Turkiye,2016,9493.86,4.24,30.7,64.5,26,-1.5,9.158400552847072,-0.15305031600021982,-0.9432745684376911,-0.7276068751089989,-0.40992093353598064,1.1188541459214818
TUR,Turkiye,2016,9493.86,4.24,35.8,50.0,26,-1.5,9.158400552847072,-0.15305031600021982,-0.9432745684376911,-0.7276068751089989,0.28989945065287187,0.2251678560282675
TUR,Turkiye,2016,9493.86,4.24,35.8,58.2,26,-1.5,9.158400552847072,-0.15305031600021982,-0.9432745684376911,-0.7276068751089989,0.28989945065287187,0.730562861347189
TUR,Turkiye,2016,9493.86,4.24,35.8,64.5,26,-1.5,9.158400552847072,-0.15305031600021982,-0.9432745684376911,-0.7276068751089989,0.28989945065287187,1.1188541459214818
TUR,Turkiye,2017,9094.81,4.29,30.8,50.2,26,-0.5,9.115459200134781,-0.18972021600381261,-0.9279969206222983,-0.24253562503633297,-0.3961989652185519,0.23749456347507064
TUR,Turkiye,2017,9094.81,4.29,30.8,64.2,26,-0.5,9.115459200134781,-0.18972021600381261,-0.9279969206222983,-0.24253562503633297,-0.3961989652185519,1.1003640847512777
TUR,Turkiye,2017,9094.81,4.29,30.8,58.1,26,-0.5,9.115459200134781,-0.18972021600381261,-0.9279969206222983,-0.24253562503633297,-0.3961989652185519,0.7243995076237874
TUR,Turkiye,2017,9094.81,4.29,35.3,50.2,26,-0.5,9.115459200134781,-0.18972021600381261,-0.9279969206222983,-0.24253562503633297,0.22128960906572945,0.23749456347507064
TUR,Turkiye,2017,9094.81,4.29,35.3,64.2,26,-0.5,9.115459200134781,-0.18972021600381261,-0.9279969206222983,-0.24253562503633297,0.22128960906572945,1.1003640847512777
TUR,Turkiye,2017,9094.81,4.29,35.3,58.1,26,-0.5,9.115459200134781,-0.18972021600381261,-0.9279969206222983,-0.24253562503633297,0.22128960906572945,0.7243995076237874
TUR,Turkiye,2017,9094.81,4.29,33.2,50.2,26,-0.5,9.115459200134781,-0.18972021600381261,-0.9279969206222983,-0.24253562503633297,-0.06687172560026798,0.23749456347507064
TUR,Turkiye,2017,9094.81,4.29,33.2,64.2,26,-0.5,9.115459200134781,-0.18972021600381261,-0.9279969206222983,-0.24253562503633297,-0.06687172560026798,1.1003640847512777
TUR,Turkiye,2017,9094.81,4.29,33.2,58.1,26,-0.5,9.115459200134781,-0.18972021600381261,-0.9279969206222983,-0.24253562503633297,-0.06687172560026798,0.7243995076237874
TUR,Turkiye,2018,10160.72,4.33,33.0,58.0,26,0.5,9.226284584763318,-0.09508053850187374,-0.9157748023699841,0.24253562503633297,-0.09431566223512534,0.7182361539003858
TUR,Turkiye,2018,10160.72,4.33,33.0,50.4,26,0.5,9.226284584763318,-0.09508053850187374,-0.9157748023699841,0.24253562503633297,-0.09431566223512534,0.24982127092187334
TUR,Turkiye,2018,10160.72,4.33,33.0,64.0,26,0.5,9.226284584763318,-0.09508053850187374,-0.9157748023699841,0.24253562503633297,-0.09431566223512534,1.0880373773044745
TUR,Turkiye,2018,10160.72,4.33,30.8,58.0,26,0.5,9.226284584763318,-0.09508053850187374,-0.9157748023699841,0.24253562503633297,-0.3961989652185519,0.7182361539003858
TUR,Turkiye,2018,10160.72,4.33,30.8,50.4,26,0.5,9.226284584763318,-0.09508053850187374,-0.9157748023699841,0.24253562503633297,-0.3961989652185519,0.24982127092187334
TUR,Turkiye,2018,10160.72,4.33,30.8,64.0,26,0.5,9.226284584763318,-0.09508053850187374,-0.9157748023699841,0.24253562503633297,-0.3961989652185519,1.0880373773044745
TUR,Turkiye,2018,10160.72,4.33,34.8,58.0,26,0.5,9.226284584763318,-0.09508053850187374,-0.9157748023699841,0.24253562503633297,0.15267976747858703,0.7182361539003858
TUR,Turkiye,2018,10160.72,4.33,34.8,50.4,26,0.5,9.226284584763318,-0.09508053850187374,-0.9157748023699841,0.24253562503633297,0.15267976747858703,0.24982127092187334
TUR,Turkiye,2018,10160.72,4.33,34.8,64.0,26,0.5,9.226284584763318,-0.09508053850187374,-0.9157748023699841,0.24253562503633297,0.15267976747858703,1.0880373773044745
TUR,Turkiye,2019,9620.56,4.34,34.4,63.8,26,1.5,9.171657754023707,-0.14172928834811227,-0.9127192728069056,0.7276068751089989,0.09779189420887327,1.0757106698576713
TUR,Turkiye,2019,9620.56,4.34,34.4,57.9,26,1.5,9.171657754023707,-0.14172928834811227,-0.9127192728069056,0.7276068751089989,0.09779189420887327,0.7120728001769842
TUR,Turkiye,2019,9620.56,4.34,34.4,50.6,26,1.5,9.171657754023707,-0.14172928834811227,-0.9127192728069056,0.7276068751089989,0.09779189420887327,0.2621479783686765
TUR,Turkiye,2019,9620.56,4.34,32.8,63.8,26,1.5,9.171657754023707,-0.14172928834811227,-0.9127192728069056,0.7276068751089989,-0.12175959886998271,1.0757106698576713
TUR,Turkiye,2019,9620.56,4.34,32.8,57.9,26,1.5,9.171657754023707,-0.14172928834811227,-0.9127192728069056,0.7276068751089989,-0.12175959886998271,0.7120728001769842
TUR,Turkiye,2019,9620.56,4.34,32.8,50.6,26,1.5,9.171657754023707,-0.14172928834811227,-0.9127192728069056,0.7276068751089989,-0.12175959886998271,0.2621479783686765
TUR,Turkiye,2019,9620.56,4.34,30.8,63.8,26,1.5,9.171657754023707,-0.14172928834811227,-0.9127192728069056,0.7276068751089989,-0.3961989652185519,1.0757106698576713
TUR,Turkiye,2019,9620.56,4.34,30.8,57.9,26,1.5,9.171657754023707,-0.14172928834811227,-0.9127192728069056,0.7276068751089989,-0.3961989652185519,0.7120728001769842
TUR,Turkiye,2019,9620.56,4.34,30.8,50.6,26,1.5,9.171657754023707,-0.14172928834811227,-0.9127192728069056,0.7276068751089989,-0.3961989652185519,0.2621479783686765
TUR,Turkiye,2020,9460.3,4.31,,,26,2.5,9.154859374016667,-0.15607431653592307,-0.9218858614961414,1.212678125181665,,
TUR,Turkiye,2021,9811.1,4.32,,,26,3.5,9.19126967675236,-0.1249816267139686,-0.9188303319330626,1.697749375254331,,
TUR,Turkiye,2022,9975.83,4.35,,,26,4.5,9.20792044631652,-0.11076265091710544,-0.9096637432438271,2.182820625326997,,
TUR,Turkiye,2023,9984.32,4.31,,,26,5.5,9.208771141377628,-0.11003619725754278,-0.9218858614961414,2.6678918753996625,,
TUR,Turkiye,2024,10060.38,4.41,,,26,6.5,9.216360216300176,-0.1035554834245586,-0.8913305658653556,3.1529631254723287,,
USA,United States,2015,64759.68,16.59,29.4,71.8,27,-2.5,11.078438466457559,1.4865719559607644,2.8303044419643317,-1.212678125181665,-0.588306521662551,1.5687789677297896
USA,United States,2015,64759.68,16.59,29.4,68.3,27,-2.5,11.078438466457559,1.4865719559607644,2.8303044419643317,-1.212678125181665,-0.588306521662551,1.353061587410738
USA,United States,2015,64759.68,16.59,29.4,75.9,27,-2.5,11.078438466457559,1.4865719559607644,2.8303044419643317,-1.212678125181665,-0.588306521662551,1.8214764703892508
USA,United States,2015,64759.68,16.59,33.8,71.8,27,-2.5,11.078438466457559,1.4865719559607644,2.8303044419643317,-1.212678125181665,0.015460084304302155,1.5687789677297896
USA,United States,2015,64759.68,16.59,33.8,68.3,27,-2.5,11.078438466457559,1.4865719559607644,2.8303044419643317,-1.212678125181665,0.015460084304302155,1.353061587410738
USA,United States,2015,64759.68,16.59,33.8,75.9,27,-2.5,11.078438466457559,1.4865719559607644,2.8303044419643317,-1.212678125181665,0.015460084304302155,1.8214764703892508
USA,United States,2015,64759.68,16.59,31.6,71.8,27,-2.5,11.078438466457559,1.4865719559607644,2.8303044419643317,-1.212678125181665,-0.28642321867912396,1.5687789677297896
USA,United States,2015,64759.68,16.59,31.6,68.3,27,-2.5,11.078438466457559,1.4865719559607644,2.8303044419643317,-1.212678125181665,-0.28642321867912396,1.353061587410738
USA,United States,2015,64759.68,16.59,31.6,75.9,27,-2.5,11.078438466457559,1.4865719559607644,2.8303044419643317,-1.212678125181665,-0.28642321867912396,1.8214764703892508
USA,United States,2016,66805.97,16.69,33.8,71.3,27,-1.5,11.109547726788849,1.5131378043441952,2.860859737595118,-0.7276068751089989,0.015460084304302155,1.5379621991127823
USA,United States,2016,66805.97,16.69,33.8,75.4,27,-1.5,11.109547726788849,1.5131378043441952,2.860859737595118,-0.7276068751089989,0.015460084304302155,1.7906597017722434
USA,United States,2016,66805.97,16.69,33.8,67.9,27,-1.5,11.109547726788849,1.5131378043441952,2.860859737595118,-0.7276068751089989,0.015460084304302155,1.3284081725171324
USA,United States,2016,66805.97,16.69,31.6,71.3,27,-1.5,11.109547726788849,1.5131378043441952,2.860859737595118,-0.7276068751089989,-0.28642321867912396,1.5379621991127823
USA,United States,2016,66805.97,16.69,31.6,75.4,27,-1.5,11.109547726788849,1.5131378043441952,2.860859737595118,-0.7276068751089989,-0.28642321867912396,1.7906597017722434
USA,United States,2016,66805.97,16.69,31.6,67.9,27,-1.5,11.109547726788849,1.5131378043441952,2.860859737595118,-0.7276068751089989,-0.28642321867912396,1.3284081725171324
USA,United States,2016,66805.97,16.69,29.3,71.3,27,-1.5,11.109547726788849,1.5131378043441952,2.860859737595118,-0.7276068751089989,-0.6020284899799793,1.5379621991127823
USA,United States,2016,66805.97,16.69,29.3,75.4,27,-1.5,11.109547726788849,1.5131378043441952,2.860859737595118,-0.7276068751089989,-0.6020284899799793,1.7906597017722434
USA,United States,2016,66805.97,16.69,29.3,67.9,27,-1.5,11.109547726788849,1.5131378043441952,2.860859737595118,-0.7276068751089989,-0.6020284899799793,1.3284081725171324
USA,United States,2017,64876.51,16.68,33.9,70.7,27,-0.5,11.080240895727185,1.4881111459700676,2.8578042080320385,-0.24253562503633297,0.029182052621730837,1.5009820767723736
USA,United States,2017,64876.51,16.68,33.9,74.7,27,-0.5,11.080240895727185,1.4881111459700676,2.8578042080320385,-0.24253562503633297,0.029182052621730837,1.747516225708433
USA,United States,2017,64876.51,16.68,33.9,67.4,27,-0.5,11.080240895727185,1.4881111459700676,2.8578042080320385,-0.24253562503633297,0.029182052621730837,1.297591403900125
USA,United States,2017,64876.51,16.68,31.6,70.7,27,-0.5,11.080240895727185,1.4881111459700676,2.8578042080320385,-0.24253562503633297,-0.28642321867912396,1.5009820767723736
USA,United States,2017,64876.51,16.68,31.6,74.7,27,-0.5,11.080240895727185,1.4881111459700676,2.8578042080320385,-0.24253562503633297,-0.28642321867912396,1.747516225708433
USA,United States,2017,64876.51,16.68,31.6,67.4,27,-0.5,11.080240895727185,1.4881111459700676,2.8578042080320385,-0.24253562503633297,-0.28642321867912396,1.297591403900125
USA,United States,2017,64876.51,16.68,29.2,70.7,27,-0.5,11.080240895727185,1.4881111459700676,2.8578042080320385,-0.24253562503633297,-0.6157504582974079,1.5009820767723736
USA,United States,2017,64876.51,16.68,29.2,74.7,27,-0.5,11.080240895727185,1.4881111459700676,2.8578042080320385,-0.24253562503633297,-0.6157504582974079,1.747516225708433
USA,United States,2017,64876.51,16.68,29.2,67.4,27,-0.5,11.080240895727185,1.4881111459700676,2.8578042080320385,-0.24253562503633297,-0.6157504582974079,1.297591403900125
USA,United States,2018,66342.0,16.82,29.1,66.8,27,0.5,11.102578459770458,1.507186377374136,2.900581621915139,0.24253562503633297,-0.629472426614836,1.2606112815597157
USA,United States,2018,66342.0,16.82,29.1,70.1,27,0.5,11.102578459770458,1.507186377374136,2.900581621915139,0.24253562503633297,-0.629472426614836,1.4640019544319642
USA,United States,2018,66342.0,16.82,29.1,74.0,27,0.5,11.102578459770458,1.507186377374136,2.900581621915139,0.24253562503633297,-0.629472426614836,1.7043727496446224
USA,United States,2018,66342.0,16.82,34.0,66.8,27,0.5,11.102578459770458,1.507186377374136,2.900581621915139,0.24253562503633297,0.042904020939159515,1.2606112815597157
USA,United States,2018,66342.0,16.82,34.0,70.1,27,0.5,11.102578459770458,1.507186377374136,2.900581621915139,0.24253562503633297,0.042904020939159515,1.4640019544319642
USA,United States,2018,66342.0,16.82,34.0,74.0,27,0.5,11.102578459770458,1.507186377374136,2.900581621915139,0.24253562503633297,0.042904020939159515,1.7043727496446224
USA,United States,2018,66342.0,16.82,31.6,66.8,27,0.5,11.102578459770458,1.507186377374136,2.900581621915139,0.24253562503633297,-0.28642321867912396,1.2606112815597157
USA,United States,2018,66342.0,16.82,31.6,70.1,27,0.5,11.102578459770458,1.507186377374136,2.900581621915139,0.24253562503633297,-0.28642321867912396,1.4640019544319642
USA,United States,2018,66342.0,16.82,31.6,74.0,27,0.5,11.102578459770458,1.507186377374136,2.900581621915139,0.24253562503633297,-0.28642321867912396,1.7043727496446224
USA,United States,2019,66403.22,16.85,34.1,73.3,27,1.5,11.103500828264634,1.507974036781946,2.909748210604375,0.7276068751089989,0.0566259892565882,1.6612292735808118
USA,United States,2019,66403.22,16.85,34.1,66.3,27,1.5,11.103500828264634,1.507974036781946,2.909748210604375,0.7276068751089989,0.0566259892565882,1.2297945129427084
USA,United States,2019,66403.22,16.85,34.1,69.5,27,1.5,11.103500828264634,1.507974036781946,2.909748210604375,0.7276068751089989,0.0566259892565882,1.4270218320915558
USA,United States,2019,66403.22,16.85,31.6,73.3,27,1.5,11.103500828264634,1.507974036781946,2.909748210604375,0.7276068751089989,-0.28642321867912396,1.6612292735808118
USA,United States,2019,66403.22,16.85,31.6,66.3,27,1.5,11.103500828264634,1.507974036781946,2.909748210604375,0.7276068751089989,-0.28642321867912396,1.2297945129427084
USA,United States,2019,66403.22,16.85,31.6,69.5,27,1.5,11.103500828264634,1.507974036781946,2.909748210604375,0.7276068751089989,-0.28642321867912396,1.4270218320915558
USA,United States,2019,66403.22,16.85,29.0,73.3,27,1.5,11.103500828264634,1.507974036781946,2.909748210604375,0.7276068751089989,-0.6431943949322648,1.6612292735808118
USA,United States,2019,66403.22,16.85,29.0,66.3,27,1.5,11.103500828264634,1.507974036781946,2.909748210604375,0.7276068751089989,-0.6431943949322648,1.2297945129427084
USA,United States,2019,66403.22,16.85,29.0,69.5,27,1.5,11.103500828264634,1.507974036781946,2.909748210604375,0.7276068751089989,-0.6431943949322648,1.4270218320915558
USA,United States,2020,68867.48,16.72,,,27,2.5,11.1399393571912,1.539090830446267,2.8700263262843526,1.212678125181665,,
USA,United States,2021,65634.08,16.68,,,27,3.5,11.091850352227562,1.4980250769963495,2.8578042080320385,1.697749375254331,,
USA,United States,2022,67317.44,17.02,,,27,4.5,11.11717462024954,1.5196508134339513,2.96169221317671,2.182820625326997,,
USA,United States,2023,66585.2,16.71,,,27,5.5,11.106237609611242,1.5103111196163923,2.8669707967212745,2.6678918753996625,,
USA,United States,2024,65878.17,16.98,,,27,6.5,11.09556240612799,1.5011949968227842,2.9494700949243957,3.1529631254723287,,
VNM,Viet Nam,2015,3707.98,5.57,25.6,26.8,28,-2.5,8.218242532927942,-0.9559011439421852,-0.5368891365482424,-1.212678125181665,-1.1097413177248332,-1.2047302078008755
VNM,Viet Nam,2015,3707.98,5.57,25.6,31.7,28,-2.5,8.218242532927942,-0.9559011439421852,-0.5368891365482424,-1.212678125181665,-1.1097413177248332,-0.9027258753542031
VNM,Viet Nam,2015,3707.98,5.57,25.6,22.9,28,-2.5,8.218242532927942,-0.9559011439421852,-0.5368891365482424,-1.212678125181665,-1.1097413177248332,-1.4451010030135332
VNM,Viet Nam,2015,3707.98,5.57,29.1,26.8,28,-2.5,8.218242532927942,-0.9559011439421852,-0.5368891365482424,-1.212678125181665,-0.629472426614836,-1.2047302078008755
VNM,Viet Nam,2015,3707.98,5.57,29.1,31.7,28,-2.5,8.218242532927942,-0.9559011439421852,-0.5368891365482424,-1.212678125181665,-0.629472426614836,-0.9027258753542031
VNM,Viet Nam,2015,3707.98,5.57,29.1,22.9,28,-2.5,8.218242532927942,-0.9559011439421852,-0.5368891365482424,-1.212678125181665,-0.629472426614836,-1.4451010030135332
VNM,Viet Nam,2015,3707.98,5.57,32.6,26.8,28,-2.5,8.218242532927942,-0.9559011439421852,-0.5368891365482424,-1.212678125181665,-0.14920353550483909,-1.2047302078008755
VNM,Viet Nam,2015,3707.98,5.57,32.6,31.7,28,-2.5,8.218242532927942,-0.9559011439421852,-0.5368891365482424,-1.212678125181665,-0.14920353550483909,-0.9027258753542031
VNM,Viet Nam,2015,3707.98,5.57,32.6,22.9,28,-2.5,8.218242532927942,-0.9559011439421852,-0.5368891365482424,-1.212678125181665,-0.14920353550483909,-1.4451010030135332
VNM,Viet Nam,2016,3593.77,5.44,32.6,32.3,28,-1.5,8.186957069747566,-0.9826174612896387,-0.5766110208682638,-0.7276068751089989,-0.14920353550483909,-0.8657457530137943
VNM,Viet Nam,2016,3593.77,5.44,32.6,27.5,28,-1.5,8.186957069747566,-0.9826174612896387,-0.5766110208682638,-0.7276068751089989,-0.14920353550483909,-1.1615867317370652
VNM,Viet Nam,2016,3593.77,5.44,32.6,23.7,28,-1.5,8.186957069747566,-0.9826174612896387,-0.5766110208682638,-0.7276068751089989,-0.14920353550483909,-1.3957941732263213
VNM,Viet Nam,2016,3593.77,5.44,25.8,32.3,28,-1.5,8.186957069747566,-0.9826174612896387,-0.5766110208682638,-0.7276068751089989,-1.0822973810899763,-0.8657457530137943
VNM,Viet Nam,2016,3593.77,5.44,25.8,27.5,28,-1.5,8.186957069747566,-0.9826174612896387,-0.5766110208682638,-0.7276068751089989,-1.0822973810899763,-1.1615867317370652
VNM,Viet Nam,2016,3593.77,5.44,25.8,23.7,28,-1.5,8.186957069747566,-0.9826174612896387,-0.5766110208682638,-0.7276068751089989,-1.0822973810899763,-1.3957941732263213
VNM,Viet Nam,2016,3593.77,5.44,29.2,32.3,28,-1.5,8.186957069747566,-0.9826174612896387,-0.5766110208682638,-0.7276068751089989,-0.6157504582974079,-0.8657457530137943
VNM,Viet Nam,2016,3593.77,5.44,29.2,27.5,28,-1.5,8.186957069747566,-0.9826174612896387,-0.5766110208682638,-0.7276068751089989,-0.6157504582974079,-1.1615867317370652
VNM,Viet Nam,2016,3593.77,5.44,29.2,23.7,28,-1.5,8.186957069747566,-0.9826174612896387,-0.5766110208682638,-0.7276068751089989,-0.6157504582974079,-1.3957941732263213
VNM,Viet Nam,2017,3606.17,5.47,32.7,28.2,28,-0.5,8.190401546301509,-0.9796760399598524,-0.5674444321790283,-0.24253562503633297,-0.13548156718741042,-1.1184432556732549
VNM,Viet Nam,2017,3606.17,5.47,32.7,24.5,28,-0.5,8.190401546301509,-0.9796760399598524,-0.5674444321790283,-0.24253562503633297,-0.13548156718741042,-1.3464873434391094
VNM,Viet Nam,2017,3606.17,5.47,32.7,32.9,28,-0.5,8.190401546301509,-0.9796760399598524,-0.5674444321790283,-0.24253562503633297,-0.13548156718741042,-0.8287656306733854
VNM,Viet Nam,2017,3606.17,5.47,26.0,28.2,28,-0.5,8.190401546301509,-0.9796760399598524,-0.5674444321790283,-0.24253562503633297,-1.0548534444551194,-1.1184432556732549
VNM,Viet Nam,2017,3606.17,5.47,26.0,24.5,28,-0.5,8.190401546301509,-0.9796760399598524,-0.5674444321790283,-0.24253562503633297,-1.0548534444551194,-1.3464873434391094
VNM,Viet Nam,2017,3606.17,5.47,26.0,32.9,28,-0.5,8.190401546301509,-0.9796760399598524,-0.5674444321790283,-0.24253562503633297,-1.0548534444551194,-0.8287656306733854
VNM,Viet Nam,2017,3606.17,5.47,29.4,28.2,28,-0.5,8.190401546301509,-0.9796760399598524,-0.5674444321790283,-0.24253562503633297,-0.588306521662551,-1.1184432556732549
VNM,Viet Nam,2017,3606.17,5.47,29.4,24.5,28,-0.5,8.190401546301509,-0.9796760399598524,-0.5674444321790283,-0.24253562503633297,-0.588306521662551,-1.3464873434391094
VNM,Viet Nam,2017,3606.17,5.47,29.4,32.9,28,-0.5,8.190401546301509,-0.9796760399598524,-0.5674444321790283,-0.24253562503633297,-0.588306521662551,-0.8287656306733854
VNM,Viet Nam,2018,3769.53,5.55,29.5,25.3,28,0.5,8.234705604235288,-0.9418424536480716,-0.5430001956743997,0.24253562503633297,-0.5745845533451224,-1.2971805136518977
VNM,Viet Nam,2018,3769.53,5.55,29.5,28.9,28,0.5,8.234705604235288,-0.9418424536480716,-0.5430001956743997,0.24253562503633297,-0.5745845533451224,-1.0752997796094446
VNM,Viet Nam,2018,3769.53,5.55,29.5,33.5,28,0.5,8.234705604235288,-0.9418424536480716,-0.5430001956743997,0.24253562503633297,-0.5745845533451224,-0.7917855083329765
VNM,Viet Nam,2018,3769.53,5.55,32.8,25.3,28,0.5,8.234705604235288,-0.9418424536480716,-0.5430001956743997,0.24253562503633297,-0.12175959886998271,-1.2971805136518977
VNM,Viet Nam,2018,3769.53,5.55,32.8,28.9,28,0.5,8.234705604235288,-0.9418424536480716,-0.5430001956743997,0.24253562503633297,-0.12175959886998271,-1.0752997796094446
VNM,Viet Nam,2018,3769.53,5.55,32.8,33.5,28,0.5,8.234705604235288,-0.9418424536480716,-0.5430001956743997,0.24253562503633297,-0.12175959886998271,-0.7917855083329765
VNM,Viet Nam,2018,3769.53,5.55,26.2,25.3,28,0.5,8.234705604235288,-0.9418424536480716,-0.5430001956743997,0.24253562503633297,-1.0274095078202625,-1.2971805136518977
VNM,Viet Nam,2018,3769.53,5.55,26.2,28.9,28,0.5,8.234705604235288,-0.9418424536480716,-0.5430001956743997,0.24253562503633297,-1.0274095078202625,-1.0752997796094446
VNM,Viet Nam,2018,3769.53,5.55,26.2,33.5,28,0.5,8.234705604235288,-0.9418424536480716,-0.5430001956743997,0.24253562503633297,-1.0274095078202625,-0.7917855083329765
VNM,Viet Nam,2019,3769.78,5.45,29.7,26.1,28,1.5,8.234771923301645,-0.9417858202777174,-0.5735554913051852,0.7276068751089989,-0.5471406167102655,-1.2478736838646858
VNM,Viet Nam,2019,3769.78,5.45,29.7,34.2,28,1.5,8.234771923301645,-0.9417858202777174,-0.5735554913051852,0.7276068751089989,-0.5471406167102655,-0.7486420322691659
VNM,Viet Nam,2019,3769.78,5.45,29.7,29.6,28,1.5,8.234771923301645,-0.9417858202777174,-0.5735554913051852,0.7276068751089989,-0.5471406167102655,-1.032156303545634
VNM,Viet Nam,2019,3769.78,5.45,32.9,26.1,28,1.5,8.234771923301645,-0.9417858202777174,-0.5735554913051852,0.7276068751089989,-0.10803763055255403,-1.2478736838646858
VNM,Viet Nam,2019,3769.78,5.45,32.9,34.2,28,1.5,8.234771923301645,-0.9417858202777174,-0.5735554913051852,0.7276068751089989,-0.10803763055255403,-0.7486420322691659
VNM,Viet Nam,2019,3769.78,5.45,32.9,29.6,28,1.5,8.234771923301645,-0.9417858202777174,-0.5735554913051852,0.7276068751089989,-0.10803763055255403,-1.032156303545634
VNM,Viet Nam,2019,3769.78,5.45,26.4,26.1,28,1.5,8.234771923301645,-0.9417858202777174,-0.5735554913051852,0.7276068751089989,-0.9999655711854056,-1.2478736838646858
VNM,Viet Nam,2019,3769.78,5.45,26.4,34.2,28,1.5,8.234771923301645,-0.9417858202777174,-0.5735554913051852,0.7276068751089989,-0.9999655711854056,-0.7486420322691659
VNM,Viet Nam,2019,3769.78,5.45,26.4,29.6,28,1.5,8.234771923301645,-0.9417858202777174,-0.5735554913051852,0.7276068751089989,-0.9999655711854056,-1.032156303545634
VNM,Viet Nam,2020,3590.72,5.53,,,28,2.5,8.186108018476501,-0.9833425112296454,-0.5491112548005568,1.212678125181665,,
VNM,Viet Nam,2021,3739.09,5.56,,,28,3.5,8.226597545294535,-0.948766355476985,-0.5399446661113213,1.697749375254331,,
VNM,Viet Nam,2022,3838.28,5.55,,,28,4.5,8.25277962857047,-0.9264080850692734,-0.5430001956743997,2.182820625326997,,
VNM,Viet Nam,2023,3854.92,5.56,,,28,5.5,8.25710553351232,-0.9227139652611367,-0.5399446661113213,2.6678918753996625,,
VNM,Viet Nam,2024,3850.22,5.52,,,28,6.5,8.255885568506383,-0.923755758123959,-0.5521667843636355,3.1529631254723287,,
ZAF,South Africa,2015,6311.61,8.23,43.8,32.8,29,-2.5,8.750146073544567,-0.5016804821793326,0.27588172723065474,-1.212678125181665,1.3876569160471508,-0.834928984396787
ZAF,South Africa,2015,6311.61,8.23,43.8,42.6,29,-2.5,8.750146073544567,-0.5016804821793326,0.27588172723065474,-1.212678125181665,1.3876569160471508,-0.2309203195034418
ZAF,South Africa,2015,6311.61,8.23,43.8,51.0,29,-2.5,8.750146073544567,-0.5016804821793326,0.27588172723065474,-1.212678125181665,1.3876569160471508,0.28680139326228227
ZAF,South Africa,2015,6311.61,8.23,45.0,32.8,29,-2.5,8.750146073544567,-0.5016804821793326,0.27588172723065474,-1.212678125181665,1.552320535856293,-0.834928984396787
ZAF,South Africa,2015,6311.61,8.23,45.0,42.6,29,-2.5,8.750146073544567,-0.5016804821793326,0.27588172723065474,-1.212678125181665,1.552320535856293,-0.2309203195034418
ZAF,South Africa,2015,6311.61,8.23,45.0,51.0,29,-2.5,8.750146073544567,-0.5016804821793326,0.27588172723065474,-1.212678125181665,1.552320535856293,0.28680139326228227
ZAF,South Africa,2015,6311.61,8.23,45.9,32.8,29,-2.5,8.750146073544567,-0.5016804821793326,0.27588172723065474,-1.212678125181665,1.6758182507131492,-0.834928984396787
ZAF,South Africa,2015,6311.61,8.23,45.9,42.6,29,-2.5,8.750146073544567,-0.5016804821793326,0.27588172723065474,-1.212678125181665,1.6758182507131492,-0.2309203195034418
ZAF,South Africa,2015,6311.61,8.23,45.9,51.0,29,-2.5,8.750146073544567,-0.5016804821793326,0.27588172723065474,-1.212678125181665,1.6758182507131492,0.28680139326228227
ZAF,South Africa,2016,6246.11,8.19,43.8,52.0,29,-1.5,8.73971414895916,-0.510588856211117,0.26365960897834023,-0.7276068751089989,1.3876569160471508,0.3484349304962971
ZAF,South Africa,2016,6246.11,8.19,43.8,33.9,29,-1.5,8.73971414895916,-0.510588856211117,0.26365960897834023,-0.7276068751089989,1.3876569160471508,-0.7671320934393706
ZAF,South Africa,2016,6246.11,8.19,43.8,43.6,29,-1.5,8.73971414895916,-0.510588856211117,0.26365960897834023,-0.7276068751089989,1.3876569160471508,-0.16928678226942703
ZAF,South Africa,2016,6246.11,8.19,44.8,52.0,29,-1.5,8.73971414895916,-0.510588856211117,0.26365960897834023,-0.7276068751089989,1.5248765992214357,0.3484349304962971
ZAF,South Africa,2016,6246.11,8.19,44.8,33.9,29,-1.5,8.73971414895916,-0.510588856211117,0.26365960897834023,-0.7276068751089989,1.5248765992214357,-0.7671320934393706
ZAF,South Africa,2016,6246.11,8.19,44.8,43.6,29,-1.5,8.73971414895916,-0.510588856211117,0.26365960897834023,-0.7276068751089989,1.5248765992214357,-0.16928678226942703
ZAF,South Africa,2016,6246.11,8.19,45.5,52.0,29,-1.5,8.73971414895916,-0.510588856211117,0.26365960897834023,-0.7276068751089989,1.6209303774434354,0.3484349304962971
ZAF,South Africa,2016,6246.11,8.19,45.5,33.9,29,-1.5,8.73971414895916,-0.510588856211117,0.26365960897834023,-0.7276068751089989,1.6209303774434354,-0.7671320934393706
ZAF,South Africa,2016,6246.11,8.19,45.5,43.6,29,-1.5,8.73971414895916,-0.510588856211117,0.26365960897834023,-0.7276068751089989,1.6209303774434354,-0.16928678226942703
ZAF,South Africa,2017,6230.1,8.29,45.1,52.9,29,-0.5,8.737147663017042,-0.5127805147619938,0.2942149046091257,-0.24253562503633297,1.5660425041737216,0.4039051140069103
ZAF,South Africa,2017,6230.1,8.29,45.1,44.6,29,-0.5,8.737147663017042,-0.5127805147619938,0.2942149046091257,-0.24253562503633297,1.5660425041737216,-0.10765324503541224
ZAF,South Africa,2017,6230.1,8.29,45.1,35.0,29,-0.5,8.737147663017042,-0.5127805147619938,0.2942149046091257,-0.24253562503633297,1.5660425041737216,-0.6993352024819542
ZAF,South Africa,2017,6230.1,8.29,44.6,52.9,29,-0.5,8.737147663017042,-0.5127805147619938,0.2942149046091257,-0.24253562503633297,1.4974326625865793,0.4039051140069103
ZAF,South Africa,2017,6230.1,8.29,44.6,44.6,29,-0.5,8.737147663017042,-0.5127805147619938,0.2942149046091257,-0.24253562503633297,1.4974326625865793,-0.10765324503541224
ZAF,South Africa,2017,6230.1,8.29,44.6,35.0,29,-0.5,8.737147663017042,-0.5127805147619938,0.2942149046091257,-0.24253562503633297,1.4974326625865793,-0.6993352024819542
ZAF,South Africa,2017,6230.1,8.29,43.8,52.9,29,-0.5,8.737147663017042,-0.5127805147619938,0.2942149046091257,-0.24253562503633297,1.3876569160471508,0.4039051140069103
ZAF,South Africa,2017,6230.1,8.29,43.8,44.6,29,-0.5,8.737147663017042,-0.5127805147619938,0.2942149046091257,-0.24253562503633297,1.3876569160471508,-0.10765324503541224
ZAF,South Africa,2017,6230.1,8.29,43.8,35.0,29,-0.5,8.737147663017042,-0.5127805147619938,0.2942149046091257,-0.24253562503633297,1.3876569160471508,-0.6993352024819542
ZAF,South Africa,2018,6464.25,8.47,44.4,53.8,29,0.5,8.774042275195619,-0.48127424740417696,0.3492144367445403,0.24253562503633297,1.469988725951722,0.4593752975175235
ZAF,South Africa,2018,6464.25,8.47,44.4,45.6,29,0.5,8.774042275195619,-0.48127424740417696,0.3492144367445403,0.24253562503633297,1.469988725951722,-0.046019707801397455
ZAF,South Africa,2018,6464.25,8.47,44.4,36.1,29,0.5,8.774042275195619,-0.48127424740417696,0.3492144367445403,0.24253562503633297,1.469988725951722,-0.6315383115245379
ZAF,South Africa,2018,6464.25,8.47,43.8,53.8,29,0.5,8.774042275195619,-0.48127424740417696,0.3492144367445403,0.24253562503633297,1.3876569160471508,0.4593752975175235
ZAF,South Africa,2018,6464.25,8.47,43.8,45.6,29,0.5,8.774042275195619,-0.48127424740417696,0.3492144367445403,0.24253562503633297,1.3876569160471508,-0.046019707801397455
ZAF,South Africa,2018,6464.25,8.47,43.8,36.1,29,0.5,8.774042275195619,-0.48127424740417696,0.3492144367445403,0.24253562503633297,1.3876569160471508,-0.6315383115245379
ZAF,South Africa,2018,6464.25,8.47,44.7,53.8,29,0.5,8.774042275195619,-0.48127424740417696,0.3492144367445403,0.24253562503633297,1.5111546309040078,0.4593752975175235
ZAF,South Africa,2018,6464.25,8.47,44.7,45.6,29,0.5,8.774042275195619,-0.48127424740417696,0.3492144367445403,0.24253562503633297,1.5111546309040078,-0.046019707801397455
ZAF,South Africa,2018,6464.25,8.47,44.7,36.1,29,0.5,8.774042275195619,-0.48127424740417696,0.3492144367445403,0.24253562503633297,1.5111546309040078,-0.6315383115245379
ZAF,South Africa,2019,6209.85,8.37,43.8,37.2,29,1.5,8.733892020046426,-0.5155606810734696,0.3186591411137542,0.7276068751089989,1.3876569160471508,-0.5637414205671215
ZAF,South Africa,2019,6209.85,8.37,43.8,54.7,29,1.5,8.733892020046426,-0.5155606810734696,0.3186591411137542,0.7276068751089989,1.3876569160471508,0.5148454810281372
ZAF,South Africa,2019,6209.85,8.37,43.8,46.5,29,1.5,8.733892020046426,-0.5155606810734696,0.3186591411137542,0.7276068751089989,1.3876569160471508,0.009450475709215764
ZAF,South Africa,2019,6209.85,8.37,44.1,37.2,29,1.5,8.733892020046426,-0.5155606810734696,0.3186591411137542,0.7276068751089989,1.4288228209994367,-0.5637414205671215
ZAF,South Africa,2019,6209.85,8.37,44.1,54.7,29,1.5,8.733892020046426,-0.5155606810734696,0.3186591411137542,0.7276068751089989,1.4288228209994367,0.5148454810281372
ZAF,South Africa,2019,6209.85,8.37,44.1,46.5,29,1.5,8.733892020046426,-0.5155606810734696,0.3186591411137542,0.7276068751089989,1.4288228209994367,0.009450475709215764
ZAF,South Africa,2019,6209.85,8.37,44.3,37.2,29,1.5,8.733892020046426,-0.5155606810734696,0.3186591411137542,0.7276068751089989,1.4562667576342931,-0.5637414205671215
ZAF,South Africa,2019,6209.85,8.37,44.3,54.7,29,1.5,8.733892020046426,-0.5155606810734696,0.3186591411137542,0.7276068751089989,1.4562667576342931,0.5148454810281372
ZAF,South Africa,2019,6209.85,8.37,44.3,46.5,29,1.5,8.733892020046426,-0.5155606810734696,0.3186591411137542,0.7276068751089989,1.4562667576342931,0.009450475709215764
ZAF,South Africa,2020,6273.89,8.39,,,29,2.5,8.744151855922395,-0.5067992627235215,0.32477020023991177,1.212678125181665,,
ZAF,South Africa,2021,6409.48,8.2,,,29,3.5,8.765533423379118,-0.48854040754000266,0.2667151385414187,1.697749375254331,,
ZAF,South Africa,2022,6563.97,8.31,,,29,4.5,8.789350881815626,-0.4682014157746946,0.30032596373528325,2.182820625326997,,
ZAF,South Africa,2023,6400.73,8.28,,,29,5.5,8.76416732534313,-0.4897069911525497,0.2911593750460472,2.6678918753996625,,
ZAF,South Africa,2024,6406.56,8.42,,,29,6.5,8.76507774439395,-0.48892953600858585,0.33393678892914724,3.1529631254723287,,
